folio,nro,depto,area,suf_disc,victima,inseguridad,prob_disc_logit,prob_disc_rf,y_pred_logit,y_pred_rf
114-002315-A-0061,5.0,Chuquisaca,Urbano,0,0,1,0.4467,0.2303,0,0
114-002315-A-0091,4.0,Chuquisaca,Urbano,0,0,0,0.4452,0.3026,0,0
114-002315-A-0081,1.0,Chuquisaca,Urbano,0,0,0,0.6023,0.3933,1,0
114-002315-A-0071,1.0,Chuquisaca,Urbano,0,0,0,0.6803,0.437,1,0
114-002315-A-0021,3.0,Chuquisaca,Urbano,0,0,1,0.4978,0.3541,0,0
114-002315-A-0041,1.0,Chuquisaca,Urbano,0,0,1,0.6486,0.5538,1,1
114-002315-A-0031,3.0,Chuquisaca,Urbano,0,0,1,0.4211,0.1464,0,0
114-002315-A-0011,5.0,Chuquisaca,Urbano,0,0,0,0.5181,0.2723,1,0
114-002315-A-0141,3.0,Chuquisaca,Urbano,0,1,1,0.4493,0.2209,0,0
114-002315-A-0111,2.0,Chuquisaca,Urbano,1,0,1,0.5106,0.3108,1,0
114-002315-A-0131,3.0,Chuquisaca,Urbano,0,0,0,0.4272,0.2343,0,0
114-002315-A-0121,4.0,Chuquisaca,Urbano,0,0,0,0.4759,0.2524,0,0
113-001399-A-0051,1.0,Chuquisaca,Urbano,0,0,0,0.7659,0.5307,1,1
113-001399-A-0061,3.0,Chuquisaca,Urbano,0,0,0,0.5944,0.3054,1,0
113-001399-A-0071,3.0,Chuquisaca,Urbano,0,0,0,0.437,0.2208,0,0
113-001399-A-0081,3.0,Chuquisaca,Urbano,0,0,0,0.4918,0.2487,0,0
113-001399-A-0011,2.0,Chuquisaca,Urbano,0,0,0,0.4857,0.2329,0,0
113-001399-A-0021,1.0,Chuquisaca,Urbano,0,0,1,0.5993,0.4359,1,0
113-001399-A-0041,3.0,Chuquisaca,Urbano,0,0,1,0.5094,0.2783,1,0
113-001399-A-0121,1.0,Chuquisaca,Urbano,1,0,0,0.4784,0.5549,0,1
113-001399-A-0031,1.0,Chuquisaca,Urbano,0,0,0,0.464,0.3246,0,0
113-001399-A-0111,3.0,Chuquisaca,Urbano,1,0,0,0.403,0.4251,0,0
113-001399-A-0101,3.0,Chuquisaca,Urbano,1,1,0,0.5081,0.4415,1,0
113-001399-A-0091,1.0,Chuquisaca,Urbano,0,0,0,0.4422,0.2071,0,0
412-000536-A-0091,3.0,Oruro,Urbano,0,0,1,0.4518,0.2242,0,0
412-000536-A-0101,1.0,Oruro,Urbano,0,0,1,0.4817,0.2183,0,0
412-000536-A-0141,3.0,Oruro,Urbano,0,0,1,0.3449,0.3185,0,0
412-000536-A-0131,3.0,Oruro,Urbano,0,0,1,0.4276,0.2958,0,0
412-000536-A-0151,1.0,Oruro,Urbano,1,1,1,0.5847,0.6302,1,1
412-000536-A-0111,1.0,Oruro,Urbano,0,0,1,0.3883,0.2246,0,0
412-000536-A-0011,3.0,Oruro,Urbano,0,0,1,0.477,0.2797,0,0
412-000536-A-0021,1.0,Oruro,Urbano,0,0,1,0.416,0.2468,0,0
412-000536-A-0031,1.0,Oruro,Urbano,0,0,1,0.5857,0.3429,1,0
314-005564-A-0041,1.0,Cochabamba,Urbano,0,1,1,0.4966,0.3165,0,0
314-005564-A-0011,1.0,Cochabamba,Urbano,0,1,1,0.4132,0.2807,0,0
314-005564-A-0071,1.0,Cochabamba,Urbano,0,1,0,0.3811,0.2382,0,0
314-005564-A-0061,1.0,Cochabamba,Urbano,0,0,0,0.4458,0.3104,0,0
314-005564-A-0021,1.0,Cochabamba,Urbano,1,1,1,0.4993,0.5606,0,1
314-005564-A-0131,1.0,Cochabamba,Urbano,0,0,0,0.3197,0.2165,0,0
314-005564-A-0151,2.0,Cochabamba,Urbano,0,0,0,0.4246,0.3029,0,0
314-005564-A-0121,2.0,Cochabamba,Urbano,0,0,1,0.3382,0.2715,0,0
314-005564-A-0101,1.0,Cochabamba,Urbano,0,0,1,0.3564,0.1977,0,0
314-005564-A-0091,1.0,Cochabamba,Urbano,0,0,1,0.3662,0.2073,0,0
314-005564-A-0181,1.0,Cochabamba,Urbano,0,0,0,0.5322,0.278,1,0
314-005564-A-0171,1.0,Cochabamba,Urbano,0,0,0,0.4303,0.2199,0,0
314-005175-A-0081,1.0,Cochabamba,Urbano,0,1,0,0.4545,0.3871,0,0
314-005175-A-0011,1.0,Cochabamba,Urbano,1,1,1,0.4272,0.4355,0,0
314-005175-A-0031,1.0,Cochabamba,Urbano,0,1,1,0.5766,0.3013,1,0
314-005175-A-0051,1.0,Cochabamba,Urbano,0,1,1,0.5147,0.3267,1,0
314-005175-A-0171,3.0,Cochabamba,Urbano,0,0,0,0.6492,0.4116,1,0
314-005175-A-0191,1.0,Cochabamba,Urbano,0,0,1,0.3211,0.2267,0,0
314-005175-A-0221,1.0,Cochabamba,Urbano,0,0,0,0.4565,0.3036,0,0
314-005175-A-0241,1.0,Cochabamba,Urbano,0,0,0,0.3364,0.1712,0,0
314-005175-A-0261,1.0,Cochabamba,Urbano,0,0,1,0.3479,0.1984,0,0
314-005175-A-0101,1.0,Cochabamba,Urbano,0,0,0,0.3392,0.2031,0,0
314-005175-A-0121,1.0,Cochabamba,Urbano,0,0,0,0.5035,0.3981,1,0
314-005175-A-0151,2.0,Cochabamba,Urbano,0,0,1,0.435,0.2281,0,0
314-005515-A-0151,1.0,Cochabamba,Urbano,0,1,1,0.6207,0.3518,1,0
314-005515-A-0111,1.0,Cochabamba,Urbano,0,0,1,0.4958,0.2531,0,0
314-005515-A-0131,1.0,Cochabamba,Urbano,0,0,1,0.4208,0.2163,0,0
314-005515-A-0091,1.0,Cochabamba,Urbano,0,0,1,0.4717,0.3254,0,0
314-005515-A-0071,1.0,Cochabamba,Urbano,0,1,1,0.3847,0.2428,0,0
314-005515-A-0171,1.0,Cochabamba,Urbano,0,0,0,0.3294,0.2366,0,0
314-005515-A-0211,1.0,Cochabamba,Urbano,0,0,0,0.497,0.4182,0,0
314-005515-A-0231,1.0,Cochabamba,Urbano,0,0,0,0.3812,0.1672,0,0
314-005515-A-0191,1.0,Cochabamba,Urbano,0,0,1,0.325,0.196,0,0
314-005515-A-0011,1.0,Cochabamba,Urbano,0,0,1,0.5988,0.3421,1,0
314-005515-A-0031,1.0,Cochabamba,Urbano,0,1,1,0.4392,0.4145,0,0
314-005515-A-0051,2.0,Cochabamba,Urbano,0,1,0,0.5829,0.2854,1,0
314-006389-A-0081,1.0,Cochabamba,Urbano,0,1,1,0.4362,0.1866,0,0
314-006389-A-0021,1.0,Cochabamba,Urbano,0,0,1,0.4353,0.2679,0,0
314-006389-A-0031,2.0,Cochabamba,Urbano,0,0,1,0.5758,0.4018,1,0
314-006389-A-0041,1.0,Cochabamba,Urbano,0,0,1,0.2976,0.1837,0,0
314-006389-A-0071,4.0,Cochabamba,Urbano,0,0,1,0.5221,0.3102,1,0
314-006389-A-0131,3.0,Cochabamba,Urbano,0,1,1,0.4101,0.3712,0,0
314-006389-A-0121,2.0,Cochabamba,Urbano,0,1,1,0.3389,0.2474,0,0
314-006389-A-0091,1.0,Cochabamba,Urbano,0,0,0,0.4976,0.3332,0,0
314-006389-A-0111,1.0,Cochabamba,Urbano,0,0,0,0.583,0.3481,1,0
314-006389-A-0011,1.0,Cochabamba,Urbano,0,0,0,0.2763,0.1519,0,0
314-006389-A-0061,1.0,Cochabamba,Urbano,0,1,1,0.5298,0.2712,1,0
314-006389-A-0141,3.0,Cochabamba,Urbano,0,1,1,0.3936,0.29,0,0
314-006106-A-0181,1.0,Cochabamba,Urbano,0,0,0,0.4826,0.297,0,0
314-006106-A-0161,3.0,Cochabamba,Urbano,0,0,0,0.4305,0.246,0,0
314-006106-A-0191,1.0,Cochabamba,Urbano,0,0,0,0.4834,0.2323,0,0
314-006106-A-0011,2.0,Cochabamba,Urbano,0,0,1,0.4547,0.289,0,0
314-006106-A-0031,1.0,Cochabamba,Urbano,0,1,1,0.3454,0.213,0,0
314-006106-A-0041,1.0,Cochabamba,Urbano,0,0,1,0.5412,0.3275,1,0
314-006106-A-0061,3.0,Cochabamba,Urbano,0,1,1,0.3995,0.2778,0,0
314-006106-A-0081,1.0,Cochabamba,Urbano,0,0,1,0.5254,0.2211,1,0
314-006106-A-0091,1.0,Cochabamba,Urbano,0,0,0,0.5199,0.3887,1,0
314-006106-A-0111,2.0,Cochabamba,Urbano,0,0,0,0.4792,0.2526,0,0
314-006106-A-0131,3.0,Cochabamba,Urbano,0,0,0,0.5264,0.378,1,0
314-006106-A-0141,1.0,Cochabamba,Urbano,0,0,0,0.4111,0.3304,0,0
314-006181-A-0011,1.0,Cochabamba,Urbano,0,0,0,0.4892,0.2492,0,0
314-006181-A-0061,2.0,Cochabamba,Urbano,0,0,0,0.4542,0.2631,0,0
314-006181-A-0071,1.0,Cochabamba,Urbano,0,0,0,0.6893,0.4249,1,0
314-006181-A-0091,1.0,Cochabamba,Urbano,0,1,1,0.4553,0.3548,0,0
314-006181-A-0121,2.0,Cochabamba,Urbano,0,1,1,0.4794,0.3158,0,0
314-006181-A-0111,1.0,Cochabamba,Urbano,0,1,1,0.3569,0.2265,0,0
314-006181-A-0131,1.0,Cochabamba,Urbano,0,1,1,0.5508,0.2855,1,0
314-006181-A-0141,1.0,Cochabamba,Urbano,0,1,1,0.4658,0.4098,0,0
314-006181-A-0021,1.0,Cochabamba,Urbano,0,0,0,0.3286,0.1876,0,0
314-006181-A-0031,1.0,Cochabamba,Urbano,0,0,0,0.3395,0.2015,0,0
314-006181-A-0041,1.0,Cochabamba,Urbano,0,0,0,0.3531,0.2249,0,0
314-006181-A-0081,2.0,Cochabamba,Urbano,0,0,1,0.6033,0.5143,1,1
314-005713-A-0341,1.0,Cochabamba,Urbano,0,1,1,0.5956,0.3517,1,0
314-005713-A-0841,1.0,Cochabamba,Urbano,0,0,0,0.4137,0.1947,0,0
314-005713-A-0771,2.0,Cochabamba,Urbano,0,0,0,0.4497,0.3086,0,0
314-005713-A-0481,1.0,Cochabamba,Urbano,0,0,1,0.5137,0.3521,1,0
314-005713-A-0201,1.0,Cochabamba,Urbano,0,0,1,0.3848,0.2798,0,0
314-005713-A-0271,1.0,Cochabamba,Urbano,0,0,1,0.4683,0.3207,0,0
314-005713-A-0411,1.0,Cochabamba,Urbano,0,0,0,0.4592,0.2991,0,0
314-005713-A-0561,1.0,Cochabamba,Urbano,0,0,0,0.4076,0.3577,0,0
314-005713-A-0631,1.0,Cochabamba,Urbano,0,0,0,0.439,0.3855,0,0
314-005713-A-0701,1.0,Cochabamba,Urbano,0,0,0,0.4223,0.2492,0,0
314-005713-A-0051,1.0,Cochabamba,Urbano,0,0,0,0.4311,0.2602,0,0
314-005713-A-0131,1.0,Cochabamba,Urbano,0,0,1,0.3615,0.2804,0,0
314-005340-A-0081,1.0,Cochabamba,Urbano,0,0,1,0.3921,0.1596,0,0
314-005340-A-0111,2.0,Cochabamba,Urbano,0,0,0,0.3984,0.3253,0,0
314-005340-A-0131,2.0,Cochabamba,Urbano,0,0,1,0.4449,0.3018,0,0
314-005340-A-0011,1.0,Cochabamba,Urbano,0,1,1,0.4194,0.253,0,0
314-005340-A-0031,1.0,Cochabamba,Urbano,0,1,1,0.3385,0.1996,0,0
314-005340-A-0041,1.0,Cochabamba,Urbano,0,0,1,0.4079,0.3081,0,0
314-005340-A-0061,1.0,Cochabamba,Urbano,0,0,1,0.3324,0.1877,0,0
314-005340-A-0091,1.0,Cochabamba,Urbano,0,1,1,0.4206,0.197,0,0
314-005340-A-0181,1.0,Cochabamba,Urbano,0,0,0,0.321,0.324,0,0
314-005340-A-0191,2.0,Cochabamba,Urbano,0,0,0,0.4675,0.3563,0,0
314-005340-A-0161,1.0,Cochabamba,Urbano,0,0,1,0.6102,0.3442,1,0
314-005340-A-0141,1.0,Cochabamba,Urbano,0,0,1,0.3562,0.201,0,0
314-005616-A-0011,1.0,Cochabamba,Urbano,0,0,1,0.5266,0.2859,1,0
314-005616-A-0081,1.0,Cochabamba,Urbano,0,0,1,0.4784,0.3358,0,0
314-005616-A-0111,1.0,Cochabamba,Urbano,0,0,1,0.4082,0.3469,0,0
314-005616-A-0181,3.0,Cochabamba,Urbano,0,0,0,0.3741,0.237,0,0
314-005616-A-0261,1.0,Cochabamba,Urbano,0,0,0,0.3288,0.237,0,0
314-005616-A-0221,1.0,Cochabamba,Urbano,0,0,0,0.4149,0.2486,0,0
314-005616-A-0151,1.0,Cochabamba,Urbano,0,0,1,0.4265,0.2572,0,0
314-005616-A-0401,1.0,Cochabamba,Urbano,0,1,1,0.3785,0.3062,0,0
314-005616-A-0291,2.0,Cochabamba,Urbano,0,0,1,0.5133,0.3667,1,0
314-005616-A-0361,1.0,Cochabamba,Urbano,0,0,0,0.68,0.3431,1,0
314-005616-A-0331,1.0,Cochabamba,Urbano,0,0,0,0.5451,0.2979,1,0
314-005616-A-0041,1.0,Cochabamba,Urbano,0,0,0,0.7573,0.5313,1,1
333-006799-A-0041,1.0,Cochabamba,Urbano,0,0,1,0.4209,0.2165,0,0
333-006799-A-0011,1.0,Cochabamba,Urbano,0,0,1,0.7941,0.6986,1,1
333-006799-A-0031,1.0,Cochabamba,Urbano,0,0,1,0.4397,0.2037,0,0
333-006799-A-0021,3.0,Cochabamba,Urbano,0,0,1,0.5138,0.2535,1,0
333-006799-A-0121,6.0,Cochabamba,Urbano,0,0,0,0.525,0.2551,1,0
333-006799-A-0111,1.0,Cochabamba,Urbano,0,0,0,0.7126,0.4554,1,0
333-006799-A-0141,1.0,Cochabamba,Urbano,0,0,0,0.6232,0.4522,1,0
333-006799-A-0131,1.0,Cochabamba,Urbano,0,0,0,0.741,0.5158,1,1
333-006799-A-0061,3.0,Cochabamba,Urbano,0,0,0,0.4151,0.316,0,0
333-006799-A-0071,2.0,Cochabamba,Urbano,0,0,0,0.4984,0.346,0,0
333-006799-A-0081,1.0,Cochabamba,Urbano,0,0,0,0.5613,0.325,1,0
333-006799-A-0091,1.0,Cochabamba,Urbano,0,0,0,0.3958,0.2249,0,0
332-006851-A-0101,1.0,Cochabamba,Urbano,1,0,0,0.7562,0.5507,1,1
332-006851-A-0121,1.0,Cochabamba,Urbano,1,0,0,0.4746,0.4379,0,0
332-006851-A-0111,1.0,Cochabamba,Urbano,0,0,0,0.3937,0.1623,0,0
332-006851-A-0091,1.0,Cochabamba,Urbano,0,0,0,0.4188,0.3729,0,0
332-006851-A-0011,3.0,Cochabamba,Urbano,0,0,0,0.4692,0.2711,0,0
332-006851-A-0021,1.0,Cochabamba,Urbano,0,0,0,0.6389,0.412,1,0
332-006851-A-0041,1.0,Cochabamba,Urbano,0,0,0,0.4971,0.2624,0,0
332-006851-A-0031,3.0,Cochabamba,Urbano,0,0,0,0.5745,0.439,1,0
332-006851-A-0081,1.0,Cochabamba,Urbano,0,0,1,0.4247,0.1722,0,0
332-006851-A-0051,1.0,Cochabamba,Urbano,0,0,0,0.6232,0.3762,1,0
332-006851-A-0061,1.0,Cochabamba,Urbano,0,0,0,0.4464,0.2747,0,0
332-006851-A-0071,3.0,Cochabamba,Urbano,0,0,0,0.3592,0.2069,0,0
332-007161-A-0131,1.0,Cochabamba,Urbano,0,0,0,0.6672,0.3936,1,0
332-007161-A-0151,1.0,Cochabamba,Urbano,0,0,0,0.7858,0.3569,1,0
332-007161-A-0171,1.0,Cochabamba,Urbano,1,0,0,0.8177,0.7475,1,1
332-007161-A-0181,1.0,Cochabamba,Urbano,0,0,0,0.5057,0.2864,1,0
332-007161-A-0071,2.0,Cochabamba,Urbano,0,0,1,0.5296,0.3129,1,0
332-007161-A-0091,3.0,Cochabamba,Urbano,0,0,0,0.5276,0.3334,1,0
332-007161-A-0101,3.0,Cochabamba,Urbano,0,0,0,0.7011,0.3971,1,0
332-007161-A-0121,1.0,Cochabamba,Urbano,0,0,0,0.5881,0.332,1,0
332-007161-A-0011,1.0,Cochabamba,Urbano,0,0,0,0.5803,0.2597,1,0
332-007161-A-0021,3.0,Cochabamba,Urbano,1,1,1,0.3965,0.3796,0,0
332-007161-A-0041,3.0,Cochabamba,Urbano,0,0,0,0.3131,0.2536,0,0
332-007161-A-0061,3.0,Cochabamba,Urbano,0,0,0,0.5488,0.2135,1,0
333-006869-A-0081,1.0,Cochabamba,Urbano,1,0,0,0.7347,0.7168,1,1
333-006869-A-0091,1.0,Cochabamba,Urbano,1,0,0,0.469,0.4084,0,0
333-006869-A-0061,1.0,Cochabamba,Urbano,0,0,0,0.5345,0.2449,1,0
333-006869-A-0051,1.0,Cochabamba,Urbano,0,0,1,0.623,0.3656,1,0
333-006869-A-0031,3.0,Cochabamba,Urbano,0,1,1,0.4873,0.2769,0,0
333-006869-A-0021,3.0,Cochabamba,Urbano,0,0,0,0.4244,0.1681,0,0
333-006869-A-0011,3.0,Cochabamba,Urbano,0,0,0,0.5766,0.2342,1,0
333-006869-A-0041,1.0,Cochabamba,Urbano,0,0,0,0.7211,0.4356,1,0
333-006869-A-0131,4.0,Cochabamba,Urbano,0,0,0,0.7067,0.5283,1,1
333-006869-A-0101,3.0,Cochabamba,Urbano,0,0,0,0.4382,0.2576,0,0
333-006869-A-0111,1.0,Cochabamba,Urbano,0,0,0,0.7401,0.6032,1,1
333-006869-A-0121,1.0,Cochabamba,Urbano,0,0,0,0.7463,0.6148,1,1
333-006818-A-0041,1.0,Cochabamba,Urbano,0,0,0,0.5997,0.4361,1,0
333-006818-A-0051,1.0,Cochabamba,Urbano,0,0,0,0.4523,0.255,0,0
333-006818-A-0071,4.0,Cochabamba,Urbano,0,0,1,0.4961,0.2658,0,0
333-006818-A-0081,3.0,Cochabamba,Urbano,0,0,1,0.353,0.3314,0,0
333-006818-A-0131,3.0,Cochabamba,Urbano,0,0,0,0.4053,0.2482,0,0
333-006818-A-0111,1.0,Cochabamba,Urbano,0,0,0,0.4808,0.2433,0,0
333-006818-A-0101,3.0,Cochabamba,Urbano,0,0,0,0.3156,0.1882,0,0
333-006818-A-0141,1.0,Cochabamba,Urbano,0,0,0,0.7204,0.5454,1,1
333-006818-A-0011,1.0,Cochabamba,Urbano,0,1,0,0.5185,0.2691,1,0
333-006818-A-0161,1.0,Cochabamba,Urbano,0,0,0,0.5733,0.4411,1,0
333-006818-A-0171,3.0,Cochabamba,Urbano,0,0,0,0.4165,0.1704,0,0
351-015006-D-0031,1.0,Cochabamba,Rural,1,0,0,0.7389,0.6675,1,1
351-015006-D-0061,2.0,Cochabamba,Rural,1,0,0,0.4439,0.5661,0,1
351-015006-D-0071,1.0,Cochabamba,Rural,1,0,0,0.5849,0.5647,1,1
351-015006-D-0021,1.0,Cochabamba,Rural,1,0,0,0.5546,0.6587,1,1
351-015006-D-0121,1.0,Cochabamba,Rural,0,0,0,0.6562,0.5523,1,1
351-015006-D-0111,1.0,Cochabamba,Rural,0,0,0,0.6498,0.526,1,1
351-015006-D-0011,1.0,Cochabamba,Rural,0,0,0,0.7007,0.4937,1,0
351-015006-D-0041,1.0,Cochabamba,Rural,0,0,0,0.592,0.461,1,0
351-015006-D-0091,1.0,Cochabamba,Rural,0,0,0,0.5686,0.4346,1,0
351-015006-D-0101,1.0,Cochabamba,Rural,0,0,0,0.7316,0.39,1,0
351-015006-D-0081,1.0,Cochabamba,Rural,0,0,0,0.6964,0.5988,1,1
351-015006-D-0051,1.0,Cochabamba,Rural,0,0,0,0.6679,0.4491,1,0
351-014974-D-0141,3.0,Cochabamba,Rural,1,0,0,0.6324,0.5224,1,1
351-014974-D-0171,1.0,Cochabamba,Rural,1,0,0,0.5082,0.4292,1,0
351-014974-D-0161,1.0,Cochabamba,Rural,0,0,0,0.6694,0.4739,1,0
351-014974-D-0131,1.0,Cochabamba,Rural,1,0,0,0.6413,0.6819,1,1
351-014974-D-0051,1.0,Cochabamba,Rural,0,0,0,0.459,0.294,0,0
351-014974-D-0101,1.0,Cochabamba,Rural,0,0,0,0.5321,0.4549,1,0
351-014974-D-0041,1.0,Cochabamba,Rural,0,0,0,0.4243,0.4054,0,0
351-014974-D-0081,2.0,Cochabamba,Rural,0,0,0,0.6881,0.5431,1,1
351-014974-D-0021,1.0,Cochabamba,Rural,1,0,0,0.6223,0.5152,1,1
351-014974-D-0111,3.0,Cochabamba,Rural,0,0,0,0.2983,0.2366,0,0
351-014974-D-0071,3.0,Cochabamba,Rural,0,0,0,0.4059,0.2252,0,0
351-014974-D-0011,1.0,Cochabamba,Rural,0,0,0,0.6903,0.5702,1,1
343-015866-D-0131,1.0,Cochabamba,Rural,1,0,1,0.3629,0.542,0,1
343-015866-D-0161,3.0,Cochabamba,Rural,1,0,1,0.254,0.5075,0,1
343-015866-D-0191,1.0,Cochabamba,Rural,0,0,1,0.3934,0.3147,0,0
343-015866-D-0231,3.0,Cochabamba,Rural,1,0,1,0.3322,0.2573,0,0
343-015866-D-0011,4.0,Cochabamba,Rural,0,0,0,0.2875,0.2199,0,0
343-015866-D-0071,3.0,Cochabamba,Rural,0,0,0,0.2399,0.1758,0,0
343-015866-D-0101,2.0,Cochabamba,Rural,0,0,1,0.4275,0.3435,0,0
343-015866-D-0041,4.0,Cochabamba,Rural,0,0,1,0.346,0.2798,0,0
343-015866-D-0261,1.0,Cochabamba,Rural,0,0,0,0.457,0.2165,0,0
343-015866-D-0291,1.0,Cochabamba,Rural,0,0,0,0.3999,0.3013,0,0
343-015866-D-0321,1.0,Cochabamba,Rural,0,0,0,0.32,0.1582,0,0
343-015866-D-0351,3.0,Cochabamba,Rural,0,0,0,0.2874,0.1951,0,0
344-015667-D-0201,1.0,Cochabamba,Rural,1,1,1,0.5384,0.549,1,1
344-015667-D-0251,1.0,Cochabamba,Rural,0,0,0,0.4445,0.3671,0,0
344-015667-D-0301,3.0,Cochabamba,Rural,1,0,1,0.4379,0.5609,0,1
344-015667-D-0341,1.0,Cochabamba,Rural,1,0,1,0.5875,0.6219,1,1
344-015667-D-0391,5.0,Cochabamba,Rural,0,0,0,0.5309,0.4617,1,0
344-015667-D-0431,1.0,Cochabamba,Rural,1,0,1,0.3607,0.5645,0,1
344-015667-D-0481,3.0,Cochabamba,Rural,0,0,0,0.3682,0.2203,0,0
344-015667-D-0521,1.0,Cochabamba,Rural,0,0,1,0.4523,0.2955,0,0
344-015667-D-0021,1.0,Cochabamba,Rural,0,0,1,0.4586,0.295,0,0
344-015667-D-0071,1.0,Cochabamba,Rural,0,0,0,0.2892,0.1394,0,0
344-015667-D-0111,1.0,Cochabamba,Rural,0,0,0,0.3346,0.2515,0,0
344-015667-D-0161,1.0,Cochabamba,Rural,1,0,1,0.2757,0.1492,0,0
613-000855-A-0111,1.0,Tarija,Urbano,0,0,1,0.4044,0.2743,0,0
613-000855-A-0141,1.0,Tarija,Urbano,0,0,0,0.3227,0.2065,0,0
613-000855-A-0241,1.0,Tarija,Urbano,0,0,1,0.6147,0.355,1,0
613-000855-A-0191,1.0,Tarija,Urbano,0,1,0,0.3337,0.1247,0,0
613-000855-A-0211,3.0,Tarija,Urbano,0,0,0,0.2787,0.2313,0,0
613-000855-A-0261,1.0,Tarija,Urbano,0,1,1,0.4039,0.2559,0,0
613-000855-A-0291,1.0,Tarija,Urbano,0,0,0,0.273,0.1574,0,0
613-000855-A-0011,3.0,Tarija,Urbano,0,0,1,0.3602,0.3125,0,0
613-000855-A-0041,1.0,Tarija,Urbano,0,0,1,0.586,0.3335,1,0
613-000855-A-0061,3.0,Tarija,Urbano,0,0,1,0.4002,0.3058,0,0
613-000855-A-0091,3.0,Tarija,Urbano,0,0,1,0.3715,0.2727,0,0
612-000160-A-0181,1.0,Tarija,Urbano,0,0,1,0.2861,0.2072,0,0
612-000160-A-0121,1.0,Tarija,Urbano,0,0,1,0.4136,0.2763,0,0
612-000160-A-0011,3.0,Tarija,Urbano,0,0,1,0.3227,0.3229,0,0
612-000160-A-0201,1.0,Tarija,Urbano,0,0,0,0.342,0.2398,0,0
612-000160-A-0231,1.0,Tarija,Urbano,0,0,1,0.3529,0.2238,0,0
612-000160-A-0261,3.0,Tarija,Urbano,0,0,1,0.5193,0.3433,1,0
612-000160-A-0291,1.0,Tarija,Urbano,0,1,1,0.3844,0.2969,0,0
612-000160-A-0321,1.0,Tarija,Urbano,1,0,0,0.4059,0.4142,0,0
612-000160-A-0151,3.0,Tarija,Urbano,0,0,1,0.4119,0.2155,0,0
612-000160-A-0031,1.0,Tarija,Urbano,0,0,1,0.3332,0.1766,0,0
612-000160-A-0061,1.0,Tarija,Urbano,0,0,0,0.374,0.3478,0,0
612-000160-A-0091,3.0,Tarija,Urbano,0,0,1,0.346,0.2616,0,0
613-000904-A-0161,1.0,Tarija,Urbano,0,0,0,0.3978,0.3214,0,0
613-000904-A-0191,4.0,Tarija,Urbano,0,0,1,0.4168,0.2487,0,0
613-000904-A-0261,3.0,Tarija,Urbano,0,0,1,0.4696,0.2522,0,0
613-000904-A-0231,3.0,Tarija,Urbano,0,0,1,0.4521,0.264,0,0
613-000904-A-0301,1.0,Tarija,Urbano,0,0,0,0.4199,0.2593,0,0
613-000904-A-0331,1.0,Tarija,Urbano,0,0,0,0.5463,0.3389,1,0
613-000904-A-0371,1.0,Tarija,Urbano,0,0,1,0.4937,0.2897,0,0
613-000904-A-0401,3.0,Tarija,Urbano,0,0,0,0.3369,0.2996,0,0
613-000904-A-0021,1.0,Tarija,Urbano,0,0,1,0.4137,0.2612,0,0
613-000904-A-0051,1.0,Tarija,Urbano,0,0,1,0.4033,0.2381,0,0
613-000904-A-0091,3.0,Tarija,Urbano,0,0,1,0.4517,0.2806,0,0
613-000904-A-0121,1.0,Tarija,Urbano,0,0,1,0.4681,0.2822,0,0
613-000521-A-0091,1.0,Tarija,Urbano,0,0,1,0.4276,0.2923,0,0
613-000521-A-0061,3.0,Tarija,Urbano,0,0,1,0.337,0.2519,0,0
613-000521-A-0041,3.0,Tarija,Urbano,0,0,0,0.3166,0.2144,0,0
613-000521-A-0011,3.0,Tarija,Urbano,0,0,1,0.3703,0.2598,0,0
613-000521-A-0211,1.0,Tarija,Urbano,0,0,0,0.4277,0.3846,0,0
613-000521-A-0241,1.0,Tarija,Urbano,1,0,1,0.2643,0.1621,0,0
613-000521-A-0261,1.0,Tarija,Urbano,1,1,1,0.3451,0.4511,0,0
613-000521-A-0291,1.0,Tarija,Urbano,0,0,0,0.3488,0.2907,0,0
613-000521-A-0141,1.0,Tarija,Urbano,0,0,1,0.3448,0.155,0,0
613-000521-A-0161,3.0,Tarija,Urbano,0,0,1,0.5773,0.3401,1,0
613-000521-A-0111,1.0,Tarija,Urbano,0,0,1,0.4694,0.3044,0,0
613-000521-A-0191,1.0,Tarija,Urbano,0,0,1,0.3422,0.2954,0,0
613-000517-A-0121,1.0,Tarija,Urbano,0,0,1,0.4388,0.3608,0,0
613-000517-A-0141,1.0,Tarija,Urbano,0,0,1,0.4552,0.4673,0,0
613-000517-A-0171,4.0,Tarija,Urbano,0,0,0,0.2964,0.2074,0,0
613-000517-A-0191,3.0,Tarija,Urbano,0,0,0,0.4427,0.2118,0,0
613-000517-A-0211,1.0,Tarija,Urbano,0,0,1,0.3017,0.1867,0,0
613-000517-A-0231,3.0,Tarija,Urbano,0,0,1,0.346,0.2221,0,0
613-000517-A-0261,3.0,Tarija,Urbano,0,0,1,0.3437,0.2566,0,0
613-000517-A-0011,1.0,Tarija,Urbano,0,0,1,0.4312,0.203,0,0
613-000517-A-0031,1.0,Tarija,Urbano,0,0,1,0.4445,0.3114,0,0
613-000517-A-0051,1.0,Tarija,Urbano,0,0,1,0.5251,0.4603,1,0
613-000517-A-0081,1.0,Tarija,Urbano,0,0,1,0.3967,0.3346,0,0
614-001169-A-0221,1.0,Tarija,Urbano,0,0,1,0.2734,0.2127,0,0
614-001169-A-0191,1.0,Tarija,Urbano,0,0,1,0.3018,0.1586,0,0
614-001169-A-0161,3.0,Tarija,Urbano,0,0,1,0.3155,0.2696,0,0
614-001169-A-0131,3.0,Tarija,Urbano,0,0,1,0.3515,0.2576,0,0
614-001169-A-0251,1.0,Tarija,Urbano,0,0,0,0.36,0.2075,0,0
614-001169-A-0281,1.0,Tarija,Urbano,0,0,0,0.4431,0.3491,0,0
614-001169-A-0311,3.0,Tarija,Urbano,0,0,0,0.3051,0.21,0,0
614-001169-A-0341,1.0,Tarija,Urbano,0,0,0,0.3219,0.1845,0,0
614-001169-A-0101,1.0,Tarija,Urbano,0,0,1,0.4751,0.3638,0,0
614-001169-A-0041,1.0,Tarija,Urbano,0,1,0,0.3633,0.2638,0,0
614-001169-A-0071,3.0,Tarija,Urbano,0,0,1,0.3939,0.2808,0,0
612-000103-A-0071,1.0,Tarija,Urbano,0,0,1,0.3427,0.2654,0,0
612-000103-A-0081,3.0,Tarija,Urbano,0,0,1,0.3936,0.2769,0,0
612-000103-A-0111,3.0,Tarija,Urbano,0,0,1,0.3075,0.2118,0,0
612-000103-A-0101,1.0,Tarija,Urbano,1,0,1,0.4095,0.4217,0,0
612-000103-A-0131,1.0,Tarija,Urbano,0,0,1,0.4111,0.2999,0,0
612-000103-A-0141,1.0,Tarija,Urbano,0,0,0,0.3607,0.312,0,0
612-000103-A-0161,1.0,Tarija,Urbano,0,0,0,0.5001,0.3215,1,0
612-000103-A-0011,3.0,Tarija,Urbano,1,1,0,0.3298,0.3816,0,0
612-000103-A-0021,1.0,Tarija,Urbano,0,0,0,0.5198,0.2892,1,0
612-000103-A-0041,1.0,Tarija,Urbano,0,1,1,0.3266,0.1978,0,0
612-000103-A-0051,1.0,Tarija,Urbano,0,0,0,0.4243,0.204,0,0
614-001261-A-0261,1.0,Tarija,Urbano,0,0,1,0.3042,0.1671,0,0
614-001261-A-0321,1.0,Tarija,Urbano,0,0,1,0.325,0.2725,0,0
614-001261-A-0381,1.0,Tarija,Urbano,0,0,1,0.3325,0.1912,0,0
614-001261-A-0601,1.0,Tarija,Urbano,1,0,0,0.5533,0.5951,1,1
614-001261-A-0491,1.0,Tarija,Urbano,0,1,0,0.499,0.2119,0,0
614-001261-A-0541,1.0,Tarija,Urbano,0,0,0,0.3829,0.2645,0,0
614-001261-A-0651,1.0,Tarija,Urbano,0,0,0,0.3478,0.1958,0,0
614-001261-A-0101,1.0,Tarija,Urbano,0,0,1,0.4647,0.2438,0,0
614-001261-A-0041,3.0,Tarija,Urbano,0,0,1,0.3338,0.2527,0,0
614-001261-A-0151,1.0,Tarija,Urbano,0,1,0,0.3158,0.2889,0,0
614-001261-A-0211,1.0,Tarija,Urbano,0,1,1,0.3023,0.2069,0,0
614-001261-A-0681,1.0,Tarija,Urbano,0,0,1,0.3603,0.214,0,0
613-000402-A-0491,1.0,Tarija,Urbano,0,0,0,0.3413,0.3708,0,0
613-000402-A-0341,1.0,Tarija,Urbano,0,0,1,0.3238,0.149,0,0
613-000402-A-0561,1.0,Tarija,Urbano,0,0,0,0.6802,0.3363,1,0
613-000402-A-0781,1.0,Tarija,Urbano,0,0,0,0.4354,0.2624,0,0
613-000402-A-0861,1.0,Tarija,Urbano,1,0,1,0.6527,0.3787,1,0
613-000402-A-0711,1.0,Tarija,Urbano,0,0,0,0.309,0.1736,0,0
613-000402-A-0641,3.0,Tarija,Urbano,0,0,0,0.3377,0.2666,0,0
613-000402-A-0051,1.0,Tarija,Urbano,0,0,1,0.3242,0.2698,0,0
613-000402-A-0121,3.0,Tarija,Urbano,0,0,1,0.3972,0.2791,0,0
613-000402-A-0201,1.0,Tarija,Urbano,0,0,1,0.3167,0.1622,0,0
613-000402-A-0271,1.0,Tarija,Urbano,0,0,0,0.3484,0.214,0,0
613-000806-A-0131,1.0,Tarija,Urbano,0,0,1,0.5963,0.2433,1,0
613-000806-A-0101,2.0,Tarija,Urbano,0,0,1,0.7744,0.3885,1,0
613-000806-A-0161,1.0,Tarija,Urbano,0,0,1,0.7804,0.4164,1,0
613-000806-A-0351,1.0,Tarija,Urbano,0,0,1,0.548,0.3391,1,0
613-000806-A-0071,1.0,Tarija,Urbano,0,0,0,0.7778,0.5033,1,1
613-000806-A-0261,1.0,Tarija,Urbano,0,0,0,0.3899,0.2503,0,0
613-000806-A-0321,1.0,Tarija,Urbano,0,0,0,0.3924,0.1995,0,0
613-000806-A-0291,1.0,Tarija,Urbano,0,0,0,0.3571,0.233,0,0
613-000806-A-0231,1.0,Tarija,Urbano,0,0,0,0.5966,0.3113,1,0
613-000806-A-0191,1.0,Tarija,Urbano,0,0,0,0.4621,0.2111,0,0
613-000806-A-0041,1.0,Tarija,Urbano,0,0,1,0.379,0.1586,0,0
613-000806-A-0011,4.0,Tarija,Urbano,0,0,0,0.4701,0.351,0,0
614-001692-A-0181,1.0,Tarija,Urbano,0,1,1,0.3903,0.3479,0,0
614-001692-A-0201,1.0,Tarija,Urbano,0,0,1,0.4607,0.236,0,0
614-001692-A-0221,1.0,Tarija,Urbano,0,0,1,0.2658,0.1428,0,0
614-001692-A-0241,1.0,Tarija,Urbano,0,0,1,0.3623,0.2277,0,0
614-001692-A-0141,1.0,Tarija,Urbano,0,0,0,0.4296,0.3286,0,0
614-001692-A-0121,1.0,Tarija,Urbano,0,0,0,0.333,0.2295,0,0
614-001692-A-0101,1.0,Tarija,Urbano,0,0,1,0.32,0.2104,0,0
614-001692-A-0161,1.0,Tarija,Urbano,0,0,1,0.3423,0.2015,0,0
614-001692-A-0011,2.0,Tarija,Urbano,0,0,0,0.5339,0.3235,1,0
614-001692-A-0041,1.0,Tarija,Urbano,1,0,0,0.3939,0.3972,0,0
614-001692-A-0061,1.0,Tarija,Urbano,0,1,1,0.4059,0.4076,0,0
614-001692-A-0081,1.0,Tarija,Urbano,0,1,1,0.3164,0.2453,0,0
614-001542-A-0181,1.0,Tarija,Urbano,0,0,0,0.2875,0.1874,0,0
614-001542-A-0201,1.0,Tarija,Urbano,0,0,0,0.3546,0.2542,0,0
614-001542-A-0221,1.0,Tarija,Urbano,0,0,0,0.331,0.2766,0,0
614-001542-A-0251,1.0,Tarija,Urbano,0,0,0,0.4033,0.2379,0,0
614-001542-A-0141,1.0,Tarija,Urbano,0,0,0,0.4246,0.2406,0,0
614-001542-A-0121,1.0,Tarija,Urbano,0,0,0,0.3598,0.2504,0,0
614-001542-A-0091,2.0,Tarija,Urbano,0,1,0,0.3621,0.1959,0,0
614-001542-A-0161,3.0,Tarija,Urbano,1,0,0,0.3086,0.2868,0,0
614-001542-A-0011,1.0,Tarija,Urbano,1,0,1,0.4116,0.5369,0,1
614-001542-A-0031,1.0,Tarija,Urbano,1,0,0,0.4665,0.4404,0,0
614-001542-A-0051,3.0,Tarija,Urbano,0,0,0,0.3248,0.2448,0,0
614-001542-A-0071,4.0,Tarija,Urbano,0,0,0,0.4719,0.3353,0,0
614-001379-A-0141,1.0,Tarija,Urbano,0,0,0,0.3507,0.2655,0,0
614-001379-A-0161,1.0,Tarija,Urbano,0,0,0,0.294,0.2696,0,0
614-001379-A-0181,1.0,Tarija,Urbano,0,0,0,0.3062,0.1567,0,0
614-001379-A-0191,3.0,Tarija,Urbano,0,0,0,0.3095,0.286,0,0
614-001379-A-0091,1.0,Tarija,Urbano,0,0,0,0.2902,0.18,0,0
614-001379-A-0131,1.0,Tarija,Urbano,0,0,0,0.4635,0.2704,0,0
614-001379-A-0111,1.0,Tarija,Urbano,0,0,0,0.3018,0.1799,0,0
614-001379-A-0081,1.0,Tarija,Urbano,0,0,0,0.3804,0.4283,0,0
614-001379-A-0011,1.0,Tarija,Urbano,0,0,1,0.3346,0.2607,0,0
614-001379-A-0031,1.0,Tarija,Urbano,0,0,1,0.5097,0.3304,1,0
614-001379-A-0041,1.0,Tarija,Urbano,0,0,0,0.536,0.3836,1,0
614-001379-A-0061,1.0,Tarija,Urbano,0,0,0,0.4821,0.2319,0,0
614-001432-A-0341,1.0,Tarija,Urbano,0,0,0,0.3947,0.2373,0,0
614-001432-A-0381,1.0,Tarija,Urbano,0,0,1,0.4032,0.1662,0,0
614-001432-A-0431,2.0,Tarija,Urbano,0,0,0,0.4215,0.28,0,0
614-001432-A-0471,1.0,Tarija,Urbano,0,0,0,0.3133,0.2229,0,0
614-001432-A-0181,1.0,Tarija,Urbano,0,0,1,0.3217,0.3095,0,0
614-001432-A-0301,1.0,Tarija,Urbano,0,0,0,0.3316,0.1579,0,0
614-001432-A-0221,1.0,Tarija,Urbano,1,0,0,0.3065,0.3238,0,0
614-001432-A-0261,1.0,Tarija,Urbano,0,0,0,0.3166,0.2709,0,0
614-001432-A-0021,1.0,Tarija,Urbano,1,0,0,0.3852,0.3805,0,0
614-001432-A-0061,4.0,Tarija,Urbano,0,0,1,0.4402,0.283,0,0
614-001432-A-0101,2.0,Tarija,Urbano,0,0,0,0.4335,0.3682,0,0
614-001432-A-0141,2.0,Tarija,Urbano,0,0,0,0.504,0.241,1,0
614-001587-A-0131,1.0,Tarija,Urbano,0,0,0,0.2955,0.3172,0,0
614-001587-A-0151,1.0,Tarija,Urbano,0,0,0,0.2654,0.3067,0,0
614-001587-A-0171,1.0,Tarija,Urbano,0,1,1,0.3998,0.1871,0,0
614-001587-A-0181,1.0,Tarija,Urbano,0,0,0,0.3068,0.2322,0,0
614-001587-A-0121,1.0,Tarija,Urbano,0,0,0,0.347,0.3676,0,0
614-001587-A-0071,1.0,Tarija,Urbano,0,0,0,0.3468,0.3161,0,0
614-001587-A-0091,1.0,Tarija,Urbano,0,0,0,0.2863,0.181,0,0
614-001587-A-0101,4.0,Tarija,Urbano,0,0,0,0.2577,0.2329,0,0
614-001587-A-0011,2.0,Tarija,Urbano,0,0,0,0.3452,0.3005,0,0
614-001587-A-0021,1.0,Tarija,Urbano,0,0,0,0.3395,0.2672,0,0
614-001587-A-0041,2.0,Tarija,Urbano,0,0,0,0.3495,0.2632,0,0
614-001587-A-0061,2.0,Tarija,Urbano,1,0,0,0.5717,0.605,1,1
613-000582-A-0231,1.0,Tarija,Urbano,0,0,0,0.3312,0.1739,0,0
613-000582-A-0261,1.0,Tarija,Urbano,0,0,0,0.3188,0.2155,0,0
613-000582-A-0291,2.0,Tarija,Urbano,0,0,0,0.3867,0.2648,0,0
613-000582-A-0321,1.0,Tarija,Urbano,0,0,0,0.3204,0.2174,0,0
613-000582-A-0151,1.0,Tarija,Urbano,0,0,0,0.2924,0.232,0,0
613-000582-A-0201,1.0,Tarija,Urbano,0,0,1,0.3537,0.2354,0,0
613-000582-A-0181,1.0,Tarija,Urbano,0,0,0,0.3138,0.1716,0,0
613-000582-A-0121,1.0,Tarija,Urbano,0,0,1,0.3368,0.2099,0,0
613-000582-A-0011,3.0,Tarija,Urbano,0,1,1,0.4054,0.3722,0,0
613-000582-A-0031,2.0,Tarija,Urbano,0,0,1,0.429,0.2413,0,0
613-000582-A-0061,2.0,Tarija,Urbano,0,0,1,0.5186,0.454,1,0
613-000582-A-0091,2.0,Tarija,Urbano,0,0,1,0.4792,0.3242,0,0
614-001313-A-0371,1.0,Tarija,Urbano,0,0,0,0.4467,0.3088,0,0
614-001313-A-0271,1.0,Tarija,Urbano,0,0,1,0.2961,0.1695,0,0
614-001313-A-0311,1.0,Tarija,Urbano,0,0,1,0.3588,0.241,0,0
614-001313-A-0341,1.0,Tarija,Urbano,0,0,1,0.3854,0.2329,0,0
614-001313-A-0241,1.0,Tarija,Urbano,0,0,1,0.4215,0.3887,0,0
614-001313-A-0181,1.0,Tarija,Urbano,0,0,1,0.3218,0.2951,0,0
614-001313-A-0211,1.0,Tarija,Urbano,0,0,0,0.3674,0.2573,0,0
614-001313-A-0141,2.0,Tarija,Urbano,0,0,0,0.3272,0.2638,0,0
614-001313-A-0011,1.0,Tarija,Urbano,0,0,1,0.456,0.357,0,0
614-001313-A-0081,1.0,Tarija,Urbano,1,0,0,0.3704,0.3106,0,0
614-001313-A-0111,1.0,Tarija,Urbano,0,0,0,0.3171,0.1873,0,0
614-001313-A-0051,1.0,Tarija,Urbano,0,0,0,0.351,0.2582,0,0
614-001491-A-0251,1.0,Tarija,Urbano,0,0,1,0.5022,0.3495,1,0
614-001491-A-0281,1.0,Tarija,Urbano,0,0,1,0.3955,0.2716,0,0
614-001491-A-0311,1.0,Tarija,Urbano,0,0,1,0.4689,0.2713,0,0
614-001491-A-0341,2.0,Tarija,Urbano,0,0,1,0.5301,0.2603,1,0
614-001491-A-0161,2.0,Tarija,Urbano,1,0,0,0.4861,0.4171,0,0
614-001491-A-0131,1.0,Tarija,Urbano,0,0,0,0.3837,0.2265,0,0
614-001491-A-0221,1.0,Tarija,Urbano,0,0,1,0.2822,0.1662,0,0
614-001491-A-0191,4.0,Tarija,Urbano,0,0,1,0.3732,0.2616,0,0
614-001491-A-0041,2.0,Tarija,Urbano,1,1,0,0.2434,0.4527,0,0
614-001491-A-0101,1.0,Tarija,Urbano,0,0,0,0.3375,0.1894,0,0
614-001491-A-0071,1.0,Tarija,Urbano,0,0,1,0.4409,0.2775,0,0
614-001491-A-0011,3.0,Tarija,Urbano,0,0,1,0.4564,0.2851,0,0
652-004471-D-0251,3.0,Tarija,Rural,0,0,0,0.3349,0.1866,0,0
652-004471-D-0181,1.0,Tarija,Rural,0,0,0,0.2449,0.1704,0,0
652-004471-D-0221,4.0,Tarija,Rural,0,0,1,0.3184,0.1926,0,0
652-004471-D-0071,1.0,Tarija,Rural,1,0,1,0.4799,0.6042,0,1
652-004471-D-0011,3.0,Tarija,Rural,0,1,1,0.2811,0.1575,0,0
652-004471-D-0031,1.0,Tarija,Rural,0,0,1,0.4148,0.3763,0,0
652-004471-D-0051,1.0,Tarija,Rural,0,0,1,0.4747,0.4163,0,0
652-004471-D-0141,1.0,Tarija,Rural,0,0,1,0.5465,0.5212,1,1
652-004471-D-0091,1.0,Tarija,Rural,0,0,1,0.5526,0.3041,1,0
652-004471-D-0121,3.0,Tarija,Rural,0,1,1,0.3836,0.2635,0,0
652-004471-D-0161,1.0,Tarija,Rural,0,0,1,0.4008,0.3373,0,0
611-000006-A-0201,1.0,Tarija,Urbano,0,0,0,0.409,0.1968,0,0
611-000006-A-0251,3.0,Tarija,Urbano,1,0,1,0.3608,0.3616,0,0
611-000006-A-0231,1.0,Tarija,Urbano,0,0,1,0.5018,0.3451,1,0
611-000006-A-0271,1.0,Tarija,Urbano,0,1,1,0.296,0.1626,0,0
611-000006-A-0061,1.0,Tarija,Urbano,1,1,1,0.7792,0.7133,1,1
611-000006-A-0011,4.0,Tarija,Urbano,1,0,1,0.4266,0.529,0,1
611-000006-A-0081,1.0,Tarija,Urbano,0,0,0,0.5366,0.3778,1,0
611-000006-A-0101,3.0,Tarija,Urbano,0,0,1,0.4957,0.2698,0,0
611-000006-A-0181,1.0,Tarija,Urbano,0,0,1,0.7455,0.6318,1,1
611-000006-A-0151,2.0,Tarija,Urbano,0,1,1,0.5377,0.4442,1,0
611-000006-A-0131,2.0,Tarija,Urbano,0,0,1,0.4068,0.3109,0,0
634-003286-A-0191,1.0,Tarija,Urbano,0,0,1,0.4367,0.2367,0,0
634-003286-A-0211,1.0,Tarija,Urbano,0,0,1,0.519,0.2751,1,0
634-003286-A-0231,1.0,Tarija,Urbano,0,0,1,0.5325,0.3573,1,0
634-003286-A-0011,1.0,Tarija,Urbano,0,0,1,0.5005,0.2395,1,0
634-003286-A-0081,1.0,Tarija,Urbano,1,0,0,0.3586,0.3688,0,0
634-003286-A-0031,4.0,Tarija,Urbano,0,1,0,0.3799,0.2455,0,0
634-003286-A-0051,1.0,Tarija,Urbano,0,0,0,0.3425,0.2521,0,0
634-003286-A-0101,1.0,Tarija,Urbano,0,0,0,0.3936,0.3275,0,0
634-003286-A-0121,1.0,Tarija,Urbano,0,0,1,0.4916,0.3123,0,0
634-003286-A-0141,1.0,Tarija,Urbano,0,0,0,0.4029,0.2677,0,0
634-003286-A-0171,2.0,Tarija,Urbano,0,0,1,0.5686,0.3654,1,0
654-004359-D-0561,1.0,Tarija,Rural,0,0,0,0.2322,0.1737,0,0
654-004359-D-0501,3.0,Tarija,Rural,0,0,0,0.2315,0.1995,0,0
654-004359-D-0681,3.0,Tarija,Rural,0,0,0,0.2029,0.1901,0,0
654-004359-D-0621,3.0,Tarija,Rural,0,0,1,0.1752,0.1531,0,0
654-004359-D-0151,2.0,Tarija,Rural,0,0,0,0.4368,0.3089,0,0
654-004359-D-0211,4.0,Tarija,Rural,0,1,0,0.3307,0.262,0,0
654-004359-D-0031,1.0,Tarija,Rural,0,0,0,0.5099,0.41,1,0
654-004359-D-0091,1.0,Tarija,Rural,0,0,0,0.3543,0.3033,0,0
654-004359-D-0331,1.0,Tarija,Rural,0,0,1,0.3546,0.3501,0,0
654-004359-D-0381,4.0,Tarija,Rural,0,0,0,0.2889,0.2671,0,0
654-004359-D-0271,1.0,Tarija,Rural,0,0,1,0.3867,0.268,0,0
654-004359-D-0441,1.0,Tarija,Rural,0,0,0,0.4055,0.3483,0,0
652-004466-D-0361,3.0,Tarija,Rural,0,1,0,0.248,0.1438,0,0
652-004466-D-0301,1.0,Tarija,Rural,0,0,1,0.2792,0.167,0,0
652-004466-D-0411,1.0,Tarija,Rural,0,0,0,0.4001,0.3055,0,0
652-004466-D-0251,3.0,Tarija,Rural,0,0,1,0.3619,0.3493,0,0
652-004466-D-0151,2.0,Tarija,Rural,1,0,0,0.5856,0.6158,1,1
652-004466-D-0041,1.0,Tarija,Rural,1,0,0,0.457,0.5778,0,1
652-004466-D-0201,3.0,Tarija,Rural,0,0,0,0.2257,0.2001,0,0
652-004466-D-0091,3.0,Tarija,Rural,1,0,0,0.4318,0.525,0,1
652-004466-D-0461,1.0,Tarija,Rural,0,0,1,0.5097,0.2858,1,0
652-004466-D-0621,1.0,Tarija,Rural,0,0,1,0.447,0.3263,0,0
652-004466-D-0511,1.0,Tarija,Rural,0,0,1,0.3408,0.1977,0,0
652-004466-D-0571,1.0,Tarija,Rural,0,0,0,0.473,0.4227,0,0
642-003701-D-0621,1.0,Tarija,Rural,0,0,0,0.4169,0.2792,0,0
642-003701-D-0571,1.0,Tarija,Rural,0,0,0,0.4144,0.3735,0,0
642-003701-D-0511,1.0,Tarija,Rural,0,0,0,0.5611,0.3146,1,0
642-003701-D-0461,3.0,Tarija,Rural,0,0,1,0.3766,0.246,0,0
642-003701-D-0041,2.0,Tarija,Rural,0,0,1,0.4023,0.2958,0,0
642-003701-D-0091,2.0,Tarija,Rural,0,1,1,0.5219,0.372,1,0
642-003701-D-0201,1.0,Tarija,Rural,1,0,0,0.6466,0.2799,1,0
642-003701-D-0361,1.0,Tarija,Rural,0,0,0,0.5762,0.3618,1,0
642-003701-D-0251,1.0,Tarija,Rural,0,0,0,0.6884,0.3923,1,0
642-003701-D-0301,3.0,Tarija,Rural,0,0,0,0.3362,0.2425,0,0
651-004366-D-0251,1.0,Tarija,Rural,1,0,0,0.5594,0.5516,1,1
651-004366-D-0231,3.0,Tarija,Rural,0,0,0,0.3735,0.3546,0,0
651-004366-D-0201,3.0,Tarija,Rural,0,0,0,0.4507,0.3456,0,0
651-004366-D-0271,1.0,Tarija,Rural,0,0,0,0.4925,0.381,0,0
651-004366-D-0011,1.0,Tarija,Rural,1,0,0,0.526,0.6047,1,1
651-004366-D-0031,1.0,Tarija,Rural,1,0,0,0.5042,0.579,1,1
651-004366-D-0061,1.0,Tarija,Rural,1,0,0,0.5463,0.5746,1,1
651-004366-D-0131,1.0,Tarija,Rural,0,0,0,0.4288,0.3309,0,0
651-004366-D-0101,1.0,Tarija,Rural,0,0,0,0.5139,0.3701,1,0
651-004366-D-0151,1.0,Tarija,Rural,0,0,1,0.3962,0.3167,0,0
651-004366-D-0181,1.0,Tarija,Rural,0,0,0,0.5126,0.5094,1,1
644-004306-D-0211,1.0,Tarija,Rural,0,0,0,0.3442,0.2344,0,0
644-004306-D-0181,1.0,Tarija,Rural,1,0,0,0.3318,0.472,0,0
644-004306-D-0161,1.0,Tarija,Rural,0,0,0,0.227,0.2025,0,0
644-004306-D-0131,1.0,Tarija,Rural,0,1,1,0.2538,0.2759,0,0
644-004306-D-0291,1.0,Tarija,Rural,1,0,1,0.3402,0.2821,0,0
644-004306-D-0321,4.0,Tarija,Rural,0,0,1,0.1824,0.3117,0,0
644-004306-D-0271,1.0,Tarija,Rural,0,0,1,0.1665,0.149,0,0
644-004306-D-0241,1.0,Tarija,Rural,0,0,1,0.2332,0.1455,0,0
644-004306-D-0101,2.0,Tarija,Rural,0,0,0,0.2265,0.2478,0,0
644-004306-D-0071,1.0,Tarija,Rural,0,0,1,0.4933,0.3328,0,0
644-004306-D-0051,2.0,Tarija,Rural,0,0,0,0.1411,0.2242,0,0
644-004306-D-0021,1.0,Tarija,Rural,0,0,0,0.4526,0.3356,0,0
653-004340-D-0531,1.0,Tarija,Rural,0,0,1,0.3581,0.2012,0,0
653-004340-D-0651,3.0,Tarija,Rural,0,1,0,0.2351,0.1435,0,0
653-004340-D-0711,3.0,Tarija,Rural,0,0,1,0.3084,0.2179,0,0
653-004340-D-0231,1.0,Tarija,Rural,0,0,1,0.4884,0.2699,0,0
653-004340-D-0051,1.0,Tarija,Rural,0,0,0,0.3104,0.2091,0,0
653-004340-D-0291,3.0,Tarija,Rural,0,0,1,0.1886,0.2054,0,0
653-004340-D-0351,1.0,Tarija,Rural,0,0,0,0.2927,0.2133,0,0
653-004340-D-0411,1.0,Tarija,Rural,0,0,0,0.3511,0.3028,0,0
653-004340-D-0471,1.0,Tarija,Rural,0,0,1,0.4478,0.2711,0,0
714-012067-A-0241,1.0,Santa Cruz,Urbano,1,0,1,0.3972,0.5314,0,1
714-012067-A-0281,1.0,Santa Cruz,Urbano,1,0,1,0.485,0.4701,0,0
714-012067-A-0061,5.0,Santa Cruz,Urbano,0,0,1,0.4035,0.2739,0,0
714-012067-A-0111,3.0,Santa Cruz,Urbano,0,0,1,0.3494,0.2453,0,0
714-012067-A-0151,1.0,Santa Cruz,Urbano,0,0,0,0.3781,0.2941,0,0
714-012067-A-0191,3.0,Santa Cruz,Urbano,0,0,0,0.3668,0.3544,0,0
714-012067-A-0411,1.0,Santa Cruz,Urbano,1,0,1,0.4498,0.3649,0,0
714-012067-A-0371,1.0,Santa Cruz,Urbano,0,0,0,0.4557,0.3892,0,0
714-012067-A-0331,1.0,Santa Cruz,Urbano,0,0,0,0.4584,0.4189,0,0
714-012067-A-0461,1.0,Santa Cruz,Urbano,0,0,0,0.3297,0.3167,0,0
714-012067-A-0501,2.0,Santa Cruz,Urbano,0,0,0,0.3369,0.2636,0,0
714-011282-A-0151,1.0,Santa Cruz,Urbano,0,0,0,0.3379,0.3429,0,0
714-011282-A-0181,1.0,Santa Cruz,Urbano,0,0,0,0.3093,0.1964,0,0
714-011282-A-0231,1.0,Santa Cruz,Urbano,0,0,0,0.4631,0.333,0,0
714-011282-A-0011,1.0,Santa Cruz,Urbano,0,0,1,0.3397,0.1825,0,0
714-011282-A-0061,1.0,Santa Cruz,Urbano,0,0,0,0.4233,0.28,0,0
714-011282-A-0031,1.0,Santa Cruz,Urbano,0,0,0,0.3345,0.2832,0,0
714-011282-A-0101,4.0,Santa Cruz,Urbano,0,0,1,0.3584,0.2997,0,0
714-011282-A-0131,1.0,Santa Cruz,Urbano,0,0,1,0.2556,0.1667,0,0
714-011282-A-0201,1.0,Santa Cruz,Urbano,1,0,1,0.3246,0.357,0,0
714-011282-A-0251,4.0,Santa Cruz,Urbano,0,0,0,0.3839,0.303,0,0
713-008025-A-0091,3.0,Santa Cruz,Urbano,1,0,1,0.4432,0.4075,0,0
713-008025-A-0081,1.0,Santa Cruz,Urbano,0,0,1,0.3313,0.2288,0,0
713-008025-A-0011,1.0,Santa Cruz,Urbano,0,0,1,0.5099,0.3455,1,0
713-008025-A-0021,3.0,Santa Cruz,Urbano,0,0,1,0.3511,0.2253,0,0
713-008025-A-0031,1.0,Santa Cruz,Urbano,0,0,1,0.3871,0.2103,0,0
713-008025-A-0051,3.0,Santa Cruz,Urbano,0,1,1,0.4465,0.3357,0,0
713-008025-A-0121,1.0,Santa Cruz,Urbano,1,0,0,0.3943,0.47,0,0
713-008025-A-0131,4.0,Santa Cruz,Urbano,0,0,1,0.3535,0.3507,0,0
713-008025-A-0101,1.0,Santa Cruz,Urbano,1,0,1,0.4608,0.4528,0,0
713-008025-A-0151,1.0,Santa Cruz,Urbano,0,0,1,0.2708,0.1909,0,0
713-008228-A-0171,3.0,Santa Cruz,Urbano,1,1,1,0.395,0.468,0,0
713-008228-A-0301,1.0,Santa Cruz,Urbano,0,1,1,0.3784,0.2869,0,0
713-008228-A-0071,3.0,Santa Cruz,Urbano,0,0,1,0.4009,0.1929,0,0
713-008228-A-0101,1.0,Santa Cruz,Urbano,0,0,1,0.2784,0.1848,0,0
713-008228-A-0021,1.0,Santa Cruz,Urbano,0,0,0,0.3884,0.2143,0,0
713-008228-A-0121,1.0,Santa Cruz,Urbano,0,0,0,0.39,0.2766,0,0
713-008228-A-0041,1.0,Santa Cruz,Urbano,0,0,0,0.4663,0.3362,0,0
713-008228-A-0251,3.0,Santa Cruz,Urbano,0,0,1,0.3637,0.241,0,0
713-008228-A-0201,1.0,Santa Cruz,Urbano,0,0,1,0.5267,0.4135,1,0
713-008228-A-0281,3.0,Santa Cruz,Urbano,0,0,0,0.3634,0.2914,0,0
713-008228-A-0221,1.0,Santa Cruz,Urbano,0,1,1,0.4349,0.2902,0,0
712-003719-A-0251,1.0,Santa Cruz,Urbano,0,0,1,0.4134,0.3799,0,0
712-003719-A-0211,3.0,Santa Cruz,Urbano,0,0,1,0.3899,0.2464,0,0
712-003719-A-0101,3.0,Santa Cruz,Urbano,0,0,0,0.4336,0.3079,0,0
712-003719-A-0061,1.0,Santa Cruz,Urbano,0,0,1,0.3327,0.2687,0,0
712-003719-A-0141,1.0,Santa Cruz,Urbano,0,0,0,0.3685,0.2899,0,0
712-003719-A-0021,1.0,Santa Cruz,Urbano,0,0,1,0.4674,0.3128,0,0
712-003719-A-0291,3.0,Santa Cruz,Urbano,0,0,1,0.4926,0.3188,0,0
712-003719-A-0171,4.0,Santa Cruz,Urbano,0,1,1,0.6359,0.2852,1,0
712-003719-A-0371,1.0,Santa Cruz,Urbano,0,0,0,0.557,0.3838,1,0
712-003719-A-0331,3.0,Santa Cruz,Urbano,0,0,1,0.4109,0.2891,0,0
712-003719-A-0411,3.0,Santa Cruz,Urbano,0,0,1,0.4475,0.3949,0,0
712-003719-A-0451,1.0,Santa Cruz,Urbano,0,0,1,0.3679,0.239,0,0
713-008611-A-0251,1.0,Santa Cruz,Urbano,0,0,0,0.3359,0.176,0,0
713-008611-A-0211,1.0,Santa Cruz,Urbano,0,0,1,0.3009,0.2818,0,0
713-008611-A-0021,1.0,Santa Cruz,Urbano,0,0,0,0.4497,0.4136,0,0
713-008611-A-0101,1.0,Santa Cruz,Urbano,0,0,1,0.2129,0.2025,0,0
713-008611-A-0141,3.0,Santa Cruz,Urbano,0,0,1,0.3736,0.2929,0,0
713-008611-A-0171,2.0,Santa Cruz,Urbano,0,1,1,0.432,0.2114,0,0
713-008611-A-0061,1.0,Santa Cruz,Urbano,0,1,1,0.3843,0.2835,0,0
713-008611-A-0331,2.0,Santa Cruz,Urbano,0,0,0,0.4822,0.4008,0,0
713-008611-A-0411,1.0,Santa Cruz,Urbano,1,0,1,0.6112,0.3932,1,0
713-008611-A-0291,1.0,Santa Cruz,Urbano,0,1,1,0.5255,0.3823,1,0
713-008611-A-0451,1.0,Santa Cruz,Urbano,0,1,0,0.3433,0.2542,0,0
713-008611-A-0452,1.0,Santa Cruz,Urbano,1,0,0,0.3882,0.4604,0,0
713-008611-A-0371,3.0,Santa Cruz,Urbano,0,0,0,0.415,0.3788,0,0
711-000761-A-0261,1.0,Santa Cruz,Urbano,0,0,1,0.3203,0.2884,0,0
711-000761-A-0171,3.0,Santa Cruz,Urbano,0,0,1,0.3534,0.3851,0,0
711-000761-A-0081,1.0,Santa Cruz,Urbano,0,0,0,0.2917,0.1988,0,0
711-000761-A-0351,3.0,Santa Cruz,Urbano,0,0,1,0.4155,0.3785,0,0
711-000761-A-0531,1.0,Santa Cruz,Urbano,0,0,1,0.3783,0.209,0,0
711-000761-A-0621,1.0,Santa Cruz,Urbano,0,0,1,0.4476,0.3099,0,0
711-000761-A-0811,1.0,Santa Cruz,Urbano,0,0,0,0.4191,0.3324,0,0
711-000761-A-0901,4.0,Santa Cruz,Urbano,0,0,1,0.4116,0.2307,0,0
711-000761-A-0991,1.0,Santa Cruz,Urbano,0,1,1,0.3999,0.2818,0,0
711-000761-A-0441,1.0,Santa Cruz,Urbano,0,0,0,0.2341,0.2236,0,0
711-000842-A-0011,1.0,Santa Cruz,Urbano,0,0,0,0.3703,0.2881,0,0
711-000842-A-0031,1.0,Santa Cruz,Urbano,0,0,0,0.3594,0.3221,0,0
711-000842-A-0051,3.0,Santa Cruz,Urbano,0,0,0,0.3544,0.2535,0,0
711-000842-A-0081,4.0,Santa Cruz,Urbano,0,0,1,0.3211,0.2659,0,0
711-000842-A-0141,3.0,Santa Cruz,Urbano,0,0,0,0.3803,0.3315,0,0
711-000842-A-0101,1.0,Santa Cruz,Urbano,1,0,0,0.5653,0.6055,1,1
711-000842-A-0171,1.0,Santa Cruz,Urbano,0,0,1,0.3721,0.3085,0,0
711-000842-A-0121,1.0,Santa Cruz,Urbano,0,0,1,0.4708,0.3906,0,0
711-000842-A-0191,1.0,Santa Cruz,Urbano,0,0,1,0.4441,0.3274,0,0
711-000842-A-0211,4.0,Santa Cruz,Urbano,0,1,1,0.526,0.3088,1,0
711-000842-A-0261,3.0,Santa Cruz,Urbano,0,1,1,0.4412,0.3011,0,0
711-000842-A-0231,1.0,Santa Cruz,Urbano,0,1,1,0.4123,0.2859,0,0
712-004192-A-0031,1.0,Santa Cruz,Urbano,1,0,1,0.5213,0.5287,1,1
712-004192-A-0181,1.0,Santa Cruz,Urbano,1,0,1,0.5965,0.6108,1,1
712-004192-A-0131,1.0,Santa Cruz,Urbano,0,0,0,0.6755,0.4012,1,0
712-004192-A-0081,1.0,Santa Cruz,Urbano,1,0,1,0.6559,0.6687,1,1
712-004192-A-0231,4.0,Santa Cruz,Urbano,0,0,1,0.404,0.4142,0,0
712-004192-A-0381,3.0,Santa Cruz,Urbano,0,0,0,0.3566,0.3223,0,0
712-004192-A-0331,1.0,Santa Cruz,Urbano,0,0,0,0.3707,0.2789,0,0
712-004192-A-0531,5.0,Santa Cruz,Urbano,0,1,1,0.4199,0.2369,0,0
712-004192-A-0481,1.0,Santa Cruz,Urbano,0,1,0,0.4405,0.3998,0,0
712-004192-A-0431,1.0,Santa Cruz,Urbano,0,0,1,0.4311,0.2585,0,0
712-004192-A-0581,1.0,Santa Cruz,Urbano,0,1,1,0.4705,0.3919,0,0
112-000649-A-0261,1.0,Chuquisaca,Urbano,0,0,1,0.738,0.4005,1,0
112-000649-A-0231,1.0,Chuquisaca,Urbano,1,0,1,0.4243,0.372,0,0
112-000649-A-0191,3.0,Chuquisaca,Urbano,0,0,0,0.6031,0.3387,1,0
112-000649-A-0211,1.0,Chuquisaca,Urbano,0,0,0,0.4916,0.2619,0,0
112-000649-A-0121,3.0,Chuquisaca,Urbano,0,0,1,0.5915,0.3126,1,0
112-000649-A-0171,1.0,Chuquisaca,Urbano,0,0,1,0.4519,0.2774,0,0
112-000649-A-0141,3.0,Chuquisaca,Urbano,0,0,1,0.6158,0.3833,1,0
112-000649-A-0101,3.0,Chuquisaca,Urbano,0,0,1,0.5394,0.2732,1,0
112-000649-A-0011,1.0,Chuquisaca,Urbano,0,0,0,0.5627,0.3285,1,0
112-000649-A-0031,4.0,Chuquisaca,Urbano,0,0,0,0.47,0.2705,0,0
112-000649-A-0051,3.0,Chuquisaca,Urbano,0,0,0,0.4022,0.2057,0,0
112-000649-A-0081,1.0,Chuquisaca,Urbano,0,0,0,0.4801,0.2226,0,0
111-000200-A-0061,3.0,Chuquisaca,Urbano,0,1,1,0.5044,0.2233,1,0
111-000200-A-0011,1.0,Chuquisaca,Urbano,0,0,1,0.5501,0.342,1,0
111-000200-A-0091,1.0,Chuquisaca,Urbano,0,0,1,0.5317,0.2261,1,0
111-000200-A-0031,1.0,Chuquisaca,Urbano,0,0,1,0.4401,0.2604,0,0
111-000200-A-0181,3.0,Chuquisaca,Urbano,0,0,1,0.6012,0.3788,1,0
111-000200-A-0121,2.0,Chuquisaca,Urbano,0,0,1,0.6357,0.4703,1,0
111-000200-A-0151,1.0,Chuquisaca,Urbano,1,0,1,0.7276,0.7052,1,1
111-000200-A-0201,1.0,Chuquisaca,Urbano,1,0,1,0.7873,0.7196,1,1
111-000200-A-0231,6.0,Chuquisaca,Urbano,0,0,0,0.8287,0.537,1,1
111-000200-A-0291,1.0,Chuquisaca,Urbano,0,0,0,0.6415,0.315,1,0
111-000200-A-0321,1.0,Chuquisaca,Urbano,1,0,0,0.9118,0.7228,1,1
113-001470-A-0031,3.0,Chuquisaca,Urbano,0,0,1,0.4496,0.2947,0,0
113-001470-A-0011,2.0,Chuquisaca,Urbano,0,0,1,0.5261,0.3216,1,0
113-001470-A-0021,1.0,Chuquisaca,Urbano,0,1,1,0.5053,0.2773,1,0
113-001470-A-0041,1.0,Chuquisaca,Urbano,0,0,0,0.5018,0.3361,1,0
113-001470-A-0121,1.0,Chuquisaca,Urbano,0,0,0,0.6823,0.42,1,0
113-001470-A-0101,1.0,Chuquisaca,Urbano,0,0,0,0.4816,0.2699,0,0
113-001470-A-0111,1.0,Chuquisaca,Urbano,0,0,1,0.6129,0.3734,1,0
113-001470-A-0061,1.0,Chuquisaca,Urbano,0,0,0,0.4135,0.2517,0,0
113-001470-A-0081,1.0,Chuquisaca,Urbano,0,0,0,0.7741,0.5476,1,1
113-001470-A-0051,1.0,Chuquisaca,Urbano,0,0,0,0.4014,0.158,0,0
111-000256-A-0011,1.0,Chuquisaca,Urbano,1,0,1,0.7378,0.5994,1,1
111-000256-A-0081,3.0,Chuquisaca,Urbano,0,0,1,0.6267,0.3286,1,0
111-000256-A-0061,4.0,Chuquisaca,Urbano,0,0,1,0.7288,0.4562,1,0
111-000256-A-0041,3.0,Chuquisaca,Urbano,0,0,1,0.6277,0.3313,1,0
111-000256-A-0161,1.0,Chuquisaca,Urbano,1,1,1,0.448,0.3067,0,0
111-000256-A-0141,1.0,Chuquisaca,Urbano,0,0,1,0.3972,0.1465,0,0
111-000256-A-0121,1.0,Chuquisaca,Urbano,0,0,1,0.5299,0.2766,1,0
111-000256-A-0101,1.0,Chuquisaca,Urbano,0,0,1,0.5615,0.3546,1,0
111-000256-A-0181,1.0,Chuquisaca,Urbano,0,0,0,0.8184,0.63,1,1
111-000256-A-0201,1.0,Chuquisaca,Urbano,0,0,1,0.4947,0.2789,0,0
111-000256-A-0241,1.0,Chuquisaca,Urbano,1,0,1,0.8181,0.7278,1,1
111-000256-A-0221,3.0,Chuquisaca,Urbano,0,0,1,0.4546,0.3222,0,0
114-002078-A-0131,4.0,Chuquisaca,Urbano,0,0,0,0.438,0.2664,0,0
114-002078-A-0091,4.0,Chuquisaca,Urbano,0,0,1,0.4956,0.291,0,0
114-002078-A-0051,1.0,Chuquisaca,Urbano,0,0,1,0.5572,0.3557,1,0
114-002078-A-0011,1.0,Chuquisaca,Urbano,0,0,0,0.5716,0.3314,1,0
114-002078-A-0171,1.0,Chuquisaca,Urbano,0,0,1,0.475,0.2971,0,0
114-002078-A-0211,1.0,Chuquisaca,Urbano,0,0,1,0.5585,0.3518,1,0
114-002078-A-0191,1.0,Chuquisaca,Urbano,0,0,1,0.581,0.4105,1,0
114-002078-A-0221,4.0,Chuquisaca,Urbano,0,0,1,0.4966,0.3633,0,0
114-002078-A-0151,2.0,Chuquisaca,Urbano,0,0,1,0.4913,0.1989,0,0
114-002078-A-0071,3.0,Chuquisaca,Urbano,1,0,1,0.4757,0.5531,0,1
114-002078-A-0031,3.0,Chuquisaca,Urbano,0,0,1,0.4574,0.2404,0,0
114-002078-A-0111,1.0,Chuquisaca,Urbano,1,0,1,0.7411,0.7079,1,1
114-001814-A-0051,3.0,Chuquisaca,Urbano,0,0,0,0.5278,0.4463,1,0
114-001814-A-0061,1.0,Chuquisaca,Urbano,0,0,1,0.5464,0.3277,1,0
114-001814-A-0091,1.0,Chuquisaca,Urbano,0,0,0,0.3207,0.1103,0,0
114-001814-A-0111,3.0,Chuquisaca,Urbano,0,0,1,0.5089,0.3246,1,0
114-001814-A-0141,3.0,Chuquisaca,Urbano,0,0,1,0.4828,0.2886,0,0
114-001814-A-0011,1.0,Chuquisaca,Urbano,0,0,1,0.5033,0.2332,1,0
114-001814-A-0021,3.0,Chuquisaca,Urbano,0,0,1,0.5019,0.3337,1,0
114-001814-A-0031,2.0,Chuquisaca,Urbano,0,0,1,0.4788,0.2981,0,0
114-001814-A-0101,3.0,Chuquisaca,Urbano,0,0,1,0.4451,0.2627,0,0
114-001814-A-0131,3.0,Chuquisaca,Urbano,0,1,1,0.4163,0.2013,0,0
114-001814-A-0151,1.0,Chuquisaca,Urbano,0,0,1,0.7601,0.5718,1,1
114-001814-A-0071,3.0,Chuquisaca,Urbano,0,0,1,0.3413,0.1272,0,0
113-000957-A-0171,1.0,Chuquisaca,Urbano,0,0,0,0.5308,0.2534,1,0
113-000957-A-0191,3.0,Chuquisaca,Urbano,0,0,0,0.4752,0.2816,0,0
113-000957-A-0201,4.0,Chuquisaca,Urbano,0,0,0,0.4425,0.1881,0,0
113-000957-A-0151,1.0,Chuquisaca,Urbano,0,0,0,0.5448,0.2494,1,0
113-000957-A-0121,2.0,Chuquisaca,Urbano,0,0,1,0.619,0.2952,1,0
113-000957-A-0081,1.0,Chuquisaca,Urbano,0,0,1,0.4215,0.2304,0,0
113-000957-A-0101,1.0,Chuquisaca,Urbano,0,0,1,0.499,0.2824,0,0
113-000957-A-0131,1.0,Chuquisaca,Urbano,0,0,1,0.3876,0.1248,0,0
113-000957-A-0051,3.0,Chuquisaca,Urbano,0,0,1,0.4618,0.313,0,0
113-000957-A-0061,5.0,Chuquisaca,Urbano,0,0,1,0.6416,0.4301,1,0
113-000957-A-0011,1.0,Chuquisaca,Urbano,0,1,1,0.3353,0.1954,0,0
113-001085-A-0121,1.0,Chuquisaca,Urbano,0,0,0,0.4465,0.21,0,0
113-001085-A-0101,1.0,Chuquisaca,Urbano,0,0,0,0.6299,0.4345,1,0
113-001085-A-0141,1.0,Chuquisaca,Urbano,0,0,0,0.5408,0.2951,1,0
113-001085-A-0011,4.0,Chuquisaca,Urbano,0,0,0,0.4177,0.3348,0,0
113-001085-A-0061,3.0,Chuquisaca,Urbano,0,0,0,0.4451,0.2066,0,0
113-001085-A-0031,2.0,Chuquisaca,Urbano,0,0,0,0.7166,0.5426,1,1
113-001085-A-0051,1.0,Chuquisaca,Urbano,0,0,0,0.6963,0.4964,1,0
113-001085-A-0161,2.0,Chuquisaca,Urbano,0,0,1,0.6866,0.3917,1,0
113-001085-A-0191,1.0,Chuquisaca,Urbano,0,0,1,0.5322,0.3006,1,0
113-001085-A-0211,2.0,Chuquisaca,Urbano,0,0,1,0.4019,0.2102,0,0
114-002386-A-0071,1.0,Chuquisaca,Urbano,0,0,0,0.4644,0.3193,0,0
114-002386-A-0091,1.0,Chuquisaca,Urbano,0,0,0,0.5895,0.2475,1,0
114-002386-A-0111,2.0,Chuquisaca,Urbano,0,0,0,0.3536,0.2134,0,0
114-002386-A-0151,1.0,Chuquisaca,Urbano,0,0,0,0.5473,0.29,1,0
114-002386-A-0011,1.0,Chuquisaca,Urbano,0,0,0,0.5974,0.2968,1,0
114-002386-A-0051,1.0,Chuquisaca,Urbano,0,0,0,0.551,0.2197,1,0
114-002386-A-0171,2.0,Chuquisaca,Urbano,0,0,1,0.4289,0.2308,0,0
114-002386-A-0191,4.0,Chuquisaca,Urbano,0,0,1,0.4266,0.3098,0,0
114-002386-A-0211,1.0,Chuquisaca,Urbano,0,0,1,0.5035,0.2402,1,0
114-002386-A-0231,1.0,Chuquisaca,Urbano,0,0,1,0.3914,0.1954,0,0
112-000438-A-0091,3.0,Chuquisaca,Urbano,0,0,0,0.5613,0.4802,1,0
112-000438-A-0111,1.0,Chuquisaca,Urbano,0,0,1,0.5512,0.3802,1,0
112-000438-A-0151,1.0,Chuquisaca,Urbano,0,1,0,0.6996,0.4844,1,0
112-000438-A-0031,1.0,Chuquisaca,Urbano,0,0,0,0.51,0.3304,1,0
112-000438-A-0071,3.0,Chuquisaca,Urbano,0,0,0,0.4601,0.3071,0,0
112-000438-A-0051,4.0,Chuquisaca,Urbano,0,0,0,0.4914,0.2485,0,0
112-000438-A-0011,7.0,Chuquisaca,Urbano,0,0,0,0.5476,0.2885,1,0
112-000438-A-0171,2.0,Chuquisaca,Urbano,0,0,1,0.6252,0.4443,1,0
112-000438-A-0191,1.0,Chuquisaca,Urbano,1,0,1,0.8005,0.6622,1,1
112-000438-A-0211,1.0,Chuquisaca,Urbano,0,0,1,0.6195,0.4238,1,0
112-000438-A-0231,3.0,Chuquisaca,Urbano,0,0,0,0.6937,0.397,1,0
113-001172-A-0161,2.0,Chuquisaca,Urbano,0,0,0,0.6169,0.1837,1,0
113-001172-A-0141,2.0,Chuquisaca,Urbano,0,0,1,0.5558,0.3144,1,0
113-001172-A-0061,2.0,Chuquisaca,Urbano,0,0,0,0.4779,0.2914,0,0
113-001172-A-0091,1.0,Chuquisaca,Urbano,0,0,0,0.5389,0.3685,1,0
113-001172-A-0211,1.0,Chuquisaca,Urbano,0,0,1,0.629,0.379,1,0
113-001172-A-0241,1.0,Chuquisaca,Urbano,0,0,1,0.3956,0.1902,0,0
113-001172-A-0261,1.0,Chuquisaca,Urbano,0,0,1,0.4645,0.2409,0,0
113-001172-A-0291,3.0,Chuquisaca,Urbano,0,0,1,0.5887,0.4248,1,0
112-000760-A-0131,2.0,Chuquisaca,Urbano,0,0,1,0.6115,0.3931,1,0
112-000760-A-0081,2.0,Chuquisaca,Urbano,0,0,1,0.5686,0.3171,1,0
112-000760-A-0121,1.0,Chuquisaca,Urbano,0,0,1,0.5861,0.2879,1,0
112-000760-A-0011,1.0,Chuquisaca,Urbano,0,0,0,0.4695,0.2786,0,0
112-000760-A-0031,3.0,Chuquisaca,Urbano,0,0,0,0.422,0.2404,0,0
112-000760-A-0051,1.0,Chuquisaca,Urbano,0,0,0,0.4288,0.2666,0,0
112-000760-A-0061,7.0,Chuquisaca,Urbano,0,0,0,0.4401,0.2896,0,0
112-000760-A-0151,3.0,Chuquisaca,Urbano,0,0,0,0.4377,0.2341,0,0
112-000760-A-0171,1.0,Chuquisaca,Urbano,0,0,1,0.5802,0.3215,1,0
112-000760-A-0191,4.0,Chuquisaca,Urbano,0,0,1,0.3666,0.2356,0,0
112-000760-A-0201,3.0,Chuquisaca,Urbano,0,0,0,0.4108,0.3014,0,0
112-000494-A-0141,1.0,Chuquisaca,Urbano,0,0,1,0.4151,0.2085,0,0
112-000494-A-0101,2.0,Chuquisaca,Urbano,0,0,1,0.5736,0.2786,1,0
112-000494-A-0081,1.0,Chuquisaca,Urbano,0,0,0,0.4793,0.237,0,0
112-000494-A-0051,4.0,Chuquisaca,Urbano,0,0,0,0.5026,0.3119,1,0
112-000494-A-0061,1.0,Chuquisaca,Urbano,0,0,0,0.4505,0.4004,0,0
112-000494-A-0011,1.0,Chuquisaca,Urbano,0,0,0,0.4831,0.35,0,0
112-000494-A-0031,1.0,Chuquisaca,Urbano,0,0,0,0.4197,0.2487,0,0
112-000494-A-0161,3.0,Chuquisaca,Urbano,0,0,1,0.4174,0.229,0,0
112-000494-A-0171,1.0,Chuquisaca,Urbano,0,0,1,0.4477,0.1219,0,0
112-000494-A-0191,1.0,Chuquisaca,Urbano,0,0,1,0.4926,0.2261,0,0
112-000494-A-0211,1.0,Chuquisaca,Urbano,0,0,0,0.417,0.1395,0,0
113-001546-A-0101,1.0,Chuquisaca,Urbano,1,0,0,0.4703,0.521,0,1
113-001546-A-0081,1.0,Chuquisaca,Urbano,0,0,1,0.6248,0.3409,1,0
113-001546-A-0121,1.0,Chuquisaca,Urbano,1,0,1,0.433,0.3453,0,0
113-001546-A-0061,1.0,Chuquisaca,Urbano,0,0,0,0.6277,0.3272,1,0
113-001546-A-0011,1.0,Chuquisaca,Urbano,0,0,0,0.5499,0.3994,1,0
113-001546-A-0031,1.0,Chuquisaca,Urbano,0,0,1,0.5752,0.5047,1,1
113-001546-A-0051,3.0,Chuquisaca,Urbano,0,0,0,0.4274,0.3113,0,0
113-001546-A-0151,1.0,Chuquisaca,Urbano,0,0,1,0.5345,0.2781,1,0
113-001546-A-0171,4.0,Chuquisaca,Urbano,0,0,0,0.3823,0.3593,0,0
113-001546-A-0191,1.0,Chuquisaca,Urbano,0,0,1,0.5363,0.2975,1,0
113-001546-A-0201,3.0,Chuquisaca,Urbano,0,0,0,0.3905,0.2346,0,0
111-000071-A-0231,7.0,Chuquisaca,Urbano,0,1,1,0.8446,0.5755,1,1
111-000071-A-0161,1.0,Chuquisaca,Urbano,1,0,1,0.56,0.6231,1,1
111-000071-A-0191,1.0,Chuquisaca,Urbano,1,1,1,0.6215,0.5677,1,1
111-000071-A-0091,1.0,Chuquisaca,Urbano,0,0,1,0.6407,0.3157,1,0
111-000071-A-0021,1.0,Chuquisaca,Urbano,0,0,0,0.4815,0.2488,0,0
111-000071-A-0051,2.0,Chuquisaca,Urbano,0,0,0,0.6504,0.3202,1,0
111-000071-A-0401,1.0,Chuquisaca,Urbano,0,0,1,0.6197,0.4273,1,0
111-000071-A-0301,1.0,Chuquisaca,Urbano,0,0,1,0.5974,0.3281,1,0
111-000071-A-0331,3.0,Chuquisaca,Urbano,0,0,0,0.4565,0.3085,0,0
111-000071-A-0371,3.0,Chuquisaca,Urbano,0,0,0,0.3711,0.2711,0,0
112-000822-A-0421,1.0,Chuquisaca,Urbano,0,0,0,0.7826,0.5155,1,1
112-000822-A-0451,1.0,Chuquisaca,Urbano,0,0,0,0.5603,0.3455,1,0
112-000822-A-0381,3.0,Chuquisaca,Urbano,0,0,0,0.8032,0.4318,1,0
112-000822-A-0031,1.0,Chuquisaca,Urbano,0,0,1,0.701,0.4915,1,0
112-000822-A-0111,2.0,Chuquisaca,Urbano,0,0,0,0.6017,0.1913,1,0
112-000822-A-0151,1.0,Chuquisaca,Urbano,0,0,0,0.5802,0.3868,1,0
112-000822-A-0191,2.0,Chuquisaca,Urbano,0,0,0,0.5249,0.2566,1,0
112-000822-A-0261,1.0,Chuquisaca,Urbano,0,0,0,0.47,0.3332,0,0
112-000822-A-0301,1.0,Chuquisaca,Urbano,0,0,0,0.7742,0.4857,1,0
112-000822-A-0221,1.0,Chuquisaca,Urbano,0,0,0,0.5717,0.4313,1,0
113-001020-A-0011,1.0,Chuquisaca,Urbano,0,0,1,0.425,0.1729,0,0
113-001020-A-0021,2.0,Chuquisaca,Urbano,0,0,1,0.4899,0.2313,0,0
113-001020-A-0041,2.0,Chuquisaca,Urbano,0,0,1,0.539,0.2727,1,0
113-001020-A-0111,1.0,Chuquisaca,Urbano,0,0,0,0.481,0.304,0,0
113-001020-A-0121,1.0,Chuquisaca,Urbano,0,0,0,0.57,0.459,1,0
113-001020-A-0141,1.0,Chuquisaca,Urbano,0,0,0,0.5325,0.3508,1,0
113-001020-A-0131,1.0,Chuquisaca,Urbano,0,0,0,0.5246,0.4159,1,0
113-001020-A-0081,1.0,Chuquisaca,Urbano,0,0,0,0.3433,0.1996,0,0
113-001020-A-0071,1.0,Chuquisaca,Urbano,0,0,0,0.4266,0.1909,0,0
113-001020-A-0061,1.0,Chuquisaca,Urbano,1,0,0,0.5128,0.4782,1,0
113-001020-A-0091,1.0,Chuquisaca,Urbano,0,0,0,0.4059,0.172,0,0
112-000700-A-0131,1.0,Chuquisaca,Urbano,1,0,1,0.5997,0.5556,1,1
112-000700-A-0151,1.0,Chuquisaca,Urbano,0,1,0,0.3847,0.1063,0,0
112-000700-A-0171,4.0,Chuquisaca,Urbano,0,0,1,0.4834,0.3762,0,0
112-000700-A-0181,4.0,Chuquisaca,Urbano,0,0,1,0.5685,0.4735,1,0
112-000700-A-0011,3.0,Chuquisaca,Urbano,0,0,1,0.4742,0.2762,0,0
112-000700-A-0021,1.0,Chuquisaca,Urbano,0,0,1,0.4372,0.4147,0,0
112-000700-A-0041,3.0,Chuquisaca,Urbano,0,0,1,0.549,0.3052,1,0
112-000700-A-0061,1.0,Chuquisaca,Urbano,0,0,1,0.4652,0.2741,0,0
112-000700-A-0101,1.0,Chuquisaca,Urbano,0,0,0,0.5776,0.2551,1,0
112-000700-A-0091,1.0,Chuquisaca,Urbano,0,0,0,0.611,0.2779,1,0
112-000700-A-0071,1.0,Chuquisaca,Urbano,0,0,0,0.3962,0.1903,0,0
112-000700-A-0121,2.0,Chuquisaca,Urbano,1,0,0,0.7945,0.7094,1,1
114-002021-A-0051,5.0,Chuquisaca,Urbano,1,0,0,0.7628,0.7537,1,1
114-002021-A-0071,4.0,Chuquisaca,Urbano,0,0,0,0.4044,0.2414,0,0
114-002021-A-0091,1.0,Chuquisaca,Urbano,0,0,0,0.4877,0.2047,0,0
114-002021-A-0101,1.0,Chuquisaca,Urbano,0,0,0,0.4155,0.1534,0,0
114-002021-A-0011,3.0,Chuquisaca,Urbano,0,0,1,0.5555,0.4008,1,0
114-002021-A-0021,1.0,Chuquisaca,Urbano,0,0,1,0.669,0.4135,1,0
114-002021-A-0031,1.0,Chuquisaca,Urbano,0,0,1,0.5813,0.3865,1,0
114-002021-A-0061,1.0,Chuquisaca,Urbano,0,0,1,0.454,0.2044,0,0
114-002021-A-0111,3.0,Chuquisaca,Urbano,0,0,0,0.5108,0.3782,1,0
114-002021-A-0131,3.0,Chuquisaca,Urbano,0,0,0,0.4983,0.3887,0,0
114-002021-A-0141,1.0,Chuquisaca,Urbano,0,0,0,0.3647,0.2442,0,0
114-002021-A-0151,3.0,Chuquisaca,Urbano,0,0,0,0.423,0.2612,0,0
114-001877-A-0071,1.0,Chuquisaca,Urbano,1,0,0,0.4109,0.5962,0,1
114-001877-A-0091,1.0,Chuquisaca,Urbano,0,0,0,0.4639,0.277,0,0
114-001877-A-0101,1.0,Chuquisaca,Urbano,0,0,0,0.4326,0.3115,0,0
114-001877-A-0121,1.0,Chuquisaca,Urbano,0,0,0,0.5007,0.3137,1,0
114-001877-A-0011,1.0,Chuquisaca,Urbano,0,0,1,0.4992,0.3331,0,0
114-001877-A-0021,3.0,Chuquisaca,Urbano,0,0,0,0.4206,0.2863,0,0
114-001877-A-0041,1.0,Chuquisaca,Urbano,0,0,0,0.5537,0.2475,1,0
114-001877-A-0061,3.0,Chuquisaca,Urbano,0,0,1,0.4719,0.299,0,0
114-001877-A-0131,1.0,Chuquisaca,Urbano,0,0,0,0.4615,0.1573,0,0
114-001877-A-0171,3.0,Chuquisaca,Urbano,0,0,0,0.4859,0.3843,0,0
114-001877-A-0151,1.0,Chuquisaca,Urbano,0,1,0,0.5148,0.2599,1,0
114-001877-A-0181,1.0,Chuquisaca,Urbano,0,0,0,0.36,0.2281,0,0
114-001940-A-0011,2.0,Chuquisaca,Urbano,1,0,1,0.4072,0.1656,0,0
114-001940-A-0031,2.0,Chuquisaca,Urbano,0,0,1,0.5947,0.3027,1,0
114-001940-A-0051,3.0,Chuquisaca,Urbano,0,0,0,0.4178,0.2225,0,0
114-001940-A-0171,1.0,Chuquisaca,Urbano,0,0,0,0.4406,0.2745,0,0
114-001940-A-0221,3.0,Chuquisaca,Urbano,0,0,0,0.4646,0.2591,0,0
114-001940-A-0211,3.0,Chuquisaca,Urbano,0,0,0,0.4898,0.2657,0,0
114-001940-A-0091,3.0,Chuquisaca,Urbano,0,0,1,0.4806,0.3287,0,0
114-001940-A-0111,3.0,Chuquisaca,Urbano,0,0,0,0.4866,0.3408,0,0
114-001940-A-0131,1.0,Chuquisaca,Urbano,0,0,0,0.3154,0.2523,0,0
114-001940-A-0151,1.0,Chuquisaca,Urbano,0,0,1,0.4151,0.2182,0,0
114-001762-A-0081,1.0,Chuquisaca,Urbano,0,0,1,0.3951,0.2545,0,0
114-001762-A-0031,2.0,Chuquisaca,Urbano,0,0,0,0.7239,0.5211,1,1
114-001762-A-0011,1.0,Chuquisaca,Urbano,0,0,0,0.4949,0.3357,0,0
114-001762-A-0021,1.0,Chuquisaca,Urbano,0,0,0,0.4952,0.3602,0,0
114-001762-A-0041,1.0,Chuquisaca,Urbano,0,0,0,0.4286,0.2447,0,0
114-001762-A-0051,2.0,Chuquisaca,Urbano,0,0,0,0.5724,0.3143,1,0
114-001762-A-0071,1.0,Chuquisaca,Urbano,0,0,0,0.4725,0.2162,0,0
114-001762-A-0091,1.0,Chuquisaca,Urbano,0,0,0,0.3701,0.1581,0,0
114-001762-A-0101,1.0,Chuquisaca,Urbano,0,1,0,0.5085,0.2662,1,0
114-001762-A-0111,1.0,Chuquisaca,Urbano,1,0,0,0.8689,0.799,1,1
114-001762-A-0121,1.0,Chuquisaca,Urbano,1,0,1,0.5348,0.6129,1,1
111-000135-A-0061,1.0,Chuquisaca,Urbano,0,0,1,0.4956,0.2818,0,0
111-000135-A-0081,2.0,Chuquisaca,Urbano,0,0,1,0.7926,0.5256,1,1
111-000135-A-0091,1.0,Chuquisaca,Urbano,0,0,0,0.8569,0.5568,1,1
111-000135-A-0101,1.0,Chuquisaca,Urbano,1,0,0,0.7728,0.6802,1,1
111-000135-A-0011,1.0,Chuquisaca,Urbano,0,0,0,0.8638,0.6743,1,1
111-000135-A-0021,1.0,Chuquisaca,Urbano,0,0,0,0.771,0.3238,1,0
111-000135-A-0031,2.0,Chuquisaca,Urbano,0,0,0,0.849,0.6577,1,1
111-000135-A-0051,3.0,Chuquisaca,Urbano,0,0,0,0.5401,0.3482,1,0
111-000135-A-0121,1.0,Chuquisaca,Urbano,1,0,0,0.5829,0.547,1,1
111-000135-A-0131,1.0,Chuquisaca,Urbano,0,1,0,0.5365,0.395,1,0
111-000135-A-0151,1.0,Chuquisaca,Urbano,0,1,1,0.574,0.2874,1,0
111-000135-A-0161,1.0,Chuquisaca,Urbano,1,0,0,0.7088,0.6235,1,1
113-001257-A-0241,2.0,Chuquisaca,Urbano,1,0,0,0.6668,0.5256,1,1
113-001257-A-0271,1.0,Chuquisaca,Urbano,0,0,0,0.4486,0.2005,0,0
113-001257-A-0291,1.0,Chuquisaca,Urbano,0,0,0,0.4509,0.2218,0,0
113-001257-A-0321,1.0,Chuquisaca,Urbano,0,0,1,0.3943,0.266,0,0
113-001257-A-0131,3.0,Chuquisaca,Urbano,0,0,0,0.427,0.2351,0,0
113-001257-A-0161,1.0,Chuquisaca,Urbano,0,0,1,0.7228,0.6024,1,1
113-001257-A-0181,1.0,Chuquisaca,Urbano,0,0,0,0.5375,0.2428,1,0
113-001257-A-0211,4.0,Chuquisaca,Urbano,0,0,0,0.5299,0.3451,1,0
113-001257-A-0021,1.0,Chuquisaca,Urbano,0,0,0,0.5068,0.3504,1,0
113-001257-A-0071,1.0,Chuquisaca,Urbano,1,0,0,0.6114,0.6528,1,1
113-001257-A-0101,3.0,Chuquisaca,Urbano,0,0,0,0.6876,0.3914,1,0
111-000005-A-0061,3.0,Chuquisaca,Urbano,0,0,0,0.7721,0.4805,1,0
111-000005-A-0071,2.0,Chuquisaca,Urbano,0,0,1,0.6746,0.3939,1,0
111-000005-A-0081,1.0,Chuquisaca,Urbano,0,0,0,0.6817,0.4359,1,0
111-000005-A-0051,2.0,Chuquisaca,Urbano,1,1,0,0.7367,0.687,1,1
111-000005-A-0091,3.0,Chuquisaca,Urbano,0,0,0,0.4172,0.2913,0,0
111-000005-A-0111,3.0,Chuquisaca,Urbano,0,0,0,0.5613,0.2837,1,0
111-000005-A-0121,5.0,Chuquisaca,Urbano,0,0,0,0.6601,0.5005,1,1
111-000005-A-0011,2.0,Chuquisaca,Urbano,0,0,0,0.6032,0.4481,1,0
111-000005-A-0021,4.0,Chuquisaca,Urbano,0,0,0,0.5292,0.3516,1,0
111-000005-A-0041,1.0,Chuquisaca,Urbano,1,0,1,0.7698,0.7614,1,1
114-001700-A-0061,1.0,Chuquisaca,Urbano,0,0,1,0.4276,0.2773,0,0
114-001700-A-0071,1.0,Chuquisaca,Urbano,0,0,0,0.3633,0.1495,0,0
114-001700-A-0091,3.0,Chuquisaca,Urbano,0,1,1,0.5691,0.3027,1,0
114-001700-A-0101,3.0,Chuquisaca,Urbano,0,0,1,0.3328,0.1599,0,0
114-001700-A-0011,1.0,Chuquisaca,Urbano,0,0,1,0.4459,0.2539,0,0
114-001700-A-0021,4.0,Chuquisaca,Urbano,0,1,0,0.3944,0.3045,0,0
114-001700-A-0031,1.0,Chuquisaca,Urbano,0,0,1,0.2559,0.1401,0,0
114-001700-A-0051,3.0,Chuquisaca,Urbano,0,0,1,0.3699,0.3359,0,0
114-001700-A-0131,2.0,Chuquisaca,Urbano,0,0,1,0.4907,0.2906,0,0
114-001700-A-0151,1.0,Chuquisaca,Urbano,0,0,0,0.3719,0.2794,0,0
114-001700-A-0111,2.0,Chuquisaca,Urbano,0,0,1,0.4145,0.2786,0,0
114-002232-A-0021,3.0,Chuquisaca,Urbano,1,0,0,0.3827,0.4221,0,0
114-002232-A-0061,1.0,Chuquisaca,Urbano,0,0,1,0.4679,0.2403,0,0
114-002232-A-0101,1.0,Chuquisaca,Urbano,1,0,0,0.4085,0.4915,0,0
114-002232-A-0141,3.0,Chuquisaca,Urbano,0,1,1,0.4251,0.2844,0,0
114-002232-A-0171,1.0,Chuquisaca,Urbano,0,0,0,0.5236,0.2523,1,0
114-002232-A-0211,3.0,Chuquisaca,Urbano,0,0,0,0.4176,0.2718,0,0
114-002232-A-0251,1.0,Chuquisaca,Urbano,0,0,1,0.4274,0.2261,0,0
114-002232-A-0291,1.0,Chuquisaca,Urbano,0,0,0,0.4113,0.3106,0,0
114-002232-A-0321,1.0,Chuquisaca,Urbano,0,0,1,0.5465,0.3195,1,0
114-002232-A-0361,1.0,Chuquisaca,Urbano,0,0,1,0.4999,0.2516,0,0
114-002232-A-0401,1.0,Chuquisaca,Urbano,0,0,0,0.4505,0.2341,0,0
114-002232-A-0441,1.0,Chuquisaca,Urbano,0,0,1,0.3741,0.2319,0,0
114-001639-A-0011,3.0,Chuquisaca,Urbano,0,0,1,0.4077,0.3299,0,0
114-001639-A-0031,1.0,Chuquisaca,Urbano,0,0,0,0.5735,0.4467,1,0
114-001639-A-0061,1.0,Chuquisaca,Urbano,0,0,0,0.5675,0.2732,1,0
114-001639-A-0081,1.0,Chuquisaca,Urbano,0,0,1,0.4352,0.2153,0,0
114-001639-A-0101,1.0,Chuquisaca,Urbano,0,0,0,0.4376,0.1886,0,0
114-001639-A-0131,1.0,Chuquisaca,Urbano,0,0,0,0.3155,0.1176,0,0
114-001639-A-0151,1.0,Chuquisaca,Urbano,0,0,0,0.4063,0.098,0,0
114-001639-A-0181,1.0,Chuquisaca,Urbano,0,0,1,0.3919,0.1829,0,0
114-001639-A-0231,3.0,Chuquisaca,Urbano,0,0,1,0.3968,0.1661,0,0
114-001639-A-0271,2.0,Chuquisaca,Urbano,0,0,1,0.6544,0.3529,1,0
113-000893-A-0011,3.0,Chuquisaca,Urbano,0,0,1,0.4322,0.344,0,0
113-000893-A-0031,3.0,Chuquisaca,Urbano,0,0,1,0.4111,0.2651,0,0
113-000893-A-0051,4.0,Chuquisaca,Urbano,0,0,1,0.5517,0.2834,1,0
113-000893-A-0061,1.0,Chuquisaca,Urbano,0,0,1,0.4404,0.1664,0,0
113-000893-A-0081,3.0,Chuquisaca,Urbano,0,0,0,0.5865,0.3836,1,0
113-000893-A-0101,3.0,Chuquisaca,Urbano,0,0,0,0.3793,0.2641,0,0
113-000893-A-0121,3.0,Chuquisaca,Urbano,0,0,0,0.4718,0.2805,0,0
113-000893-A-0141,1.0,Chuquisaca,Urbano,0,0,0,0.4944,0.29,0,0
113-000893-A-0171,1.0,Chuquisaca,Urbano,0,0,0,0.3771,0.1978,0,0
113-000893-A-0211,1.0,Chuquisaca,Urbano,0,0,0,0.6791,0.5556,1,1
112-000633-A-0131,4.0,Chuquisaca,Urbano,0,0,0,0.5195,0.3577,1,0
112-000633-A-0161,3.0,Chuquisaca,Urbano,0,0,1,0.5186,0.3766,1,0
112-000633-A-0171,1.0,Chuquisaca,Urbano,0,0,1,0.3828,0.1659,0,0
112-000633-A-0141,3.0,Chuquisaca,Urbano,0,0,1,0.4888,0.2616,0,0
112-000633-A-0071,3.0,Chuquisaca,Urbano,0,0,1,0.3952,0.2552,0,0
112-000633-A-0111,1.0,Chuquisaca,Urbano,0,0,1,0.6929,0.4065,1,0
112-000633-A-0101,1.0,Chuquisaca,Urbano,1,0,1,0.5954,0.4176,1,0
112-000633-A-0081,3.0,Chuquisaca,Urbano,0,0,1,0.4596,0.2687,0,0
112-000633-A-0021,2.0,Chuquisaca,Urbano,0,0,0,0.4345,0.2825,0,0
113-001335-A-0021,1.0,Chuquisaca,Urbano,1,0,1,0.5125,0.5755,1,1
113-001335-A-0051,1.0,Chuquisaca,Urbano,0,0,0,0.3822,0.2391,0,0
113-001335-A-0071,1.0,Chuquisaca,Urbano,0,0,0,0.4282,0.3095,0,0
113-001335-A-0101,1.0,Chuquisaca,Urbano,0,0,1,0.4713,0.1802,0,0
113-001335-A-0131,1.0,Chuquisaca,Urbano,0,1,0,0.6657,0.3304,1,0
113-001335-A-0161,1.0,Chuquisaca,Urbano,0,0,0,0.6504,0.4413,1,0
113-001335-A-0181,3.0,Chuquisaca,Urbano,0,0,0,0.4516,0.3025,0,0
113-001335-A-0211,1.0,Chuquisaca,Urbano,0,0,1,0.3646,0.2456,0,0
113-001335-A-0241,1.0,Chuquisaca,Urbano,0,0,0,0.4089,0.2111,0,0
113-001335-A-0271,4.0,Chuquisaca,Urbano,0,0,0,0.812,0.5256,1,1
113-001335-A-0321,1.0,Chuquisaca,Urbano,0,0,0,0.4257,0.3071,0,0
112-000564-A-0151,7.0,Chuquisaca,Urbano,0,0,0,0.5109,0.2525,1,0
112-000564-A-0131,1.0,Chuquisaca,Urbano,0,1,1,0.582,0.2654,1,0
112-000564-A-0181,3.0,Chuquisaca,Urbano,0,0,1,0.4694,0.2851,0,0
112-000564-A-0101,1.0,Chuquisaca,Urbano,0,0,0,0.6691,0.4656,1,0
112-000564-A-0011,1.0,Chuquisaca,Urbano,1,0,0,0.5116,0.5532,1,1
112-000564-A-0031,1.0,Chuquisaca,Urbano,0,0,0,0.5457,0.3349,1,0
112-000564-A-0061,4.0,Chuquisaca,Urbano,0,0,0,0.6363,0.5696,1,1
112-000564-A-0081,1.0,Chuquisaca,Urbano,0,0,0,0.6497,0.4265,1,0
112-000564-A-0231,1.0,Chuquisaca,Urbano,0,0,0,0.8436,0.6775,1,1
112-000564-A-0251,3.0,Chuquisaca,Urbano,0,0,0,0.517,0.362,1,0
112-000564-A-0271,1.0,Chuquisaca,Urbano,0,0,0,0.7421,0.5591,1,1
114-002160-A-0061,3.0,Chuquisaca,Urbano,1,0,0,0.4734,0.476,0,0
114-002160-A-0051,3.0,Chuquisaca,Urbano,0,0,0,0.3289,0.1446,0,0
114-002160-A-0031,3.0,Chuquisaca,Urbano,0,0,0,0.4988,0.29,0,0
114-002160-A-0011,3.0,Chuquisaca,Urbano,0,0,1,0.393,0.2448,0,0
114-002160-A-0081,3.0,Chuquisaca,Urbano,0,0,0,0.5585,0.3281,1,0
114-002160-A-0101,1.0,Chuquisaca,Urbano,0,0,0,0.7175,0.481,1,0
114-002160-A-0121,1.0,Chuquisaca,Urbano,0,0,0,0.3993,0.2803,0,0
114-002160-A-0141,3.0,Chuquisaca,Urbano,1,0,0,0.5388,0.6211,1,1
114-002160-A-0171,3.0,Chuquisaca,Urbano,0,0,0,0.5078,0.282,1,0
114-002160-A-0211,1.0,Chuquisaca,Urbano,0,0,0,0.4817,0.2878,0,0
114-002160-A-0161,1.0,Chuquisaca,Urbano,0,0,1,0.4794,0.3357,0,0
152-003967-D-0031,1.0,Chuquisaca,Rural,0,0,0,0.6368,0.3812,1,0
152-003967-D-0041,1.0,Chuquisaca,Rural,0,0,0,0.6922,0.3631,1,0
152-003967-D-0021,1.0,Chuquisaca,Rural,0,0,0,0.5436,0.313,1,0
152-003967-D-0011,1.0,Chuquisaca,Rural,0,0,0,0.6652,0.254,1,0
152-003967-D-0091,1.0,Chuquisaca,Rural,0,0,0,0.4213,0.1688,0,0
152-003967-D-0121,1.0,Chuquisaca,Rural,0,0,0,0.5531,0.3442,1,0
152-003967-D-0101,4.0,Chuquisaca,Rural,1,0,0,0.4759,0.6036,0,1
152-003967-D-0111,1.0,Chuquisaca,Rural,0,0,0,0.6439,0.3054,1,0
152-003967-D-0061,1.0,Chuquisaca,Rural,0,0,0,0.6303,0.3159,1,0
152-003967-D-0071,1.0,Chuquisaca,Rural,0,0,1,0.6045,0.3351,1,0
152-003967-D-0051,1.0,Chuquisaca,Rural,0,0,1,0.432,0.2633,0,0
144-003063-A-0061,1.0,Chuquisaca,Rural,0,0,1,0.5941,0.3532,1,0
144-003063-A-0071,1.0,Chuquisaca,Rural,0,0,1,0.4869,0.2522,0,0
144-003063-A-0141,1.0,Chuquisaca,Rural,0,0,0,0.6268,0.5223,1,1
144-003063-A-0111,3.0,Chuquisaca,Rural,0,0,1,0.2972,0.2797,0,0
144-003063-A-0021,4.0,Chuquisaca,Rural,0,0,1,0.3891,0.2868,0,0
144-003063-A-0041,1.0,Chuquisaca,Rural,1,0,1,0.615,0.6367,1,1
144-003063-A-0011,2.0,Chuquisaca,Rural,0,1,1,0.6203,0.5984,1,1
144-003063-A-0031,5.0,Chuquisaca,Rural,0,0,1,0.4025,0.4388,0,0
144-003063-A-0081,1.0,Chuquisaca,Rural,0,0,1,0.4351,0.3353,0,0
144-003063-A-0091,1.0,Chuquisaca,Rural,0,0,0,0.5959,0.4637,1,0
144-003063-A-0121,3.0,Chuquisaca,Rural,0,0,1,0.3195,0.2809,0,0
151-004182-D-0011,1.0,Chuquisaca,Rural,0,0,0,0.7152,0.3977,1,0
151-004182-D-0031,1.0,Chuquisaca,Rural,0,0,0,0.5387,0.4299,1,0
151-004182-D-0061,1.0,Chuquisaca,Rural,0,0,0,0.7318,0.4002,1,0
151-004182-D-0051,4.0,Chuquisaca,Rural,0,0,0,0.496,0.4133,0,0
151-004182-D-0191,1.0,Chuquisaca,Rural,0,0,0,0.701,0.5234,1,1
151-004182-D-0171,1.0,Chuquisaca,Rural,0,0,0,0.6278,0.383,1,0
151-004182-D-0151,1.0,Chuquisaca,Rural,0,0,0,0.69,0.2778,1,0
151-004182-D-0201,3.0,Chuquisaca,Rural,0,0,0,0.5013,0.3403,1,0
151-004182-D-0101,1.0,Chuquisaca,Rural,0,0,1,0.3808,0.3601,0,0
151-004182-D-0121,3.0,Chuquisaca,Rural,0,0,1,0.5537,0.3922,1,0
151-004182-D-0081,1.0,Chuquisaca,Rural,0,0,1,0.7625,0.3219,1,0
151-004182-D-0131,1.0,Chuquisaca,Rural,0,0,1,0.7267,0.4945,1,0
154-003762-D-0011,1.0,Chuquisaca,Rural,0,1,0,0.3789,0.2995,0,0
154-003762-D-0061,3.0,Chuquisaca,Rural,0,0,0,0.306,0.2227,0,0
154-003762-D-0031,3.0,Chuquisaca,Rural,0,0,0,0.3795,0.4426,0,0
154-003762-D-0041,1.0,Chuquisaca,Rural,0,0,1,0.2439,0.155,0,0
154-003762-D-0111,3.0,Chuquisaca,Rural,0,0,0,0.4671,0.2037,0,0
154-003762-D-0131,2.0,Chuquisaca,Rural,0,0,0,0.4197,0.2305,0,0
154-003762-D-0081,1.0,Chuquisaca,Rural,0,0,0,0.5162,0.3353,1,0
154-003762-D-0091,1.0,Chuquisaca,Rural,0,0,0,0.3415,0.2621,0,0
154-003762-D-0141,1.0,Chuquisaca,Rural,0,0,1,0.5374,0.3577,1,0
154-003762-D-0191,1.0,Chuquisaca,Rural,0,0,1,0.2654,0.1762,0,0
154-003762-D-0161,1.0,Chuquisaca,Rural,0,0,0,0.5942,0.335,1,0
154-003762-D-0181,1.0,Chuquisaca,Rural,0,0,0,0.3182,0.1914,0,0
142-003742-D-0271,3.0,Chuquisaca,Rural,0,0,0,0.3296,0.223,0,0
142-003742-D-0301,4.0,Chuquisaca,Rural,0,1,0,0.3095,0.2181,0,0
142-003742-D-0331,2.0,Chuquisaca,Rural,0,0,0,0.3277,0.249,0,0
142-003742-D-0081,3.0,Chuquisaca,Rural,0,0,0,0.3721,0.2116,0,0
142-003742-D-0011,1.0,Chuquisaca,Rural,0,0,1,0.4168,0.4094,0,0
142-003742-D-0051,1.0,Chuquisaca,Rural,0,0,1,0.5683,0.431,1,0
142-003742-D-0111,1.0,Chuquisaca,Rural,0,0,1,0.2969,0.237,0,0
142-003742-D-0171,1.0,Chuquisaca,Rural,0,0,0,0.3656,0.2755,0,0
142-003742-D-0201,1.0,Chuquisaca,Rural,0,0,0,0.3036,0.1904,0,0
142-003742-D-0241,1.0,Chuquisaca,Rural,0,0,0,0.4345,0.3018,0,0
142-003742-D-0141,3.0,Chuquisaca,Rural,0,0,0,0.3152,0.305,0,0
143-003901-D-0041,1.0,Chuquisaca,Rural,0,0,1,0.4566,0.3438,0,0
143-003901-D-0071,2.0,Chuquisaca,Rural,1,1,1,0.623,0.6505,1,1
143-003901-D-0101,3.0,Chuquisaca,Rural,0,0,0,0.355,0.2308,0,0
143-003901-D-0011,4.0,Chuquisaca,Rural,0,0,0,0.327,0.3727,0,0
143-003901-D-0251,1.0,Chuquisaca,Rural,0,0,0,0.6198,0.4506,1,0
143-003901-D-0341,1.0,Chuquisaca,Rural,0,0,1,0.6445,0.3933,1,0
143-003901-D-0311,3.0,Chuquisaca,Rural,0,0,1,0.4522,0.2824,0,0
143-003901-D-0281,3.0,Chuquisaca,Rural,0,0,1,0.3496,0.4285,0,0
143-003901-D-0191,3.0,Chuquisaca,Rural,0,0,0,0.366,0.1912,0,0
143-003901-D-0221,1.0,Chuquisaca,Rural,0,0,1,0.4367,0.2545,0,0
143-003901-D-0161,1.0,Chuquisaca,Rural,0,1,0,0.3159,0.2905,0,0
143-003901-D-0131,1.0,Chuquisaca,Rural,0,0,0,0.4587,0.2329,0,0
153-003925-D-0071,1.0,Chuquisaca,Rural,0,1,1,0.4652,0.3443,0,0
153-003925-D-0081,1.0,Chuquisaca,Rural,0,0,1,0.5399,0.3601,1,0
153-003925-D-0101,3.0,Chuquisaca,Rural,0,0,1,0.3523,0.162,0,0
153-003925-D-0111,3.0,Chuquisaca,Rural,0,0,0,0.3849,0.3025,0,0
153-003925-D-0131,1.0,Chuquisaca,Rural,0,0,0,0.5223,0.3466,1,0
153-003925-D-0141,1.0,Chuquisaca,Rural,0,0,0,0.4891,0.3087,0,0
153-003925-D-0161,1.0,Chuquisaca,Rural,0,0,0,0.4615,0.3224,0,0
153-003925-D-0171,1.0,Chuquisaca,Rural,0,0,0,0.5398,0.4247,1,0
153-003925-D-0011,1.0,Chuquisaca,Rural,0,0,0,0.4879,0.333,0,0
153-003925-D-0021,3.0,Chuquisaca,Rural,0,0,0,0.3777,0.1937,0,0
153-003925-D-0041,3.0,Chuquisaca,Rural,0,0,0,0.4953,0.2685,0,0
153-003925-D-0051,3.0,Chuquisaca,Rural,0,0,0,0.4626,0.3968,0,0
152-004020-D-0161,1.0,Chuquisaca,Rural,0,0,0,0.4045,0.1866,0,0
152-004020-D-0131,1.0,Chuquisaca,Rural,0,0,1,0.4162,0.2163,0,0
152-004020-D-0211,1.0,Chuquisaca,Rural,0,0,0,0.4675,0.349,0,0
152-004020-D-0181,1.0,Chuquisaca,Rural,0,0,0,0.4905,0.2552,0,0
152-004020-D-0291,2.0,Chuquisaca,Rural,0,0,0,0.5992,0.4158,1,0
152-004020-D-0271,1.0,Chuquisaca,Rural,0,0,0,0.3791,0.2622,0,0
152-004020-D-0071,1.0,Chuquisaca,Rural,0,0,0,0.412,0.3011,0,0
152-004020-D-0021,1.0,Chuquisaca,Rural,0,0,1,0.6709,0.4241,1,0
152-004020-D-0051,1.0,Chuquisaca,Rural,0,0,0,0.4073,0.196,0,0
152-004020-D-0101,1.0,Chuquisaca,Rural,0,0,1,0.3094,0.1682,0,0
152-004020-D-0241,1.0,Chuquisaca,Rural,0,0,1,0.2636,0.156,0,0
152-004020-D-0321,1.0,Chuquisaca,Rural,0,0,0,0.7971,0.35,1,0
151-003996-D-0251,1.0,Chuquisaca,Rural,0,0,0,0.5817,0.3879,1,0
151-003996-D-0311,1.0,Chuquisaca,Rural,0,0,0,0.54,0.4251,1,0
151-003996-D-0211,1.0,Chuquisaca,Rural,0,0,0,0.6343,0.2958,1,0
151-003996-D-0281,1.0,Chuquisaca,Rural,1,0,0,0.6334,0.6051,1,1
151-003996-D-0011,3.0,Chuquisaca,Rural,0,0,0,0.3737,0.2019,0,0
151-003996-D-0051,1.0,Chuquisaca,Rural,0,0,0,0.499,0.3479,0,0
151-003996-D-0081,1.0,Chuquisaca,Rural,0,0,0,0.5299,0.2946,1,0
151-003996-D-0351,1.0,Chuquisaca,Rural,0,0,0,0.5944,0.3682,1,0
151-003996-D-0111,3.0,Chuquisaca,Rural,0,0,1,0.5875,0.3504,1,0
151-003996-D-0181,3.0,Chuquisaca,Rural,0,0,1,0.5222,0.3004,1,0
151-003996-D-0381,1.0,Chuquisaca,Rural,0,0,1,0.8221,0.3365,1,0
151-003996-D-0151,1.0,Chuquisaca,Rural,0,0,1,0.7462,0.2326,1,0
131-002736-A-0111,1.0,Chuquisaca,Urbano,1,0,0,0.6311,0.7164,1,1
131-002736-A-0071,1.0,Chuquisaca,Urbano,0,0,0,0.6765,0.4828,1,0
131-002736-A-0091,2.0,Chuquisaca,Urbano,0,0,0,0.5794,0.3691,1,0
131-002736-A-0081,4.0,Chuquisaca,Urbano,0,0,0,0.4915,0.3251,0,0
131-002736-A-0061,4.0,Chuquisaca,Urbano,0,0,0,0.7027,0.3377,1,0
131-002736-A-0131,4.0,Chuquisaca,Urbano,0,0,0,0.5402,0.2833,1,0
131-002736-A-0141,1.0,Chuquisaca,Urbano,0,0,0,0.624,0.4242,1,0
131-002736-A-0121,1.0,Chuquisaca,Urbano,0,0,0,0.4993,0.3234,0,0
131-002736-A-0011,1.0,Chuquisaca,Urbano,0,0,1,0.672,0.5644,1,1
131-002736-A-0031,3.0,Chuquisaca,Urbano,0,0,1,0.5776,0.2351,1,0
131-002736-A-0021,1.0,Chuquisaca,Urbano,0,0,0,0.6599,0.3584,1,0
131-002736-A-0041,1.0,Chuquisaca,Urbano,0,0,0,0.5047,0.4436,1,0
144-003631-A-0111,1.0,Chuquisaca,Rural,1,0,0,0.4587,0.6648,0,1
144-003631-A-0121,1.0,Chuquisaca,Rural,0,0,0,0.4768,0.286,0,0
144-003631-A-0091,1.0,Chuquisaca,Rural,1,0,0,0.5907,0.6186,1,1
144-003631-A-0101,1.0,Chuquisaca,Rural,1,0,0,0.4893,0.5721,0,1
144-003631-A-0081,5.0,Chuquisaca,Rural,0,0,0,0.4058,0.2959,0,0
144-003631-A-0051,1.0,Chuquisaca,Rural,1,0,0,0.4216,0.7089,0,1
144-003631-A-0071,1.0,Chuquisaca,Rural,1,0,0,0.5747,0.6429,1,1
144-003631-A-0031,1.0,Chuquisaca,Rural,0,0,0,0.2848,0.2337,0,0
144-003631-A-0011,3.0,Chuquisaca,Rural,0,1,0,0.384,0.3809,0,0
144-003631-A-0021,1.0,Chuquisaca,Rural,1,0,0,0.3012,0.6144,0,1
144-003631-A-0041,1.0,Chuquisaca,Rural,1,0,0,0.3618,0.5829,0,1
141-005121-D-0021,1.0,Chuquisaca,Rural,0,0,0,0.4468,0.3112,0,0
141-005121-D-0031,1.0,Chuquisaca,Rural,0,0,0,0.6539,0.4293,1,0
141-005121-D-0051,1.0,Chuquisaca,Rural,0,1,1,0.4887,0.2708,0,0
141-005121-D-0011,2.0,Chuquisaca,Rural,0,0,0,0.6493,0.4937,1,0
141-005121-D-0161,1.0,Chuquisaca,Rural,0,0,0,0.816,0.4959,1,0
141-005121-D-0131,1.0,Chuquisaca,Rural,0,0,0,0.5135,0.3478,1,0
141-005121-D-0121,1.0,Chuquisaca,Rural,0,0,1,0.6438,0.3043,1,0
141-005121-D-0151,2.0,Chuquisaca,Rural,0,0,0,0.5279,0.3815,1,0
141-005121-D-0101,3.0,Chuquisaca,Rural,0,0,0,0.4708,0.2923,0,0
141-005121-D-0091,1.0,Chuquisaca,Rural,0,0,0,0.6744,0.4505,1,0
141-005121-D-0081,1.0,Chuquisaca,Rural,1,0,0,0.6081,0.5353,1,1
141-005121-D-0061,1.0,Chuquisaca,Rural,1,0,0,0.5306,0.5677,1,1
143-005139-D-0191,3.0,Chuquisaca,Rural,0,0,0,0.3621,0.3714,0,0
143-005139-D-0231,5.0,Chuquisaca,Rural,0,0,0,0.3987,0.3158,0,0
143-005139-D-0171,3.0,Chuquisaca,Rural,1,0,0,0.3996,0.5925,0,1
143-005139-D-0031,1.0,Chuquisaca,Rural,1,0,1,0.5867,0.449,1,0
143-005139-D-0051,1.0,Chuquisaca,Rural,0,0,0,0.2802,0.1427,0,0
143-005139-D-0011,1.0,Chuquisaca,Rural,1,0,0,0.5648,0.4511,1,0
143-005139-D-0211,1.0,Chuquisaca,Rural,1,0,0,0.5892,0.6297,1,1
143-005139-D-0121,3.0,Chuquisaca,Rural,1,0,0,0.4153,0.5374,0,1
143-005139-D-0141,1.0,Chuquisaca,Rural,0,0,0,0.4757,0.4721,0,0
143-005139-D-0101,1.0,Chuquisaca,Rural,0,0,0,0.6399,0.4033,1,0
143-005139-D-0081,1.0,Chuquisaca,Rural,0,0,0,0.4974,0.3994,0,0
153-005147-D-0041,1.0,Chuquisaca,Rural,0,1,0,0.589,0.4007,1,0
153-005147-D-0091,1.0,Chuquisaca,Rural,0,0,0,0.548,0.3876,1,0
153-005147-D-0131,3.0,Chuquisaca,Rural,1,0,0,0.5536,0.7121,1,1
153-005147-D-0141,1.0,Chuquisaca,Rural,1,0,0,0.4817,0.6054,0,1
153-005147-D-0111,2.0,Chuquisaca,Rural,1,0,0,0.5313,0.6053,1,1
153-005147-D-0121,1.0,Chuquisaca,Rural,1,0,0,0.4834,0.7244,0,1
153-005147-D-0071,1.0,Chuquisaca,Rural,0,1,1,0.3662,0.2252,0,0
153-005147-D-0081,1.0,Chuquisaca,Rural,0,0,0,0.3934,0.5619,0,1
153-005147-D-0061,1.0,Chuquisaca,Rural,0,0,0,0.522,0.4632,1,0
153-005147-D-0011,4.0,Chuquisaca,Rural,0,0,0,0.4708,0.3277,0,0
153-005147-D-0021,4.0,Chuquisaca,Rural,0,0,1,0.4255,0.2472,0,0
153-005147-D-0031,1.0,Chuquisaca,Rural,0,0,1,0.5607,0.5171,1,1
133-002537-A-0031,1.0,Chuquisaca,Urbano,0,0,0,0.5255,0.4212,1,0
133-002537-A-0051,1.0,Chuquisaca,Urbano,0,0,0,0.435,0.1563,0,0
133-002537-A-0071,3.0,Chuquisaca,Urbano,0,0,0,0.7843,0.5342,1,1
133-002537-A-0011,3.0,Chuquisaca,Urbano,0,0,0,0.4503,0.3144,0,0
133-002537-A-0251,1.0,Chuquisaca,Urbano,1,0,0,0.63,0.3847,1,0
133-002537-A-0221,1.0,Chuquisaca,Urbano,0,0,1,0.618,0.3805,1,0
133-002537-A-0181,2.0,Chuquisaca,Urbano,0,0,0,0.4309,0.2943,0,0
133-002537-A-0201,1.0,Chuquisaca,Urbano,0,0,0,0.3853,0.224,0,0
133-002537-A-0121,3.0,Chuquisaca,Urbano,0,1,0,0.4531,0.3096,0,0
133-002537-A-0141,1.0,Chuquisaca,Urbano,0,1,1,0.7808,0.4907,1,0
133-002537-A-0161,1.0,Chuquisaca,Urbano,0,0,1,0.401,0.2735,0,0
132-002505-A-0151,1.0,Chuquisaca,Urbano,1,0,0,0.5634,0.6181,1,1
132-002505-A-0141,1.0,Chuquisaca,Urbano,0,0,1,0.7628,0.465,1,0
132-002505-A-0131,1.0,Chuquisaca,Urbano,0,1,1,0.4937,0.2792,0,0
132-002505-A-0111,3.0,Chuquisaca,Urbano,0,0,0,0.5831,0.3971,1,0
132-002505-A-0031,1.0,Chuquisaca,Urbano,1,0,0,0.5948,0.6976,1,1
132-002505-A-0021,1.0,Chuquisaca,Urbano,1,0,0,0.7856,0.5912,1,1
132-002505-A-0051,1.0,Chuquisaca,Urbano,0,0,0,0.6124,0.5088,1,1
132-002505-A-0011,1.0,Chuquisaca,Urbano,0,0,0,0.515,0.2981,1,0
132-002505-A-0091,3.0,Chuquisaca,Urbano,0,0,1,0.5455,0.443,1,0
132-002505-A-0061,1.0,Chuquisaca,Urbano,0,0,0,0.4887,0.3304,0,0
152-004376-D-0171,1.0,Chuquisaca,Rural,0,0,0,0.5544,0.4556,1,0
152-004376-D-0131,1.0,Chuquisaca,Rural,0,0,0,0.583,0.3603,1,0
152-004376-D-0141,1.0,Chuquisaca,Rural,0,0,0,0.6841,0.4848,1,0
152-004376-D-0161,1.0,Chuquisaca,Rural,0,0,0,0.531,0.4571,1,0
152-004376-D-0021,6.0,Chuquisaca,Rural,0,0,0,0.6788,0.4599,1,0
152-004376-D-0041,1.0,Chuquisaca,Rural,0,0,0,0.735,0.4518,1,0
152-004376-D-0051,2.0,Chuquisaca,Rural,0,0,0,0.5243,0.3909,1,0
152-004376-D-0011,1.0,Chuquisaca,Rural,1,0,0,0.722,0.427,1,0
152-004376-D-0081,3.0,Chuquisaca,Rural,0,0,0,0.6109,0.4556,1,0
152-004376-D-0071,1.0,Chuquisaca,Rural,0,1,1,0.5549,0.4647,1,0
152-004376-D-0111,5.0,Chuquisaca,Rural,0,0,0,0.6957,0.3936,1,0
152-004376-D-0101,1.0,Chuquisaca,Rural,0,0,0,0.6108,0.3837,1,0
142-003462-A-0111,1.0,Chuquisaca,Rural,0,0,0,0.6407,0.4349,1,0
142-003462-A-0091,1.0,Chuquisaca,Rural,0,0,0,0.4614,0.3298,0,0
142-003462-A-0151,2.0,Chuquisaca,Rural,0,0,0,0.5233,0.2526,1,0
142-003462-A-0131,1.0,Chuquisaca,Rural,0,0,0,0.5446,0.2556,1,0
142-003462-A-0171,1.0,Chuquisaca,Rural,0,0,0,0.4135,0.3484,0,0
142-003462-A-0191,5.0,Chuquisaca,Rural,0,0,1,0.6255,0.2692,1,0
142-003462-A-0211,1.0,Chuquisaca,Rural,0,0,0,0.4745,0.2605,0,0
142-003462-A-0231,2.0,Chuquisaca,Rural,0,0,0,0.4551,0.343,0,0
142-003462-A-0071,1.0,Chuquisaca,Rural,0,1,0,0.6414,0.4688,1,0
142-003462-A-0051,1.0,Chuquisaca,Rural,0,0,0,0.6008,0.3003,1,0
142-003462-A-0031,3.0,Chuquisaca,Rural,0,0,1,0.3691,0.2772,0,0
142-003462-A-0011,7.0,Chuquisaca,Rural,1,0,1,0.6135,0.6474,1,1
143-004790-D-0131,1.0,Chuquisaca,Rural,0,0,0,0.4878,0.4219,0,0
143-004790-D-0121,1.0,Chuquisaca,Rural,0,0,0,0.4635,0.364,0,0
143-004790-D-0081,1.0,Chuquisaca,Rural,0,0,0,0.3551,0.3658,0,0
143-004790-D-0091,1.0,Chuquisaca,Rural,0,0,1,0.761,0.547,1,1
143-004790-D-0101,1.0,Chuquisaca,Rural,0,0,0,0.5896,0.4716,1,0
143-004790-D-0051,4.0,Chuquisaca,Rural,0,0,0,0.4275,0.4703,0,0
143-004790-D-0021,1.0,Chuquisaca,Rural,0,0,0,0.4832,0.373,0,0
143-004790-D-0041,3.0,Chuquisaca,Rural,0,0,0,0.4336,0.2723,0,0
143-004790-D-0111,1.0,Chuquisaca,Rural,0,0,0,0.263,0.1308,0,0
143-004790-D-0061,2.0,Chuquisaca,Rural,0,1,0,0.5351,0.2465,1,0
143-004790-D-0011,1.0,Chuquisaca,Rural,1,0,0,0.6279,0.5792,1,1
143-004823-D-0031,2.0,Chuquisaca,Rural,0,0,1,0.6089,0.2524,1,0
143-004823-D-0111,1.0,Chuquisaca,Rural,0,0,1,0.5659,0.3116,1,0
143-004823-D-0381,3.0,Chuquisaca,Rural,0,0,0,0.4599,0.3214,0,0
143-004823-D-0421,1.0,Chuquisaca,Rural,0,0,0,0.4889,0.3267,0,0
143-004823-D-0191,1.0,Chuquisaca,Rural,0,0,0,0.5368,0.3153,1,0
143-004823-D-0301,1.0,Chuquisaca,Rural,1,0,0,0.4672,0.5953,0,1
143-004823-D-0451,1.0,Chuquisaca,Rural,0,0,0,0.3338,0.3206,0,0
143-004823-D-0341,1.0,Chuquisaca,Rural,0,0,0,0.3881,0.3914,0,0
143-004823-D-0151,2.0,Chuquisaca,Rural,0,0,1,0.7824,0.4197,1,0
143-004823-D-0221,1.0,Chuquisaca,Rural,0,0,1,0.6015,0.4163,1,0
142-004969-D-0101,3.0,Chuquisaca,Rural,0,0,0,0.5177,0.3872,1,0
142-004969-D-0171,2.0,Chuquisaca,Rural,0,0,0,0.578,0.3291,1,0
142-004969-D-0031,1.0,Chuquisaca,Rural,0,0,0,0.4243,0.3007,0,0
142-004969-D-0051,10.0,Chuquisaca,Rural,0,0,0,0.4569,0.3118,0,0
142-004969-D-0081,2.0,Chuquisaca,Rural,0,0,0,0.3441,0.1329,0,0
142-004969-D-0011,1.0,Chuquisaca,Rural,0,1,1,0.3581,0.212,0,0
142-004969-D-0211,2.0,Chuquisaca,Rural,0,0,0,0.4258,0.2278,0,0
142-004969-D-0191,1.0,Chuquisaca,Rural,0,0,1,0.7671,0.2877,1,0
142-004969-D-0231,1.0,Chuquisaca,Rural,0,0,1,0.3561,0.1793,0,0
142-003547-A-0381,1.0,Chuquisaca,Rural,1,0,0,0.7254,0.678,1,1
142-003547-A-0151,3.0,Chuquisaca,Rural,0,0,0,0.3138,0.3656,0,0
142-003547-A-0351,1.0,Chuquisaca,Rural,0,0,0,0.4035,0.3216,0,0
142-003547-A-0051,2.0,Chuquisaca,Rural,0,0,0,0.5493,0.2914,1,0
142-003547-A-0081,2.0,Chuquisaca,Rural,0,0,0,0.4512,0.3142,0,0
142-003547-A-0011,1.0,Chuquisaca,Rural,0,0,0,0.3936,0.2443,0,0
142-003547-A-0251,1.0,Chuquisaca,Rural,0,0,0,0.6551,0.4013,1,0
142-003547-A-0281,1.0,Chuquisaca,Rural,0,0,1,0.5547,0.3042,1,0
142-003547-A-0311,3.0,Chuquisaca,Rural,0,0,0,0.4983,0.3791,0,0
144-003539-A-0171,2.0,Chuquisaca,Rural,0,1,1,0.6377,0.3484,1,0
144-003539-A-0211,1.0,Chuquisaca,Rural,0,1,1,0.4783,0.1907,0,0
144-003539-A-0221,1.0,Chuquisaca,Rural,0,1,1,0.4847,0.2157,0,0
144-003539-A-0091,3.0,Chuquisaca,Rural,0,0,0,0.3089,0.2166,0,0
144-003539-A-0111,1.0,Chuquisaca,Rural,0,0,0,0.423,0.243,0,0
144-003539-A-0131,4.0,Chuquisaca,Rural,0,0,0,0.4051,0.2522,0,0
144-003539-A-0151,1.0,Chuquisaca,Rural,0,0,0,0.3829,0.3844,0,0
144-003539-A-0031,6.0,Chuquisaca,Rural,0,0,0,0.5595,0.3535,1,0
144-003539-A-0071,1.0,Chuquisaca,Rural,0,0,0,0.6975,0.3636,1,0
144-003539-A-0011,3.0,Chuquisaca,Rural,0,0,0,0.594,0.3918,1,0
144-003539-A-0051,2.0,Chuquisaca,Rural,0,0,0,0.549,0.3049,1,0
152-004943-D-0011,1.0,Chuquisaca,Rural,0,0,0,0.651,0.3636,1,0
152-004943-D-0071,1.0,Chuquisaca,Rural,0,0,0,0.6555,0.292,1,0
152-004943-D-0151,2.0,Chuquisaca,Rural,0,0,0,0.5682,0.3833,1,0
152-004943-D-0191,1.0,Chuquisaca,Rural,0,0,0,0.536,0.2921,1,0
152-004943-D-0211,1.0,Chuquisaca,Rural,0,0,1,0.5944,0.2731,1,0
152-004943-D-0091,1.0,Chuquisaca,Rural,0,0,0,0.7965,0.4227,1,0
152-004943-D-0111,1.0,Chuquisaca,Rural,0,0,0,0.6441,0.2664,1,0
152-004943-D-0131,1.0,Chuquisaca,Rural,0,0,0,0.6004,0.3745,1,0
142-003210-A-0081,3.0,Chuquisaca,Rural,0,1,0,0.461,0.2513,0,0
142-003210-A-0121,1.0,Chuquisaca,Rural,1,1,0,0.7391,0.6329,1,1
142-003210-A-0051,1.0,Chuquisaca,Rural,0,0,0,0.3672,0.1498,0,0
142-003210-A-0111,3.0,Chuquisaca,Rural,0,0,0,0.4692,0.2796,0,0
142-003210-A-0011,1.0,Chuquisaca,Rural,0,0,0,0.6208,0.3019,1,0
142-003210-A-0021,1.0,Chuquisaca,Rural,0,0,0,0.4714,0.2751,0,0
142-003210-A-0091,1.0,Chuquisaca,Rural,0,0,0,0.4388,0.3374,0,0
142-003210-A-0031,1.0,Chuquisaca,Rural,0,0,0,0.5428,0.2559,1,0
142-003210-A-0041,1.0,Chuquisaca,Rural,0,0,0,0.5513,0.3425,1,0
142-003210-A-0101,1.0,Chuquisaca,Rural,0,0,0,0.3928,0.1903,0,0
142-003179-A-0091,1.0,Chuquisaca,Rural,0,0,0,0.637,0.3907,1,0
142-003179-A-0101,1.0,Chuquisaca,Rural,0,0,0,0.7476,0.4883,1,0
142-003179-A-0111,1.0,Chuquisaca,Rural,0,0,0,0.7086,0.5374,1,1
142-003179-A-0021,3.0,Chuquisaca,Rural,0,0,0,0.3836,0.3558,0,0
142-003179-A-0031,1.0,Chuquisaca,Rural,0,0,0,0.4559,0.2777,0,0
142-003179-A-0051,1.0,Chuquisaca,Rural,0,0,0,0.3865,0.2869,0,0
142-003179-A-0081,1.0,Chuquisaca,Rural,0,0,0,0.3153,0.2034,0,0
142-003179-A-0061,1.0,Chuquisaca,Rural,0,0,0,0.8055,0.3785,1,0
142-003179-A-0011,1.0,Chuquisaca,Rural,0,0,0,0.737,0.287,1,0
142-003179-A-0071,1.0,Chuquisaca,Rural,0,0,0,0.4591,0.2596,0,0
144-003176-A-0101,1.0,Chuquisaca,Rural,0,0,0,0.3528,0.2334,0,0
144-003176-A-0271,1.0,Chuquisaca,Rural,1,1,0,0.4947,0.5817,0,1
144-003176-A-0231,1.0,Chuquisaca,Rural,0,0,0,0.1937,0.1243,0,0
144-003176-A-0251,2.0,Chuquisaca,Rural,0,0,0,0.3406,0.3332,0,0
144-003176-A-0011,1.0,Chuquisaca,Rural,0,1,0,0.5211,0.3512,1,0
144-003176-A-0031,3.0,Chuquisaca,Rural,0,0,0,0.416,0.3858,0,0
144-003176-A-0061,1.0,Chuquisaca,Rural,0,0,0,0.2933,0.2132,0,0
144-003176-A-0081,1.0,Chuquisaca,Rural,0,0,0,0.5571,0.464,1,0
144-003176-A-0131,3.0,Chuquisaca,Rural,0,0,0,0.2883,0.2462,0,0
144-003176-A-0181,1.0,Chuquisaca,Rural,0,0,0,0.2719,0.2379,0,0
144-003176-A-0201,4.0,Chuquisaca,Rural,0,0,0,0.3305,0.3455,0,0
144-003176-A-0151,1.0,Chuquisaca,Rural,0,1,0,0.6187,0.4681,1,0
141-005036-D-0061,1.0,Chuquisaca,Rural,1,0,1,0.7777,0.3354,1,0
141-005036-D-0091,1.0,Chuquisaca,Rural,0,0,1,0.5413,0.3406,1,0
141-005036-D-0011,6.0,Chuquisaca,Rural,1,1,0,0.6701,0.6135,1,1
141-005036-D-0081,2.0,Chuquisaca,Rural,1,0,1,0.576,0.6782,1,1
141-005036-D-0131,1.0,Chuquisaca,Rural,0,0,0,0.5544,0.4633,1,0
141-005036-D-0101,1.0,Chuquisaca,Rural,0,0,0,0.8228,0.4031,1,0
141-005036-D-0121,1.0,Chuquisaca,Rural,0,0,0,0.615,0.2521,1,0
141-005036-D-0031,1.0,Chuquisaca,Rural,0,0,0,0.5465,0.4296,1,0
141-005036-D-0051,1.0,Chuquisaca,Rural,0,0,0,0.7281,0.4379,1,0
141-005036-D-0021,1.0,Chuquisaca,Rural,0,0,1,0.414,0.3103,0,0
141-005036-D-0111,1.0,Chuquisaca,Rural,0,0,0,0.4408,0.2714,0,0
141-005036-D-0041,2.0,Chuquisaca,Rural,0,0,0,0.6858,0.4843,1,0
152-003880-D-0041,3.0,Chuquisaca,Rural,1,0,1,0.4182,0.6138,0,1
152-003880-D-0031,3.0,Chuquisaca,Rural,0,0,1,0.4569,0.3192,0,0
152-003880-D-0061,1.0,Chuquisaca,Rural,0,0,1,0.4238,0.3646,0,0
152-003880-D-0011,1.0,Chuquisaca,Rural,0,0,0,0.2981,0.2992,0,0
152-003880-D-0111,3.0,Chuquisaca,Rural,0,0,0,0.2668,0.2277,0,0
152-003880-D-0091,1.0,Chuquisaca,Rural,0,0,0,0.4052,0.3572,0,0
152-003880-D-0131,1.0,Chuquisaca,Rural,0,0,0,0.4367,0.386,0,0
152-003880-D-0181,1.0,Chuquisaca,Rural,1,0,0,0.5145,0.6207,1,1
152-003880-D-0141,1.0,Chuquisaca,Rural,0,0,0,0.3527,0.2775,0,0
152-003880-D-0161,1.0,Chuquisaca,Rural,0,0,0,0.4195,0.429,0,0
152-003880-D-0191,3.0,Chuquisaca,Rural,0,0,0,0.3288,0.3024,0,0
152-005059-D-0161,3.0,Chuquisaca,Rural,0,0,0,0.4145,0.2854,0,0
152-005059-D-0201,1.0,Chuquisaca,Rural,0,0,1,0.6913,0.5165,1,1
152-005059-D-0071,1.0,Chuquisaca,Rural,1,1,1,0.4376,0.3315,0,0
152-005059-D-0121,2.0,Chuquisaca,Rural,1,0,1,0.5238,0.5722,1,1
152-005059-D-0241,3.0,Chuquisaca,Rural,0,0,1,0.5041,0.4457,1,0
152-005059-D-0031,1.0,Chuquisaca,Rural,0,0,0,0.409,0.3197,0,0
152-005059-D-0321,1.0,Chuquisaca,Rural,0,0,0,0.5114,0.466,1,0
152-005059-D-0281,1.0,Chuquisaca,Rural,0,0,0,0.5236,0.3471,1,0
152-005059-D-0491,1.0,Chuquisaca,Rural,0,0,1,0.4528,0.4016,0,0
152-005059-D-0451,1.0,Chuquisaca,Rural,0,0,1,0.4733,0.3348,0,0
152-005059-D-0411,3.0,Chuquisaca,Rural,1,1,0,0.4531,0.5447,0,1
152-005059-D-0371,3.0,Chuquisaca,Rural,1,1,1,0.4594,0.6424,0,1
151-005024-D-0061,1.0,Chuquisaca,Rural,0,0,0,0.5096,0.3734,1,0
151-005024-D-0081,1.0,Chuquisaca,Rural,0,0,0,0.6961,0.3838,1,0
151-005024-D-0091,1.0,Chuquisaca,Rural,1,0,0,0.621,0.4153,1,0
151-005024-D-0011,3.0,Chuquisaca,Rural,1,0,1,0.4755,0.6151,0,1
151-005024-D-0131,1.0,Chuquisaca,Rural,1,0,1,0.6371,0.6497,1,1
151-005024-D-0051,1.0,Chuquisaca,Rural,0,0,0,0.549,0.2771,1,0
151-005024-D-0021,1.0,Chuquisaca,Rural,0,0,1,0.6622,0.314,1,0
151-005024-D-0101,3.0,Chuquisaca,Rural,0,0,0,0.7529,0.2838,1,0
151-005024-D-0151,1.0,Chuquisaca,Rural,1,0,0,0.7584,0.5028,1,1
151-005024-D-0161,1.0,Chuquisaca,Rural,0,0,0,0.4897,0.3567,0,0
151-005024-D-0121,1.0,Chuquisaca,Rural,0,1,0,0.813,0.4069,1,0
151-005024-D-0031,2.0,Chuquisaca,Rural,0,0,0,0.5572,0.4359,1,0
143-005192-D-0061,3.0,Chuquisaca,Rural,0,0,1,0.5341,0.3462,1,0
143-005192-D-0131,3.0,Chuquisaca,Rural,0,0,1,0.4556,0.3269,0,0
143-005192-D-0201,3.0,Chuquisaca,Rural,0,0,0,0.394,0.3164,0,0
143-005192-D-0861,1.0,Chuquisaca,Rural,0,0,0,0.7434,0.3615,1,0
143-005192-D-0571,1.0,Chuquisaca,Rural,0,0,0,0.416,0.3527,0,0
143-005192-D-0781,1.0,Chuquisaca,Rural,0,0,0,0.506,0.3664,1,0
143-005192-D-0711,1.0,Chuquisaca,Rural,0,0,0,0.5538,0.346,1,0
143-005192-D-0641,1.0,Chuquisaca,Rural,0,0,0,0.5199,0.4831,1,0
143-005192-D-0491,1.0,Chuquisaca,Rural,0,0,0,0.4779,0.3283,0,0
143-005192-D-0281,3.0,Chuquisaca,Rural,1,0,0,0.4421,0.503,0,1
143-005192-D-0421,1.0,Chuquisaca,Rural,1,0,0,0.5822,0.4625,1,0
143-005192-D-0351,3.0,Chuquisaca,Rural,0,0,0,0.5637,0.4116,1,0
133-002962-A-0011,1.0,Chuquisaca,Urbano,0,0,1,0.7012,0.4506,1,0
133-002962-A-0091,1.0,Chuquisaca,Urbano,0,0,0,0.657,0.4508,1,0
133-002962-A-0061,1.0,Chuquisaca,Urbano,0,0,0,0.4108,0.2336,0,0
133-002962-A-0121,1.0,Chuquisaca,Urbano,1,0,0,0.5649,0.6878,1,1
133-002962-A-0031,1.0,Chuquisaca,Urbano,0,0,0,0.4548,0.2311,0,0
133-002962-A-0021,1.0,Chuquisaca,Urbano,1,0,0,0.6503,0.5583,1,1
133-002962-A-0051,1.0,Chuquisaca,Urbano,0,1,1,0.5211,0.2657,1,0
133-002962-A-0151,2.0,Chuquisaca,Urbano,0,0,1,0.6637,0.4418,1,0
133-002962-A-0081,1.0,Chuquisaca,Urbano,1,1,1,0.4061,0.1513,0,0
133-002962-A-0101,1.0,Chuquisaca,Urbano,1,1,0,0.4841,0.557,0,1
133-002962-A-0161,1.0,Chuquisaca,Urbano,0,0,0,0.422,0.1732,0,0
133-002962-A-0131,2.0,Chuquisaca,Urbano,0,0,0,0.5784,0.3824,1,0
153-004743-D-0161,1.0,Chuquisaca,Rural,0,0,1,0.6705,0.4097,1,0
153-004743-D-0031,4.0,Chuquisaca,Rural,1,0,0,0.3827,0.6315,0,1
153-004743-D-0091,1.0,Chuquisaca,Rural,1,1,0,0.2354,0.2551,0,0
153-004743-D-0181,1.0,Chuquisaca,Rural,0,0,1,0.2691,0.1261,0,0
153-004743-D-0011,1.0,Chuquisaca,Rural,1,0,0,0.514,0.6787,1,1
153-004743-D-0061,3.0,Chuquisaca,Rural,0,0,0,0.2171,0.1798,0,0
153-004743-D-0041,2.0,Chuquisaca,Rural,1,0,1,0.4634,0.6038,0,1
153-004743-D-0081,3.0,Chuquisaca,Rural,0,0,0,0.372,0.2483,0,0
153-004743-D-0131,3.0,Chuquisaca,Rural,0,1,1,0.2758,0.2482,0,0
153-004743-D-0191,1.0,Chuquisaca,Rural,0,0,0,0.286,0.1804,0,0
153-004743-D-0111,2.0,Chuquisaca,Rural,1,0,0,0.3989,0.6919,0,1
153-004743-D-0141,2.0,Chuquisaca,Rural,0,0,0,0.4242,0.3227,0,0
132-002776-A-0041,1.0,Chuquisaca,Urbano,0,0,1,0.5097,0.2835,1,0
132-002776-A-0121,3.0,Chuquisaca,Urbano,1,0,0,0.6208,0.3523,1,0
132-002776-A-0101,2.0,Chuquisaca,Urbano,1,0,1,0.4744,0.467,0,0
132-002776-A-0021,1.0,Chuquisaca,Urbano,0,0,0,0.7624,0.6133,1,1
132-002776-A-0201,1.0,Chuquisaca,Urbano,1,0,1,0.3465,0.2009,0,0
132-002776-A-0251,3.0,Chuquisaca,Urbano,0,0,0,0.5412,0.4304,1,0
132-002776-A-0221,1.0,Chuquisaca,Urbano,0,0,0,0.6597,0.4894,1,0
132-002776-A-0171,4.0,Chuquisaca,Urbano,0,0,1,0.7438,0.4239,1,0
132-002776-A-0281,3.0,Chuquisaca,Urbano,0,0,1,0.5126,0.4456,1,0
132-002776-A-0151,3.0,Chuquisaca,Urbano,0,0,1,0.5731,0.3432,1,0
151-004332-D-0031,1.0,Chuquisaca,Rural,0,0,0,0.6352,0.3641,1,0
151-004332-D-0051,1.0,Chuquisaca,Rural,0,0,0,0.5334,0.3764,1,0
151-004332-D-0071,1.0,Chuquisaca,Rural,0,0,0,0.5795,0.3977,1,0
151-004332-D-0011,1.0,Chuquisaca,Rural,0,0,0,0.5253,0.3354,1,0
151-004332-D-0191,2.0,Chuquisaca,Rural,1,0,0,0.6188,0.5552,1,1
151-004332-D-0211,3.0,Chuquisaca,Rural,0,0,0,0.4384,0.3032,0,0
151-004332-D-0221,2.0,Chuquisaca,Rural,0,0,0,0.4927,0.3887,0,0
151-004332-D-0171,1.0,Chuquisaca,Rural,0,0,0,0.6641,0.5321,1,1
151-004332-D-0111,1.0,Chuquisaca,Rural,0,0,0,0.5479,0.3608,1,0
151-004332-D-0131,1.0,Chuquisaca,Rural,1,0,0,0.4667,0.5065,0,1
151-004332-D-0091,1.0,Chuquisaca,Rural,0,0,0,0.6921,0.2556,1,0
151-004332-D-0151,1.0,Chuquisaca,Rural,0,0,0,0.4863,0.2844,0,0
143-004404-D-0191,3.0,Chuquisaca,Rural,1,0,1,0.5604,0.6542,1,1
143-004404-D-0161,1.0,Chuquisaca,Rural,0,0,0,0.5743,0.4167,1,0
143-004404-D-0141,3.0,Chuquisaca,Rural,1,0,0,0.5058,0.6173,1,1
143-004404-D-0111,1.0,Chuquisaca,Rural,0,0,0,0.4912,0.3119,0,0
143-004404-D-0291,1.0,Chuquisaca,Rural,0,0,0,0.4656,0.2847,0,0
143-004404-D-0241,2.0,Chuquisaca,Rural,0,0,0,0.4471,0.5343,0,1
143-004404-D-0211,1.0,Chuquisaca,Rural,0,0,0,0.585,0.4149,1,0
143-004404-D-0261,1.0,Chuquisaca,Rural,0,0,0,0.5371,0.4407,1,0
143-004404-D-0041,1.0,Chuquisaca,Rural,0,0,0,0.6182,0.2956,1,0
143-004404-D-0091,3.0,Chuquisaca,Rural,0,0,1,0.4765,0.3345,0,0
143-004404-D-0061,1.0,Chuquisaca,Rural,1,0,1,0.5256,0.5757,1,1
143-004404-D-0011,1.0,Chuquisaca,Rural,0,0,0,0.6405,0.29,1,0
132-002623-A-0111,3.0,Chuquisaca,Urbano,0,0,0,0.4833,0.4279,0,0
132-002623-A-0121,1.0,Chuquisaca,Urbano,0,0,0,0.6794,0.5302,1,1
132-002623-A-0131,1.0,Chuquisaca,Urbano,0,0,0,0.5878,0.3119,1,0
132-002623-A-0141,1.0,Chuquisaca,Urbano,1,0,0,0.5632,0.564,1,1
132-002623-A-0031,3.0,Chuquisaca,Urbano,0,0,0,0.3561,0.1526,0,0
132-002623-A-0041,4.0,Chuquisaca,Urbano,0,0,0,0.4828,0.4027,0,0
132-002623-A-0021,1.0,Chuquisaca,Urbano,0,0,0,0.4234,0.2204,0,0
132-002623-A-0011,1.0,Chuquisaca,Urbano,0,0,0,0.5227,0.3299,1,0
132-002623-A-0071,1.0,Chuquisaca,Urbano,0,0,1,0.6911,0.3663,1,0
132-002623-A-0091,1.0,Chuquisaca,Urbano,0,0,1,0.7623,0.5092,1,1
132-002623-A-0061,1.0,Chuquisaca,Urbano,0,1,0,0.5979,0.3151,1,0
132-002623-A-0081,1.0,Chuquisaca,Urbano,0,0,1,0.5943,0.3869,1,0
152-005272-D-0051,1.0,Chuquisaca,Rural,0,0,0,0.5356,0.335,1,0
152-005272-D-0181,1.0,Chuquisaca,Rural,0,0,0,0.7737,0.3975,1,0
152-005272-D-0241,1.0,Chuquisaca,Rural,0,0,0,0.6009,0.3193,1,0
152-005272-D-0011,2.0,Chuquisaca,Rural,0,0,0,0.5095,0.4447,1,0
152-005272-D-0141,1.0,Chuquisaca,Rural,1,0,0,0.6999,0.4331,1,0
152-005272-D-0111,7.0,Chuquisaca,Rural,0,0,0,0.6892,0.4668,1,0
152-005272-D-0081,3.0,Chuquisaca,Rural,0,0,0,0.5972,0.3661,1,0
152-005272-D-0211,1.0,Chuquisaca,Rural,0,0,1,0.7558,0.4617,1,0
152-005272-D-0341,1.0,Chuquisaca,Rural,0,0,0,0.5811,0.4226,1,0
152-005272-D-0371,1.0,Chuquisaca,Rural,0,0,0,0.6475,0.4396,1,0
152-005272-D-0311,1.0,Chuquisaca,Rural,1,1,1,0.7951,0.6125,1,1
152-005272-D-0271,1.0,Chuquisaca,Rural,0,0,0,0.3865,0.252,0,0
153-005291-D-0041,3.0,Chuquisaca,Rural,0,0,0,0.5769,0.4233,1,0
153-005291-D-0021,1.0,Chuquisaca,Rural,1,0,0,0.465,0.5812,0,1
153-005291-D-0011,1.0,Chuquisaca,Rural,0,0,0,0.4143,0.4308,0,0
153-005291-D-0031,1.0,Chuquisaca,Rural,0,0,0,0.3509,0.2979,0,0
153-005291-D-0111,3.0,Chuquisaca,Rural,0,0,0,0.344,0.2277,0,0
153-005291-D-0091,1.0,Chuquisaca,Rural,0,0,1,0.6184,0.3388,1,0
153-005291-D-0101,2.0,Chuquisaca,Rural,0,0,0,0.4728,0.4664,0,0
153-005291-D-0121,1.0,Chuquisaca,Rural,0,0,0,0.3439,0.2064,0,0
153-005291-D-0081,1.0,Chuquisaca,Rural,0,0,0,0.557,0.2761,1,0
153-005291-D-0051,1.0,Chuquisaca,Rural,0,1,0,0.4795,0.3968,0,0
153-005291-D-0061,1.0,Chuquisaca,Rural,0,0,1,0.4762,0.3274,0,0
153-005291-D-0071,1.0,Chuquisaca,Rural,0,1,1,0.472,0.2747,0,0
133-002990-A-0121,3.0,Chuquisaca,Urbano,0,1,0,0.584,0.4988,1,0
133-002990-A-0091,3.0,Chuquisaca,Urbano,0,1,0,0.4165,0.2559,0,0
133-002990-A-0111,3.0,Chuquisaca,Urbano,0,0,0,0.4844,0.3304,0,0
133-002990-A-0101,1.0,Chuquisaca,Urbano,1,1,0,0.4401,0.507,0,1
133-002990-A-0011,1.0,Chuquisaca,Urbano,0,0,1,0.4852,0.2554,0,0
133-002990-A-0021,1.0,Chuquisaca,Urbano,0,0,0,0.6441,0.4454,1,0
133-002990-A-0031,1.0,Chuquisaca,Urbano,0,0,0,0.4486,0.1569,0,0
133-002990-A-0071,3.0,Chuquisaca,Urbano,1,0,0,0.4039,0.5122,0,1
133-002990-A-0061,1.0,Chuquisaca,Urbano,0,0,0,0.7252,0.3778,1,0
133-002990-A-0051,1.0,Chuquisaca,Urbano,0,0,0,0.5926,0.4114,1,0
133-002990-A-0081,3.0,Chuquisaca,Urbano,1,0,0,0.6882,0.6906,1,1
152-004464-D-0091,1.0,Chuquisaca,Rural,0,0,0,0.4456,0.2892,0,0
152-004464-D-0101,1.0,Chuquisaca,Rural,0,0,0,0.4424,0.264,0,0
152-004464-D-0111,1.0,Chuquisaca,Rural,0,0,0,0.445,0.3231,0,0
152-004464-D-0121,1.0,Chuquisaca,Rural,0,1,0,0.4337,0.4786,0,0
152-004464-D-0011,2.0,Chuquisaca,Rural,0,0,1,0.5743,0.4191,1,0
152-004464-D-0021,1.0,Chuquisaca,Rural,0,0,0,0.5081,0.2824,1,0
152-004464-D-0031,3.0,Chuquisaca,Rural,0,0,0,0.4858,0.2805,0,0
152-004464-D-0041,1.0,Chuquisaca,Rural,0,0,0,0.5986,0.365,1,0
152-004464-D-0071,1.0,Chuquisaca,Rural,0,0,0,0.6831,0.2535,1,0
152-004464-D-0081,1.0,Chuquisaca,Rural,0,0,0,0.444,0.2622,0,0
152-004464-D-0061,1.0,Chuquisaca,Rural,0,0,0,0.6398,0.4577,1,0
152-004464-D-0051,3.0,Chuquisaca,Rural,0,0,1,0.4294,0.3846,0,0
133-002682-A-0081,4.0,Chuquisaca,Urbano,0,0,0,0.4405,0.3558,0,0
133-002682-A-0101,3.0,Chuquisaca,Urbano,0,0,0,0.4892,0.2831,0,0
133-002682-A-0061,1.0,Chuquisaca,Urbano,0,0,0,0.4948,0.3277,0,0
133-002682-A-0091,1.0,Chuquisaca,Urbano,0,0,1,0.615,0.2778,1,0
133-002682-A-0161,3.0,Chuquisaca,Urbano,0,0,0,0.4713,0.4211,0,0
133-002682-A-0151,3.0,Chuquisaca,Urbano,0,0,0,0.424,0.3076,0,0
133-002682-A-0131,1.0,Chuquisaca,Urbano,0,0,0,0.5635,0.2631,1,0
133-002682-A-0121,3.0,Chuquisaca,Urbano,0,0,1,0.4967,0.4057,0,0
133-002682-A-0051,1.0,Chuquisaca,Urbano,1,1,1,0.7272,0.6486,1,1
133-002682-A-0021,1.0,Chuquisaca,Urbano,0,0,0,0.6182,0.2664,1,0
133-002682-A-0031,1.0,Chuquisaca,Urbano,0,0,0,0.5143,0.3817,1,0
133-002682-A-0011,1.0,Chuquisaca,Urbano,0,0,0,0.4469,0.2835,0,0
323-007334-A-0201,1.0,Cochabamba,Urbano,0,0,1,0.6909,0.3,1,0
323-007334-A-0031,3.0,Cochabamba,Urbano,0,1,1,0.3352,0.254,0,0
323-007334-A-0121,1.0,Cochabamba,Urbano,0,1,1,0.5003,0.3658,1,0
323-007334-A-0281,1.0,Cochabamba,Urbano,0,0,1,0.4155,0.3645,0,0
323-007334-A-0711,1.0,Cochabamba,Urbano,0,1,1,0.4017,0.154,0,0
323-007334-A-0791,4.0,Cochabamba,Urbano,0,0,1,0.389,0.3625,0,0
323-007334-A-0871,1.0,Cochabamba,Urbano,0,1,1,0.3931,0.3172,0,0
323-007334-A-0961,2.0,Cochabamba,Urbano,0,0,1,0.4553,0.3326,0,0
323-007334-A-0371,3.0,Cochabamba,Urbano,0,0,0,0.473,0.2692,0,0
323-007334-A-0451,3.0,Cochabamba,Urbano,0,0,0,0.4662,0.2866,0,0
323-007334-A-0541,3.0,Cochabamba,Urbano,0,0,0,0.5109,0.2884,1,0
323-007334-A-0621,3.0,Cochabamba,Urbano,0,0,0,0.5066,0.3505,1,0
324-007681-A-0071,1.0,Cochabamba,Urbano,0,0,1,0.4324,0.4173,0,0
324-007681-A-0051,3.0,Cochabamba,Urbano,0,0,0,0.3933,0.2907,0,0
324-007681-A-0101,1.0,Cochabamba,Urbano,0,0,1,0.4095,0.3379,0,0
324-007681-A-0021,3.0,Cochabamba,Urbano,0,1,0,0.433,0.2705,0,0
324-007681-A-0241,1.0,Cochabamba,Urbano,0,1,1,0.5355,0.2062,1,0
324-007681-A-0271,3.0,Cochabamba,Urbano,0,0,1,0.5301,0.2646,1,0
324-007681-A-0291,3.0,Cochabamba,Urbano,0,0,1,0.4406,0.2959,0,0
324-007681-A-0321,1.0,Cochabamba,Urbano,0,0,1,0.4343,0.3192,0,0
324-007681-A-0131,4.0,Cochabamba,Urbano,0,0,0,0.5547,0.2866,1,0
324-007681-A-0161,1.0,Cochabamba,Urbano,0,0,0,0.4209,0.2172,0,0
324-007681-A-0181,2.0,Cochabamba,Urbano,0,0,0,0.4387,0.2988,0,0
324-007681-A-0211,1.0,Cochabamba,Urbano,0,0,0,0.6094,0.4363,1,0
324-008042-A-0131,3.0,Cochabamba,Urbano,0,0,0,0.3712,0.2266,0,0
324-008042-A-0161,1.0,Cochabamba,Urbano,0,1,1,0.4499,0.3668,0,0
324-008042-A-0191,3.0,Cochabamba,Urbano,0,0,1,0.5067,0.3058,1,0
324-008042-A-0231,1.0,Cochabamba,Urbano,0,0,0,0.3981,0.2828,0,0
324-008042-A-0101,3.0,Cochabamba,Urbano,1,0,1,0.371,0.3469,0,0
324-008042-A-0041,1.0,Cochabamba,Urbano,0,0,1,0.5047,0.2625,1,0
324-008042-A-0071,1.0,Cochabamba,Urbano,0,0,1,0.6682,0.3993,1,0
324-008042-A-0011,1.0,Cochabamba,Urbano,1,0,1,0.5959,0.6235,1,1
324-008042-A-0261,1.0,Cochabamba,Urbano,0,0,0,0.4502,0.2929,0,0
324-008042-A-0291,3.0,Cochabamba,Urbano,0,0,1,0.4253,0.2747,0,0
324-008042-A-0321,1.0,Cochabamba,Urbano,0,0,0,0.4205,0.1928,0,0
324-008042-A-0351,1.0,Cochabamba,Urbano,0,0,0,0.4667,0.2847,0,0
324-008075-A-0031,1.0,Cochabamba,Urbano,0,1,0,0.5332,0.4064,1,0
324-008075-A-0071,1.0,Cochabamba,Urbano,0,0,1,0.5502,0.3914,1,0
324-008075-A-0121,1.0,Cochabamba,Urbano,0,0,0,0.4732,0.3355,0,0
324-008075-A-0161,3.0,Cochabamba,Urbano,0,0,0,0.514,0.2409,1,0
324-008075-A-0391,1.0,Cochabamba,Urbano,1,0,1,0.7996,0.6531,1,1
324-008075-A-0431,1.0,Cochabamba,Urbano,0,1,1,0.4252,0.2677,0,0
324-008075-A-0481,1.0,Cochabamba,Urbano,0,1,1,0.4475,0.2379,0,0
324-008075-A-0521,1.0,Cochabamba,Urbano,1,0,1,0.6427,0.6134,1,1
324-008075-A-0211,3.0,Cochabamba,Urbano,0,0,0,0.429,0.2851,0,0
324-008075-A-0251,1.0,Cochabamba,Urbano,0,0,0,0.4387,0.2607,0,0
324-008075-A-0301,3.0,Cochabamba,Urbano,0,0,0,0.3894,0.2665,0,0
324-008075-A-0341,1.0,Cochabamba,Urbano,0,0,0,0.3755,0.2037,0,0
324-007700-A-0171,1.0,Cochabamba,Urbano,0,0,0,0.4911,0.3034,0,0
324-007700-A-0191,1.0,Cochabamba,Urbano,0,0,1,0.3342,0.2268,0,0
324-007700-A-0211,3.0,Cochabamba,Urbano,0,0,0,0.3612,0.2557,0,0
324-007700-A-0231,3.0,Cochabamba,Urbano,0,0,0,0.435,0.2753,0,0
324-007700-A-0091,4.0,Cochabamba,Urbano,0,0,1,0.4037,0.3142,0,0
324-007700-A-0111,1.0,Cochabamba,Urbano,0,0,0,0.3829,0.2159,0,0
324-007700-A-0131,1.0,Cochabamba,Urbano,0,0,0,0.5469,0.3044,1,0
324-007700-A-0151,2.0,Cochabamba,Urbano,0,0,1,0.4903,0.2804,0,0
324-007700-A-0011,1.0,Cochabamba,Urbano,0,0,1,0.3826,0.2334,0,0
324-007700-A-0031,1.0,Cochabamba,Urbano,0,0,0,0.504,0.2433,1,0
324-007700-A-0051,3.0,Cochabamba,Urbano,0,0,0,0.3921,0.2746,0,0
324-007700-A-0071,1.0,Cochabamba,Urbano,0,0,0,0.4946,0.2763,0,0
324-007857-A-0161,3.0,Cochabamba,Urbano,0,1,1,0.3948,0.2628,0,0
324-007857-A-0191,1.0,Cochabamba,Urbano,0,0,0,0.6389,0.4121,1,0
324-007857-A-0131,1.0,Cochabamba,Urbano,0,0,1,0.4681,0.3025,0,0
324-007857-A-0231,3.0,Cochabamba,Urbano,0,1,1,0.4018,0.2511,0,0
324-007857-A-0011,3.0,Cochabamba,Urbano,0,0,1,0.4751,0.284,0,0
324-007857-A-0041,1.0,Cochabamba,Urbano,0,0,0,0.3628,0.1807,0,0
324-007857-A-0071,1.0,Cochabamba,Urbano,1,1,1,0.6826,0.5127,1,1
324-007857-A-0101,1.0,Cochabamba,Urbano,0,0,1,0.4441,0.3197,0,0
324-007857-A-0261,1.0,Cochabamba,Urbano,0,0,0,0.4935,0.3973,0,0
324-007857-A-0291,1.0,Cochabamba,Urbano,0,0,1,0.4248,0.2514,0,0
324-007857-A-0321,3.0,Cochabamba,Urbano,0,0,0,0.326,0.2032,0,0
324-007857-A-0351,1.0,Cochabamba,Urbano,0,0,0,0.4045,0.2101,0,0
324-009139-A-0481,1.0,Cochabamba,Urbano,1,0,0,0.4537,0.4689,0,0
324-009139-A-0521,3.0,Cochabamba,Urbano,0,0,0,0.3831,0.3011,0,0
324-009139-A-0431,1.0,Cochabamba,Urbano,0,0,0,0.3819,0.2481,0,0
324-009139-A-0391,1.0,Cochabamba,Urbano,0,1,0,0.3619,0.2088,0,0
324-009139-A-0071,1.0,Cochabamba,Urbano,1,0,1,0.5404,0.4601,1,0
324-009139-A-0121,1.0,Cochabamba,Urbano,0,0,1,0.5612,0.4232,1,0
324-009139-A-0161,1.0,Cochabamba,Urbano,0,0,0,0.5502,0.3479,1,0
324-009139-A-0031,1.0,Cochabamba,Urbano,0,0,1,0.376,0.2262,0,0
324-009139-A-0341,1.0,Cochabamba,Urbano,0,0,0,0.4867,0.3098,0,0
324-009139-A-0301,1.0,Cochabamba,Urbano,0,0,0,0.4245,0.2418,0,0
324-009139-A-0211,1.0,Cochabamba,Urbano,0,0,0,0.4433,0.2479,0,0
324-009139-A-0251,1.0,Cochabamba,Urbano,0,0,0,0.552,0.3744,1,0
322-008848-A-0351,1.0,Cochabamba,Urbano,0,0,0,0.5546,0.276,1,0
322-008848-A-0241,1.0,Cochabamba,Urbano,0,1,0,0.7157,0.4804,1,0
322-008848-A-0011,1.0,Cochabamba,Urbano,0,0,0,0.8644,0.6496,1,1
322-008848-A-0471,1.0,Cochabamba,Urbano,0,0,0,0.7894,0.5979,1,1
322-008848-A-0691,4.0,Cochabamba,Urbano,0,0,1,0.58,0.2534,1,0
322-008848-A-0811,1.0,Cochabamba,Urbano,0,0,1,0.6579,0.2953,1,0
322-008848-A-0921,1.0,Cochabamba,Urbano,0,0,0,0.4784,0.2324,0,0
322-008848-A-1031,1.0,Cochabamba,Urbano,0,0,0,0.4366,0.2728,0,0
322-008848-A-1151,1.0,Cochabamba,Urbano,0,0,0,0.6248,0.3416,1,0
322-008848-A-1261,3.0,Cochabamba,Urbano,0,0,0,0.4822,0.31,0,0
323-009058-A-0011,1.0,Cochabamba,Urbano,0,1,1,0.6891,0.4142,1,0
323-009058-A-0051,1.0,Cochabamba,Urbano,0,0,0,0.63,0.4255,1,0
323-009058-A-0071,3.0,Cochabamba,Urbano,0,0,1,0.535,0.1885,1,0
323-009058-A-0031,3.0,Cochabamba,Urbano,0,0,0,0.4056,0.2009,0,0
323-009058-A-0181,1.0,Cochabamba,Urbano,0,0,0,0.5223,0.3709,1,0
323-009058-A-0201,1.0,Cochabamba,Urbano,0,0,1,0.5203,0.2129,1,0
323-009058-A-0221,1.0,Cochabamba,Urbano,0,0,1,0.5149,0.2372,1,0
323-009058-A-0251,1.0,Cochabamba,Urbano,0,0,1,0.4566,0.2785,0,0
323-009058-A-0091,1.0,Cochabamba,Urbano,0,0,0,0.6909,0.481,1,0
323-009058-A-0121,1.0,Cochabamba,Urbano,0,0,0,0.4289,0.2091,0,0
323-009058-A-0141,1.0,Cochabamba,Urbano,0,0,0,0.4467,0.2093,0,0
323-009058-A-0161,1.0,Cochabamba,Urbano,0,0,1,0.3707,0.1694,0,0
323-007476-A-0181,1.0,Cochabamba,Urbano,0,0,0,0.8085,0.4835,1,0
323-007476-A-0441,3.0,Cochabamba,Urbano,0,0,1,0.4215,0.2533,0,0
323-007476-A-0491,3.0,Cochabamba,Urbano,0,0,1,0.4703,0.1823,0,0
323-007476-A-0401,3.0,Cochabamba,Urbano,0,0,1,0.4081,0.1848,0,0
323-007476-A-0231,1.0,Cochabamba,Urbano,0,0,0,0.7075,0.4353,1,0
323-007476-A-0271,3.0,Cochabamba,Urbano,0,0,1,0.4776,0.2894,0,0
323-007476-A-0361,1.0,Cochabamba,Urbano,0,0,1,0.4595,0.2361,0,0
323-007476-A-0311,1.0,Cochabamba,Urbano,0,0,1,0.5746,0.3716,1,0
323-007476-A-0011,4.0,Cochabamba,Urbano,1,0,1,0.6016,0.5583,1,1
323-007476-A-0051,1.0,Cochabamba,Urbano,0,1,1,0.4538,0.2102,0,0
323-007476-A-0141,3.0,Cochabamba,Urbano,0,1,1,0.4226,0.3779,0,0
324-009370-A-0011,1.0,Cochabamba,Urbano,1,0,0,0.5126,0.3259,1,0
324-009370-A-0101,1.0,Cochabamba,Urbano,0,0,0,0.633,0.4756,1,0
324-009370-A-0041,3.0,Cochabamba,Urbano,0,0,0,0.3644,0.2215,0,0
324-009370-A-0071,1.0,Cochabamba,Urbano,0,0,0,0.3394,0.22,0,0
324-009370-A-0311,1.0,Cochabamba,Urbano,0,0,0,0.594,0.4091,1,0
324-009370-A-0251,1.0,Cochabamba,Urbano,0,0,1,0.5474,0.3849,1,0
324-009370-A-0281,3.0,Cochabamba,Urbano,1,0,1,0.534,0.3206,1,0
324-009370-A-0341,1.0,Cochabamba,Urbano,0,0,1,0.5089,0.3575,1,0
324-009370-A-0131,1.0,Cochabamba,Urbano,1,1,1,0.3448,0.3794,0,0
324-009370-A-0161,1.0,Cochabamba,Urbano,0,0,0,0.503,0.2647,1,0
324-009370-A-0191,1.0,Cochabamba,Urbano,0,0,1,0.515,0.2597,1,0
324-009370-A-0221,1.0,Cochabamba,Urbano,0,0,1,0.505,0.3312,1,0
323-008536-A-0131,3.0,Cochabamba,Urbano,0,0,1,0.4217,0.2667,0,0
323-008536-A-0181,3.0,Cochabamba,Urbano,0,0,1,0.7046,0.4296,1,0
323-008536-A-0081,1.0,Cochabamba,Urbano,1,0,1,0.6847,0.471,1,0
323-008536-A-0031,1.0,Cochabamba,Urbano,1,1,1,0.7653,0.7096,1,1
323-008536-A-0561,2.0,Cochabamba,Urbano,0,0,0,0.5884,0.2905,1,0
323-008536-A-0511,1.0,Cochabamba,Urbano,0,0,0,0.5844,0.4209,1,0
323-008536-A-0471,1.0,Cochabamba,Urbano,0,0,0,0.5787,0.3849,1,0
323-008536-A-0421,2.0,Cochabamba,Urbano,0,0,1,0.7778,0.6369,1,1
323-008536-A-0271,3.0,Cochabamba,Urbano,0,0,0,0.4647,0.3519,0,0
323-008536-A-0371,4.0,Cochabamba,Urbano,0,0,1,0.4605,0.2376,0,0
323-008536-A-0321,2.0,Cochabamba,Urbano,0,1,1,0.4523,0.2559,0,0
323-008536-A-0221,4.0,Cochabamba,Urbano,0,0,0,0.3528,0.1954,0,0
323-007512-A-0091,1.0,Cochabamba,Urbano,1,0,0,0.5445,0.6213,1,1
323-007512-A-0061,1.0,Cochabamba,Urbano,0,0,0,0.7128,0.6212,1,1
323-007512-A-0071,1.0,Cochabamba,Urbano,0,0,0,0.3476,0.1587,0,0
323-007512-A-0151,2.0,Cochabamba,Urbano,0,0,0,0.3882,0.2784,0,0
323-007512-A-0051,1.0,Cochabamba,Urbano,0,0,1,0.5729,0.2745,1,0
323-007512-A-0031,1.0,Cochabamba,Urbano,0,0,0,0.7735,0.5017,1,1
323-007512-A-0011,1.0,Cochabamba,Urbano,0,0,1,0.5697,0.3142,1,0
323-007512-A-0021,1.0,Cochabamba,Urbano,0,1,1,0.6883,0.3071,1,0
323-007512-A-0131,1.0,Cochabamba,Urbano,0,0,1,0.4691,0.3311,0,0
323-007512-A-0141,1.0,Cochabamba,Urbano,0,0,1,0.4723,0.2542,0,0
323-007512-A-0111,1.0,Cochabamba,Urbano,0,0,1,0.6516,0.3862,1,0
323-007512-A-0101,2.0,Cochabamba,Urbano,1,0,0,0.413,0.3605,0,0
323-008610-A-0111,3.0,Cochabamba,Urbano,0,0,0,0.3909,0.2459,0,0
323-008610-A-0031,3.0,Cochabamba,Urbano,0,0,0,0.4528,0.2146,0,0
323-008610-A-0011,3.0,Cochabamba,Urbano,0,0,1,0.3648,0.2033,0,0
323-008610-A-0231,1.0,Cochabamba,Urbano,0,0,0,0.4175,0.2277,0,0
323-008610-A-0071,1.0,Cochabamba,Urbano,0,0,0,0.3188,0.1885,0,0
323-008610-A-0051,1.0,Cochabamba,Urbano,0,0,1,0.4581,0.3589,0,0
323-008610-A-0131,1.0,Cochabamba,Urbano,0,0,0,0.4813,0.2464,0,0
323-008610-A-0091,1.0,Cochabamba,Urbano,0,0,0,0.4801,0.2708,0,0
323-008610-A-0151,1.0,Cochabamba,Urbano,0,0,0,0.3969,0.1574,0,0
323-008610-A-0171,3.0,Cochabamba,Urbano,0,0,1,0.5099,0.2128,1,0
323-008610-A-0191,1.0,Cochabamba,Urbano,0,0,0,0.69,0.4621,1,0
323-008610-A-0211,1.0,Cochabamba,Urbano,0,1,0,0.4468,0.357,0,0
324-008694-A-0121,2.0,Cochabamba,Urbano,0,0,0,0.4523,0.2872,0,0
324-008694-A-0031,3.0,Cochabamba,Urbano,0,0,0,0.3282,0.2205,0,0
324-008694-A-0101,1.0,Cochabamba,Urbano,0,0,0,0.405,0.1931,0,0
324-008694-A-0081,3.0,Cochabamba,Urbano,0,0,0,0.4146,0.308,0,0
324-008694-A-0041,1.0,Cochabamba,Urbano,0,0,0,0.5513,0.2544,1,0
324-008694-A-0051,1.0,Cochabamba,Urbano,0,0,0,0.6444,0.4223,1,0
324-008694-A-0061,1.0,Cochabamba,Urbano,0,0,1,0.344,0.2365,0,0
324-008694-A-0111,2.0,Cochabamba,Urbano,0,0,0,0.4237,0.2348,0,0
324-008694-A-0071,1.0,Cochabamba,Urbano,0,0,0,0.4019,0.2238,0,0
324-008694-A-0011,1.0,Cochabamba,Urbano,0,0,1,0.3809,0.2567,0,0
324-008694-A-0021,1.0,Cochabamba,Urbano,0,0,1,0.3762,0.203,0,0
324-008694-A-0091,1.0,Cochabamba,Urbano,0,0,0,0.6374,0.3675,1,0
324-008105-A-0061,3.0,Cochabamba,Urbano,0,0,1,0.425,0.3402,0,0
324-008105-A-0041,1.0,Cochabamba,Urbano,0,0,1,0.3243,0.238,0,0
324-008105-A-0031,1.0,Cochabamba,Urbano,0,0,1,0.5952,0.237,1,0
324-008105-A-0011,1.0,Cochabamba,Urbano,1,0,1,0.7261,0.6637,1,1
324-008105-A-0161,3.0,Cochabamba,Urbano,0,0,1,0.3214,0.1726,0,0
324-008105-A-0181,1.0,Cochabamba,Urbano,0,0,1,0.3556,0.1774,0,0
324-008105-A-0191,2.0,Cochabamba,Urbano,0,0,0,0.4859,0.2935,0,0
324-008105-A-0091,4.0,Cochabamba,Urbano,0,0,1,0.4511,0.2913,0,0
324-008105-A-0081,2.0,Cochabamba,Urbano,0,0,1,0.5516,0.2255,1,0
324-008105-A-0111,3.0,Cochabamba,Urbano,0,0,1,0.4257,0.2218,0,0
324-008105-A-0131,1.0,Cochabamba,Urbano,1,0,1,0.6422,0.6541,1,1
324-008105-A-0141,1.0,Cochabamba,Urbano,0,0,1,0.5314,0.3,1,0
323-009290-A-0211,1.0,Cochabamba,Urbano,0,0,1,0.3336,0.1982,0,0
323-009290-A-0251,1.0,Cochabamba,Urbano,0,0,0,0.5264,0.2708,1,0
323-009290-A-0341,1.0,Cochabamba,Urbano,0,0,0,0.5173,0.4265,1,0
323-009290-A-0301,1.0,Cochabamba,Urbano,0,0,0,0.3816,0.2877,0,0
323-009290-A-0071,1.0,Cochabamba,Urbano,0,0,1,0.5067,0.3449,1,0
323-009290-A-0121,1.0,Cochabamba,Urbano,0,0,1,0.445,0.1752,0,0
323-009290-A-0161,1.0,Cochabamba,Urbano,0,0,1,0.466,0.321,0,0
323-009290-A-0031,1.0,Cochabamba,Urbano,1,0,1,0.4436,0.3985,0,0
323-009290-A-0391,1.0,Cochabamba,Urbano,0,0,1,0.3918,0.2493,0,0
323-009290-A-0431,3.0,Cochabamba,Urbano,0,0,1,0.4419,0.234,0,0
323-009290-A-0481,1.0,Cochabamba,Urbano,1,0,1,0.503,0.4731,1,0
323-009290-A-0521,1.0,Cochabamba,Urbano,0,0,1,0.5426,0.3304,1,0
324-009458-A-0021,1.0,Cochabamba,Urbano,0,0,0,0.5422,0.3891,1,0
324-009458-A-0141,4.0,Cochabamba,Urbano,0,0,0,0.469,0.2512,0,0
324-009458-A-0101,3.0,Cochabamba,Urbano,0,0,1,0.4179,0.2851,0,0
324-009458-A-0061,1.0,Cochabamba,Urbano,0,0,1,0.7461,0.4003,1,0
324-009458-A-0361,3.0,Cochabamba,Urbano,0,0,1,0.4576,0.2761,0,0
324-009458-A-0441,1.0,Cochabamba,Urbano,0,0,1,0.5797,0.2684,1,0
324-009458-A-0321,1.0,Cochabamba,Urbano,0,0,1,0.4186,0.2634,0,0
324-009458-A-0401,3.0,Cochabamba,Urbano,0,0,1,0.4411,0.2769,0,0
324-009458-A-0171,3.0,Cochabamba,Urbano,0,0,1,0.4192,0.293,0,0
324-009458-A-0291,3.0,Cochabamba,Urbano,0,0,1,0.3717,0.2406,0,0
324-009458-A-0211,1.0,Cochabamba,Urbano,0,0,0,0.3733,0.2848,0,0
324-009458-A-0251,3.0,Cochabamba,Urbano,0,0,1,0.3738,0.2335,0,0
314-005910-A-0141,4.0,Cochabamba,Urbano,0,0,1,0.397,0.2525,0,0
314-005910-A-0131,1.0,Cochabamba,Urbano,0,0,0,0.4945,0.2755,0,0
314-005910-A-0161,1.0,Cochabamba,Urbano,0,0,1,0.4436,0.1895,0,0
314-005910-A-0171,4.0,Cochabamba,Urbano,0,0,1,0.4744,0.286,0,0
314-005910-A-0101,1.0,Cochabamba,Urbano,0,0,1,0.4397,0.3204,0,0
314-005910-A-0111,1.0,Cochabamba,Urbano,0,0,1,0.457,0.3145,0,0
314-005910-A-0071,1.0,Cochabamba,Urbano,0,0,1,0.4207,0.286,0,0
314-005910-A-0081,1.0,Cochabamba,Urbano,0,0,0,0.376,0.1936,0,0
314-005910-A-0011,1.0,Cochabamba,Urbano,0,0,0,0.4649,0.2562,0,0
314-005910-A-0021,1.0,Cochabamba,Urbano,0,0,1,0.6154,0.4394,1,0
314-005910-A-0051,3.0,Cochabamba,Urbano,0,0,1,0.542,0.3495,1,0
314-005910-A-0041,3.0,Cochabamba,Urbano,0,0,0,0.5248,0.3054,1,0
322-008386-A-0041,1.0,Cochabamba,Urbano,0,0,1,0.5139,0.2569,1,0
322-008386-A-0061,3.0,Cochabamba,Urbano,0,0,0,0.3836,0.2034,0,0
322-008386-A-0191,3.0,Cochabamba,Urbano,1,0,1,0.493,0.4018,0,0
322-008386-A-0111,1.0,Cochabamba,Urbano,0,0,1,0.5614,0.363,1,0
322-008386-A-0141,1.0,Cochabamba,Urbano,0,0,1,0.54,0.2679,1,0
322-008386-A-0161,1.0,Cochabamba,Urbano,0,0,1,0.5035,0.3182,1,0
322-008386-A-0131,4.0,Cochabamba,Urbano,0,0,0,0.5826,0.347,1,0
322-008386-A-0011,1.0,Cochabamba,Urbano,0,0,0,0.5093,0.365,1,0
322-008386-A-0091,1.0,Cochabamba,Urbano,0,0,0,0.4893,0.332,0,0
322-008386-A-0081,1.0,Cochabamba,Urbano,0,0,1,0.6983,0.6242,1,1
322-008386-A-0181,2.0,Cochabamba,Urbano,0,0,0,0.5045,0.3149,1,0
314-006324-A-0151,1.0,Cochabamba,Urbano,0,0,1,0.3645,0.2348,0,0
314-006324-A-0131,1.0,Cochabamba,Urbano,0,0,0,0.4075,0.233,0,0
314-006324-A-0171,3.0,Cochabamba,Urbano,0,0,1,0.3681,0.2369,0,0
314-006324-A-0181,1.0,Cochabamba,Urbano,0,0,0,0.608,0.3018,1,0
314-006324-A-0071,3.0,Cochabamba,Urbano,0,0,1,0.4122,0.2817,0,0
314-006324-A-0091,1.0,Cochabamba,Urbano,0,0,1,0.3924,0.1884,0,0
314-006324-A-0101,1.0,Cochabamba,Urbano,0,0,1,0.462,0.2336,0,0
314-006324-A-0121,3.0,Cochabamba,Urbano,0,0,1,0.4506,0.272,0,0
314-006324-A-0061,1.0,Cochabamba,Urbano,0,0,0,0.5654,0.3264,1,0
314-006324-A-0021,1.0,Cochabamba,Urbano,0,0,0,0.3986,0.2567,0,0
314-006324-A-0011,1.0,Cochabamba,Urbano,0,0,0,0.5184,0.3098,1,0
314-006043-A-0031,1.0,Cochabamba,Urbano,1,0,1,0.4142,0.5145,0,1
314-006043-A-0011,3.0,Cochabamba,Urbano,1,0,1,0.3596,0.277,0,0
314-006043-A-0051,1.0,Cochabamba,Urbano,0,0,1,0.4514,0.2471,0,0
314-006043-A-0071,1.0,Cochabamba,Urbano,0,0,1,0.4456,0.231,0,0
314-006043-A-0171,3.0,Cochabamba,Urbano,0,0,1,0.508,0.3349,1,0
314-006043-A-0191,1.0,Cochabamba,Urbano,0,0,1,0.3887,0.1786,0,0
314-006043-A-0211,1.0,Cochabamba,Urbano,0,1,1,0.4733,0.2969,0,0
314-006043-A-0221,1.0,Cochabamba,Urbano,0,0,1,0.5075,0.4116,1,0
314-006043-A-0111,1.0,Cochabamba,Urbano,0,1,0,0.4226,0.2647,0,0
314-006043-A-0091,1.0,Cochabamba,Urbano,0,0,0,0.5307,0.3155,1,0
314-006043-A-0131,1.0,Cochabamba,Urbano,0,0,0,0.4659,0.3074,0,0
314-006043-A-0151,1.0,Cochabamba,Urbano,0,0,0,0.4919,0.1738,0,0
324-008629-A-0461,3.0,Cochabamba,Urbano,0,0,1,0.3944,0.2145,0,0
324-008629-A-0561,1.0,Cochabamba,Urbano,0,0,1,0.5398,0.2146,1,0
324-008629-A-0151,2.0,Cochabamba,Urbano,0,0,1,0.4835,0.315,0,0
324-008629-A-0091,1.0,Cochabamba,Urbano,0,0,1,0.3357,0.2386,0,0
324-008629-A-0201,1.0,Cochabamba,Urbano,0,0,1,0.3774,0.1835,0,0
324-008629-A-0041,1.0,Cochabamba,Urbano,0,0,1,0.455,0.1735,0,0
324-008629-A-0351,1.0,Cochabamba,Urbano,0,0,0,0.5246,0.3427,1,0
324-008629-A-0301,1.0,Cochabamba,Urbano,0,0,0,0.3761,0.2548,0,0
324-008629-A-0251,1.0,Cochabamba,Urbano,0,0,0,0.5371,0.3826,1,0
324-008623-A-0311,1.0,Cochabamba,Urbano,0,0,0,0.3822,0.2696,0,0
324-008623-A-0371,1.0,Cochabamba,Urbano,0,0,0,0.4451,0.4244,0,0
324-008623-A-0691,3.0,Cochabamba,Urbano,0,0,1,0.3634,0.2146,0,0
324-008623-A-0761,1.0,Cochabamba,Urbano,0,0,0,0.3659,0.187,0,0
324-008623-A-0561,1.0,Cochabamba,Urbano,0,0,1,0.3969,0.208,0,0
324-008623-A-0631,2.0,Cochabamba,Urbano,0,0,1,0.524,0.3129,1,0
324-008623-A-0441,1.0,Cochabamba,Urbano,0,0,1,0.4711,0.3225,0,0
324-008623-A-0111,3.0,Cochabamba,Urbano,0,0,1,0.4603,0.1832,0,0
324-008623-A-0181,1.0,Cochabamba,Urbano,0,0,0,0.3921,0.1641,0,0
324-008623-A-0241,1.0,Cochabamba,Urbano,0,0,1,0.4097,0.3042,0,0
314-005465-A-0011,2.0,Cochabamba,Urbano,0,0,1,0.4672,0.3011,0,0
314-005465-A-0061,1.0,Cochabamba,Urbano,0,0,1,0.6097,0.3853,1,0
314-005465-A-0051,1.0,Cochabamba,Urbano,0,0,1,0.4421,0.3124,0,0
314-005465-A-0031,1.0,Cochabamba,Urbano,0,0,1,0.5466,0.362,1,0
314-005465-A-0191,1.0,Cochabamba,Urbano,0,0,1,0.4626,0.2332,0,0
314-005465-A-0201,1.0,Cochabamba,Urbano,0,0,1,0.4238,0.2043,0,0
314-005465-A-0131,1.0,Cochabamba,Urbano,1,1,0,0.4829,0.283,0,0
314-005465-A-0121,1.0,Cochabamba,Urbano,0,0,0,0.436,0.312,0,0
314-005465-A-0101,3.0,Cochabamba,Urbano,0,0,0,0.4841,0.278,0,0
314-005080-A-0201,1.0,Cochabamba,Urbano,0,0,1,0.4107,0.2667,0,0
314-005080-A-0151,1.0,Cochabamba,Urbano,0,0,1,0.4849,0.3698,0,0
314-005080-A-0221,1.0,Cochabamba,Urbano,0,0,1,0.4922,0.3317,0,0
314-005080-A-0281,2.0,Cochabamba,Urbano,0,0,1,0.5059,0.3377,1,0
314-005080-A-0301,2.0,Cochabamba,Urbano,0,0,1,0.4453,0.2391,0,0
314-005080-A-0071,4.0,Cochabamba,Urbano,1,0,0,0.4705,0.3071,0,0
314-005080-A-0101,1.0,Cochabamba,Urbano,0,0,0,0.4247,0.2144,0,0
314-005080-A-0021,1.0,Cochabamba,Urbano,0,0,0,0.4882,0.3628,0,0
314-005842-A-0531,4.0,Cochabamba,Urbano,1,0,0,0.5547,0.5623,1,1
314-005842-A-0581,2.0,Cochabamba,Urbano,0,0,1,0.4728,0.3707,0,0
314-005842-A-0231,1.0,Cochabamba,Urbano,1,0,1,0.4473,0.4165,0,0
314-005842-A-0281,1.0,Cochabamba,Urbano,0,0,0,0.5163,0.3227,1,0
314-005842-A-0331,3.0,Cochabamba,Urbano,0,0,1,0.4069,0.2506,0,0
314-005842-A-0381,1.0,Cochabamba,Urbano,0,0,1,0.3531,0.3673,0,0
314-005842-A-0031,1.0,Cochabamba,Urbano,0,0,1,0.4379,0.3254,0,0
314-005842-A-0131,3.0,Cochabamba,Urbano,0,0,0,0.5043,0.4329,1,0
314-005842-A-0181,1.0,Cochabamba,Urbano,0,0,0,0.574,0.3861,1,0
314-005842-A-0081,1.0,Cochabamba,Urbano,0,1,0,0.509,0.3527,1,0
313-003238-A-0181,3.0,Cochabamba,Urbano,1,0,0,0.3967,0.2185,0,0
313-003238-A-0221,3.0,Cochabamba,Urbano,1,0,0,0.5124,0.551,1,1
313-003238-A-0251,2.0,Cochabamba,Urbano,0,0,1,0.4582,0.1937,0,0
313-003238-A-0121,1.0,Cochabamba,Urbano,0,0,1,0.6198,0.3467,1,0
313-003238-A-0161,1.0,Cochabamba,Urbano,0,0,0,0.3858,0.171,0,0
313-003238-A-0091,2.0,Cochabamba,Urbano,0,0,0,0.5085,0.2602,1,0
313-003238-A-0071,1.0,Cochabamba,Urbano,0,0,0,0.4286,0.1833,0,0
313-003238-A-0031,1.0,Cochabamba,Urbano,1,0,0,0.5919,0.5434,1,1
313-003238-A-0051,1.0,Cochabamba,Urbano,0,0,0,0.342,0.1189,0,0
314-006592-A-0291,4.0,Cochabamba,Urbano,0,0,1,0.619,0.4334,1,0
314-006592-A-0361,2.0,Cochabamba,Urbano,1,1,1,0.4463,0.48,0,0
314-006592-A-0331,1.0,Cochabamba,Urbano,1,0,1,0.4997,0.3551,0,0
314-006592-A-0401,1.0,Cochabamba,Urbano,0,0,1,0.7764,0.5725,1,1
314-006592-A-0151,2.0,Cochabamba,Urbano,0,0,0,0.6772,0.3949,1,0
314-006592-A-0181,1.0,Cochabamba,Urbano,0,0,1,0.6194,0.4685,1,0
314-006592-A-0221,1.0,Cochabamba,Urbano,0,0,0,0.3577,0.271,0,0
314-006592-A-0261,2.0,Cochabamba,Urbano,0,1,1,0.5577,0.3996,1,0
314-006592-A-0011,1.0,Cochabamba,Urbano,0,0,0,0.4632,0.2508,0,0
314-006592-A-0041,3.0,Cochabamba,Urbano,0,0,0,0.4253,0.2564,0,0
314-006592-A-0081,1.0,Cochabamba,Urbano,0,0,1,0.3929,0.352,0,0
314-006592-A-0111,1.0,Cochabamba,Urbano,0,0,0,0.4432,0.2722,0,0
314-006592-A-0441,1.0,Cochabamba,Urbano,0,0,0,0.5069,0.2514,1,0
314-006518-A-0181,7.0,Cochabamba,Urbano,0,0,1,0.4148,0.3093,0,0
314-006518-A-0201,3.0,Cochabamba,Urbano,1,0,1,0.4983,0.287,0,0
314-006518-A-0221,2.0,Cochabamba,Urbano,0,0,0,0.6203,0.3043,1,0
314-006518-A-0251,4.0,Cochabamba,Urbano,0,0,0,0.4707,0.2885,0,0
314-006518-A-0091,3.0,Cochabamba,Urbano,0,0,1,0.524,0.3128,1,0
314-006518-A-0141,2.0,Cochabamba,Urbano,0,0,0,0.3982,0.3232,0,0
314-006518-A-0121,6.0,Cochabamba,Urbano,0,0,0,0.5073,0.3174,1,0
314-006518-A-0161,1.0,Cochabamba,Urbano,1,0,1,0.4294,0.4324,0,0
314-006518-A-0071,1.0,Cochabamba,Urbano,1,0,0,0.5696,0.4906,1,0
314-006518-A-0031,1.0,Cochabamba,Urbano,0,0,0,0.583,0.344,1,0
314-006518-A-0011,3.0,Cochabamba,Urbano,0,0,0,0.2775,0.193,0,0
314-006518-A-0051,1.0,Cochabamba,Urbano,0,0,0,0.6308,0.2801,1,0
314-006449-A-0341,1.0,Cochabamba,Urbano,0,0,0,0.395,0.2537,0,0
314-006449-A-0381,1.0,Cochabamba,Urbano,1,0,1,0.7255,0.663,1,1
314-006449-A-0421,5.0,Cochabamba,Urbano,0,0,1,0.6705,0.3999,1,0
314-006449-A-0461,1.0,Cochabamba,Urbano,0,0,0,0.4254,0.1723,0,0
314-006449-A-0181,3.0,Cochabamba,Urbano,0,0,1,0.4049,0.2797,0,0
314-006449-A-0221,1.0,Cochabamba,Urbano,1,1,1,0.3656,0.2131,0,0
314-006449-A-0261,6.0,Cochabamba,Urbano,0,0,1,0.755,0.5658,1,1
314-006449-A-0301,3.0,Cochabamba,Urbano,0,0,0,0.4384,0.2272,0,0
314-006449-A-0061,3.0,Cochabamba,Urbano,0,1,0,0.4702,0.2488,0,0
314-006449-A-0141,1.0,Cochabamba,Urbano,0,0,0,0.3442,0.2481,0,0
314-006449-A-0021,1.0,Cochabamba,Urbano,0,0,1,0.386,0.1848,0,0
314-006449-A-0101,1.0,Cochabamba,Urbano,0,0,1,0.3551,0.1786,0,0
314-005282-A-0151,3.0,Cochabamba,Urbano,1,0,1,0.4004,0.3742,0,0
314-005282-A-0131,1.0,Cochabamba,Urbano,0,0,1,0.5951,0.3518,1,0
314-005282-A-0161,3.0,Cochabamba,Urbano,0,0,1,0.4066,0.2072,0,0
314-005282-A-0121,1.0,Cochabamba,Urbano,0,0,0,0.6959,0.4974,1,0
314-005282-A-0061,1.0,Cochabamba,Urbano,0,1,0,0.5067,0.3078,1,0
314-005282-A-0081,2.0,Cochabamba,Urbano,0,0,1,0.516,0.313,1,0
314-005282-A-0091,4.0,Cochabamba,Urbano,0,1,0,0.4893,0.3254,0,0
314-005282-A-0101,3.0,Cochabamba,Urbano,0,0,0,0.4274,0.2991,0,0
314-005282-A-0031,3.0,Cochabamba,Urbano,0,0,0,0.3629,0.2723,0,0
314-005282-A-0051,1.0,Cochabamba,Urbano,0,0,0,0.4776,0.3078,0,0
314-005282-A-0011,1.0,Cochabamba,Urbano,0,0,1,0.4069,0.2409,0,0
314-005282-A-0021,3.0,Cochabamba,Urbano,0,0,0,0.4,0.3074,0,0
314-005227-A-0201,1.0,Cochabamba,Urbano,0,1,0,0.4702,0.3439,0,0
314-005227-A-0181,1.0,Cochabamba,Urbano,1,0,0,0.5457,0.3369,1,0
314-005227-A-0241,3.0,Cochabamba,Urbano,0,0,1,0.4553,0.257,0,0
314-005227-A-0161,1.0,Cochabamba,Urbano,1,0,0,0.5952,0.5058,1,1
314-005227-A-0141,4.0,Cochabamba,Urbano,0,0,1,0.5194,0.2728,1,0
314-005227-A-0121,5.0,Cochabamba,Urbano,0,0,0,0.5202,0.3898,1,0
314-005227-A-0101,3.0,Cochabamba,Urbano,0,0,1,0.4659,0.3211,0,0
314-005227-A-0011,2.0,Cochabamba,Urbano,1,1,1,0.4979,0.2488,0,0
314-005227-A-0041,1.0,Cochabamba,Urbano,1,0,1,0.5601,0.5366,1,1
314-005227-A-0061,1.0,Cochabamba,Urbano,0,0,0,0.4234,0.2798,0,0
314-005227-A-0081,1.0,Cochabamba,Urbano,0,1,0,0.3578,0.1886,0,0
314-005056-A-0131,3.0,Cochabamba,Urbano,1,0,0,0.388,0.391,0,0
314-005056-A-0151,1.0,Cochabamba,Urbano,1,0,1,0.532,0.3609,1,0
314-005056-A-0171,2.0,Cochabamba,Urbano,0,0,1,0.4965,0.4463,0,0
314-005056-A-0181,1.0,Cochabamba,Urbano,1,0,0,0.3986,0.4102,0,0
314-005056-A-0071,1.0,Cochabamba,Urbano,1,0,0,0.3127,0.4468,0,0
314-005056-A-0091,4.0,Cochabamba,Urbano,0,0,0,0.4903,0.2359,0,0
314-005056-A-0101,1.0,Cochabamba,Urbano,0,0,1,0.3102,0.1498,0,0
314-005056-A-0121,2.0,Cochabamba,Urbano,0,0,1,0.4216,0.2766,0,0
314-005056-A-0011,1.0,Cochabamba,Urbano,0,0,1,0.4278,0.2602,0,0
314-005056-A-0021,3.0,Cochabamba,Urbano,0,0,1,0.3297,0.2255,0,0
314-005056-A-0041,1.0,Cochabamba,Urbano,0,0,0,0.352,0.2478,0,0
314-005056-A-0061,1.0,Cochabamba,Urbano,1,0,0,0.3498,0.2792,0,0
314-004682-A-0261,1.0,Cochabamba,Urbano,0,0,0,0.4046,0.2526,0,0
314-004682-A-0291,3.0,Cochabamba,Urbano,0,1,1,0.503,0.3108,1,0
314-004682-A-0321,3.0,Cochabamba,Urbano,0,0,0,0.4726,0.2869,0,0
314-004682-A-0351,1.0,Cochabamba,Urbano,0,0,0,0.4082,0.2675,0,0
314-004682-A-0131,3.0,Cochabamba,Urbano,0,0,0,0.3453,0.2648,0,0
314-004682-A-0161,1.0,Cochabamba,Urbano,1,0,1,0.5126,0.542,1,1
314-004682-A-0191,1.0,Cochabamba,Urbano,1,0,1,0.6058,0.3972,1,0
314-004682-A-0231,1.0,Cochabamba,Urbano,0,0,1,0.7523,0.5178,1,1
314-004682-A-0011,1.0,Cochabamba,Urbano,0,0,1,0.4592,0.2736,0,0
314-004682-A-0041,1.0,Cochabamba,Urbano,0,0,1,0.5342,0.321,1,0
314-004682-A-0071,4.0,Cochabamba,Urbano,1,0,1,0.4967,0.336,0,0
314-004682-A-0101,1.0,Cochabamba,Urbano,0,0,0,0.5143,0.2957,1,0
314-004640-A-0131,1.0,Cochabamba,Urbano,0,0,0,0.4484,0.2395,0,0
314-004640-A-0161,3.0,Cochabamba,Urbano,1,0,1,0.4077,0.3601,0,0
314-004640-A-0181,1.0,Cochabamba,Urbano,0,0,1,0.5201,0.3164,1,0
314-004640-A-0211,3.0,Cochabamba,Urbano,0,0,0,0.4786,0.2666,0,0
314-004640-A-0291,1.0,Cochabamba,Urbano,0,0,0,0.5402,0.2057,1,0
314-004640-A-0241,1.0,Cochabamba,Urbano,1,0,0,0.4309,0.3446,0,0
314-004640-A-0051,7.0,Cochabamba,Urbano,0,1,0,0.505,0.4093,1,0
314-004640-A-0071,3.0,Cochabamba,Urbano,0,0,0,0.4612,0.1774,0,0
314-004640-A-0101,3.0,Cochabamba,Urbano,0,0,0,0.3972,0.196,0,0
312-001205-A-0511,2.0,Cochabamba,Urbano,0,0,1,0.6018,0.3834,1,0
312-001205-A-0411,3.0,Cochabamba,Urbano,0,0,1,0.5215,0.3177,1,0
312-001205-A-0031,3.0,Cochabamba,Urbano,0,0,1,0.5409,0.3555,1,0
312-001205-A-0461,2.0,Cochabamba,Urbano,0,0,0,0.3141,0.205,0,0
312-001205-A-0191,1.0,Cochabamba,Urbano,0,0,1,0.6339,0.3912,1,0
312-001205-A-0141,3.0,Cochabamba,Urbano,0,0,1,0.4531,0.2302,0,0
312-001205-A-0251,2.0,Cochabamba,Urbano,0,0,1,0.75,0.6252,1,1
312-001205-A-0301,1.0,Cochabamba,Urbano,0,1,1,0.5427,0.2836,1,0
312-001205-A-0091,1.0,Cochabamba,Urbano,0,0,1,0.4589,0.2853,0,0
312-001205-A-0621,2.0,Cochabamba,Urbano,0,1,1,0.4011,0.1911,0,0
312-001205-A-0351,1.0,Cochabamba,Urbano,1,0,1,0.5171,0.5712,1,1
312-001205-A-0571,1.0,Cochabamba,Urbano,0,0,1,0.4484,0.1998,0,0
313-002867-A-0181,1.0,Cochabamba,Urbano,0,0,0,0.6147,0.3326,1,0
313-002867-A-0141,2.0,Cochabamba,Urbano,0,0,1,0.3371,0.2256,0,0
313-002867-A-0101,2.0,Cochabamba,Urbano,0,0,0,0.6858,0.6022,1,1
313-002867-A-0061,1.0,Cochabamba,Urbano,0,0,1,0.7971,0.5567,1,1
313-002867-A-0081,1.0,Cochabamba,Urbano,1,0,1,0.3798,0.3024,0,0
313-002867-A-0041,1.0,Cochabamba,Urbano,0,1,1,0.5317,0.2535,1,0
313-002867-A-0011,1.0,Cochabamba,Urbano,0,0,1,0.4658,0.2221,0,0
313-002867-A-0241,2.0,Cochabamba,Urbano,0,0,1,0.4835,0.3296,0,0
313-002867-A-0221,1.0,Cochabamba,Urbano,0,1,1,0.461,0.1758,0,0
313-002867-A-0201,3.0,Cochabamba,Urbano,0,0,1,0.4537,0.2858,0,0
313-002867-A-0161,1.0,Cochabamba,Urbano,1,1,1,0.7339,0.654,1,1
313-002913-A-0131,1.0,Cochabamba,Urbano,1,0,1,0.5163,0.305,1,0
313-002913-A-0161,3.0,Cochabamba,Urbano,0,0,1,0.3795,0.3527,0,0
313-002913-A-0181,2.0,Cochabamba,Urbano,0,0,1,0.2648,0.1525,0,0
313-002913-A-0011,3.0,Cochabamba,Urbano,0,0,1,0.4444,0.2786,0,0
313-002913-A-0191,1.0,Cochabamba,Urbano,0,1,1,0.6464,0.3877,1,0
313-002913-A-0081,1.0,Cochabamba,Urbano,1,0,1,0.6934,0.6822,1,1
313-002913-A-0141,1.0,Cochabamba,Urbano,0,0,1,0.4321,0.2889,0,0
313-002913-A-0061,4.0,Cochabamba,Urbano,0,1,1,0.4152,0.2701,0,0
313-002913-A-0041,1.0,Cochabamba,Urbano,0,0,0,0.6793,0.4731,1,0
313-002913-A-0111,1.0,Cochabamba,Urbano,0,0,1,0.4208,0.3216,0,0
313-002913-A-0031,3.0,Cochabamba,Urbano,0,0,1,0.4471,0.2392,0,0
313-002913-A-0091,1.0,Cochabamba,Urbano,0,1,1,0.6768,0.5069,1,1
314-004539-A-0251,3.0,Cochabamba,Urbano,0,0,0,0.4988,0.2665,0,0
314-004539-A-0281,2.0,Cochabamba,Urbano,0,0,0,0.5042,0.3863,1,0
314-004539-A-0341,2.0,Cochabamba,Urbano,0,0,1,0.4932,0.3517,0,0
314-004539-A-0311,1.0,Cochabamba,Urbano,1,1,1,0.6194,0.6204,1,1
314-004539-A-0191,2.0,Cochabamba,Urbano,0,1,1,0.4736,0.2056,0,0
314-004539-A-0131,1.0,Cochabamba,Urbano,0,0,1,0.4421,0.3399,0,0
314-004539-A-0161,1.0,Cochabamba,Urbano,1,0,1,0.469,0.2474,0,0
314-004539-A-0221,1.0,Cochabamba,Urbano,0,0,1,0.5334,0.4252,1,0
314-004539-A-0011,1.0,Cochabamba,Urbano,0,0,1,0.4221,0.1909,0,0
314-004539-A-0041,2.0,Cochabamba,Urbano,0,1,1,0.4362,0.2519,0,0
314-004539-A-0071,1.0,Cochabamba,Urbano,0,0,0,0.7831,0.5272,1,1
314-004539-A-0101,1.0,Cochabamba,Urbano,0,0,1,0.5066,0.378,1,0
314-004583-A-0161,1.0,Cochabamba,Urbano,0,0,1,0.5015,0.2762,1,0
314-004583-A-0181,3.0,Cochabamba,Urbano,0,0,1,0.3882,0.2307,0,0
314-004583-A-0211,1.0,Cochabamba,Urbano,0,0,1,0.6555,0.2583,1,0
314-004583-A-0241,4.0,Cochabamba,Urbano,0,1,1,0.468,0.286,0,0
314-004583-A-0271,3.0,Cochabamba,Urbano,0,1,1,0.5346,0.2432,1,0
314-004583-A-0291,3.0,Cochabamba,Urbano,0,0,1,0.3752,0.2409,0,0
314-004583-A-0321,1.0,Cochabamba,Urbano,0,1,1,0.5747,0.3238,1,0
314-004583-A-0021,1.0,Cochabamba,Urbano,0,0,1,0.416,0.249,0,0
314-004583-A-0051,1.0,Cochabamba,Urbano,0,0,1,0.5961,0.3456,1,0
314-004583-A-0071,1.0,Cochabamba,Urbano,0,0,0,0.4098,0.2777,0,0
314-004583-A-0101,3.0,Cochabamba,Urbano,0,0,1,0.3748,0.2654,0,0
314-004583-A-0131,1.0,Cochabamba,Urbano,0,0,0,0.3429,0.2354,0,0
313-003010-A-0411,1.0,Cochabamba,Urbano,0,0,1,0.5985,0.254,1,0
313-003010-A-0161,1.0,Cochabamba,Urbano,0,0,1,0.4598,0.2094,0,0
313-003010-A-0191,1.0,Cochabamba,Urbano,0,0,1,0.3621,0.2704,0,0
313-003010-A-0301,3.0,Cochabamba,Urbano,0,1,1,0.3953,0.2289,0,0
313-003010-A-0231,4.0,Cochabamba,Urbano,0,0,1,0.5535,0.2606,1,0
313-003010-A-0341,1.0,Cochabamba,Urbano,1,0,1,0.4488,0.2534,0,0
313-003010-A-0381,1.0,Cochabamba,Urbano,0,0,1,0.6401,0.4678,1,0
313-003010-A-0011,2.0,Cochabamba,Urbano,0,0,1,0.4399,0.2526,0,0
313-003010-A-0051,1.0,Cochabamba,Urbano,0,0,1,0.4571,0.217,0,0
313-003010-A-0081,1.0,Cochabamba,Urbano,0,0,1,0.3768,0.2219,0,0
313-003010-A-0121,1.0,Cochabamba,Urbano,1,0,0,0.5002,0.4699,1,0
313-003010-A-0271,1.0,Cochabamba,Urbano,1,0,1,0.5353,0.4175,1,0
314-004413-A-0291,1.0,Cochabamba,Urbano,0,0,1,0.3996,0.3261,0,0
314-004413-A-0101,1.0,Cochabamba,Urbano,0,0,1,0.474,0.2992,0,0
314-004413-A-0411,1.0,Cochabamba,Urbano,0,0,1,0.5483,0.3063,1,0
314-004413-A-0451,3.0,Cochabamba,Urbano,0,0,1,0.3955,0.163,0,0
314-004413-A-0371,1.0,Cochabamba,Urbano,0,0,0,0.5456,0.2734,1,0
314-004413-A-0331,3.0,Cochabamba,Urbano,0,0,1,0.3916,0.2814,0,0
314-004413-A-0021,1.0,Cochabamba,Urbano,0,1,1,0.5762,0.3661,1,0
314-004413-A-0061,3.0,Cochabamba,Urbano,0,0,1,0.3985,0.3006,0,0
314-004413-A-0141,3.0,Cochabamba,Urbano,0,0,0,0.3943,0.3537,0,0
314-004413-A-0171,1.0,Cochabamba,Urbano,0,0,0,0.4649,0.2948,0,0
314-004413-A-0211,1.0,Cochabamba,Urbano,0,0,0,0.3924,0.265,0,0
314-004413-A-0251,1.0,Cochabamba,Urbano,0,0,0,0.4896,0.3547,0,0
314-004411-A-0231,1.0,Cochabamba,Urbano,0,1,1,0.523,0.2986,1,0
314-004411-A-0211,1.0,Cochabamba,Urbano,0,0,1,0.492,0.2328,0,0
314-004411-A-0191,2.0,Cochabamba,Urbano,0,1,1,0.4281,0.2317,0,0
314-004411-A-0111,1.0,Cochabamba,Urbano,0,0,1,0.4594,0.3954,0,0
314-004411-A-0171,4.0,Cochabamba,Urbano,0,1,1,0.486,0.2664,0,0
314-004411-A-0131,3.0,Cochabamba,Urbano,0,0,1,0.4249,0.2488,0,0
314-004411-A-0091,3.0,Cochabamba,Urbano,0,0,0,0.3914,0.2401,0,0
314-004411-A-0011,4.0,Cochabamba,Urbano,0,1,1,0.3505,0.2514,0,0
314-004411-A-0031,1.0,Cochabamba,Urbano,0,1,1,0.4267,0.3053,0,0
314-004411-A-0051,1.0,Cochabamba,Urbano,0,1,1,0.3776,0.2467,0,0
314-004411-A-0071,1.0,Cochabamba,Urbano,0,0,1,0.4096,0.2762,0,0
314-004411-A-0151,1.0,Cochabamba,Urbano,0,0,1,0.4061,0.2324,0,0
314-004345-A-0161,1.0,Cochabamba,Urbano,0,1,1,0.3879,0.291,0,0
314-004345-A-0181,1.0,Cochabamba,Urbano,0,0,1,0.4081,0.4208,0,0
314-004345-A-0191,4.0,Cochabamba,Urbano,0,0,1,0.3919,0.1936,0,0
314-004345-A-0131,1.0,Cochabamba,Urbano,0,1,1,0.4664,0.2367,0,0
314-004345-A-0141,1.0,Cochabamba,Urbano,0,0,1,0.7402,0.6434,1,1
314-004345-A-0081,3.0,Cochabamba,Urbano,0,0,0,0.4544,0.2597,0,0
314-004345-A-0091,1.0,Cochabamba,Urbano,0,1,0,0.3494,0.1426,0,0
314-004345-A-0111,1.0,Cochabamba,Urbano,0,0,0,0.3945,0.3309,0,0
314-004345-A-0011,3.0,Cochabamba,Urbano,1,1,1,0.5058,0.3607,1,0
314-004345-A-0041,1.0,Cochabamba,Urbano,0,0,1,0.4619,0.2814,0,0
314-004345-A-0031,1.0,Cochabamba,Urbano,0,0,1,0.373,0.2304,0,0
314-004345-A-0061,3.0,Cochabamba,Urbano,0,0,1,0.3978,0.2126,0,0
313-003072-A-0331,1.0,Cochabamba,Urbano,0,1,0,0.4002,0.2887,0,0
313-003072-A-0171,1.0,Cochabamba,Urbano,1,0,0,0.3915,0.3611,0,0
313-003072-A-0251,1.0,Cochabamba,Urbano,0,0,0,0.5294,0.2996,1,0
313-003072-A-0371,1.0,Cochabamba,Urbano,0,0,0,0.48,0.3566,0,0
313-003072-A-0211,1.0,Cochabamba,Urbano,1,1,1,0.39,0.3404,0,0
313-003072-A-0411,1.0,Cochabamba,Urbano,0,0,1,0.4417,0.3329,0,0
313-003072-A-0451,1.0,Cochabamba,Urbano,0,0,1,0.4819,0.3364,0,0
313-003072-A-0021,1.0,Cochabamba,Urbano,0,0,1,0.4682,0.3474,0,0
313-003072-A-0061,3.0,Cochabamba,Urbano,0,0,1,0.4044,0.3088,0,0
313-003072-A-0101,1.0,Cochabamba,Urbano,0,0,1,0.4679,0.3697,0,0
313-003072-A-0141,3.0,Cochabamba,Urbano,0,0,1,0.4056,0.2793,0,0
313-003171-A-0051,1.0,Cochabamba,Urbano,0,0,1,0.4991,0.1805,0,0
313-003171-A-0061,4.0,Cochabamba,Urbano,0,0,0,0.5072,0.2706,1,0
313-003171-A-0081,2.0,Cochabamba,Urbano,0,0,0,0.7547,0.4258,1,0
313-003171-A-0071,1.0,Cochabamba,Urbano,0,0,0,0.6234,0.3049,1,0
313-003171-A-0011,6.0,Cochabamba,Urbano,0,0,0,0.4172,0.2032,0,0
313-003171-A-0021,1.0,Cochabamba,Urbano,0,0,0,0.3636,0.2142,0,0
313-003171-A-0031,1.0,Cochabamba,Urbano,1,0,0,0.6368,0.6674,1,1
313-003171-A-0041,3.0,Cochabamba,Urbano,0,0,0,0.4563,0.2772,0,0
313-003171-A-0091,3.0,Cochabamba,Urbano,0,0,0,0.4121,0.2303,0,0
313-003171-A-0101,3.0,Cochabamba,Urbano,0,0,0,0.4221,0.2486,0,0
313-003171-A-0111,1.0,Cochabamba,Urbano,0,0,1,0.4077,0.1909,0,0
313-003171-A-0121,1.0,Cochabamba,Urbano,0,0,0,0.3129,0.1937,0,0
314-006248-A-0061,5.0,Cochabamba,Urbano,0,0,1,0.5689,0.2978,1,0
314-006248-A-0081,1.0,Cochabamba,Urbano,0,0,1,0.4141,0.3269,0,0
314-006248-A-0091,1.0,Cochabamba,Urbano,1,0,1,0.3634,0.4091,0,0
314-006248-A-0131,1.0,Cochabamba,Urbano,1,1,0,0.4317,0.3438,0,0
314-006248-A-0121,1.0,Cochabamba,Urbano,0,1,0,0.3806,0.3248,0,0
314-006248-A-0161,1.0,Cochabamba,Urbano,1,0,1,0.3114,0.2711,0,0
314-006248-A-0051,1.0,Cochabamba,Urbano,0,1,1,0.4073,0.292,0,0
314-006248-A-0151,1.0,Cochabamba,Urbano,0,1,1,0.4504,0.2656,0,0
314-006248-A-0011,1.0,Cochabamba,Urbano,0,0,1,0.4534,0.3185,0,0
314-006248-A-0031,1.0,Cochabamba,Urbano,0,0,1,0.4893,0.2921,0,0
314-006248-A-0021,1.0,Cochabamba,Urbano,0,0,1,0.4792,0.3842,0,0
313-003116-A-0031,1.0,Cochabamba,Urbano,0,0,1,0.5107,0.2641,1,0
313-003116-A-0051,2.0,Cochabamba,Urbano,0,0,1,0.3798,0.25,0,0
313-003116-A-0071,1.0,Cochabamba,Urbano,1,0,1,0.6284,0.6182,1,1
313-003116-A-0231,3.0,Cochabamba,Urbano,0,0,1,0.3648,0.1858,0,0
313-003116-A-0171,3.0,Cochabamba,Urbano,0,1,0,0.5799,0.3438,1,0
313-003116-A-0191,1.0,Cochabamba,Urbano,0,0,1,0.4221,0.2953,0,0
313-003116-A-0211,1.0,Cochabamba,Urbano,0,0,0,0.2973,0.1669,0,0
313-003116-A-0091,1.0,Cochabamba,Urbano,0,0,1,0.3654,0.2083,0,0
313-003116-A-0111,3.0,Cochabamba,Urbano,0,0,1,0.446,0.2977,0,0
313-003116-A-0131,3.0,Cochabamba,Urbano,0,0,1,0.4193,0.2621,0,0
313-003116-A-0151,1.0,Cochabamba,Urbano,0,0,1,0.3885,0.2428,0,0
314-005976-A-0171,1.0,Cochabamba,Urbano,0,0,0,0.4225,0.1951,0,0
314-005976-A-0191,1.0,Cochabamba,Urbano,0,0,1,0.508,0.2172,1,0
314-005976-A-0211,1.0,Cochabamba,Urbano,0,0,1,0.535,0.2819,1,0
314-005976-A-0231,1.0,Cochabamba,Urbano,0,0,1,0.6473,0.5444,1,1
314-005976-A-0091,1.0,Cochabamba,Urbano,0,0,0,0.3334,0.1546,0,0
314-005976-A-0111,1.0,Cochabamba,Urbano,0,0,1,0.5702,0.3955,1,0
314-005976-A-0131,1.0,Cochabamba,Urbano,0,0,0,0.4051,0.2844,0,0
314-005976-A-0151,4.0,Cochabamba,Urbano,0,0,0,0.366,0.2462,0,0
314-005976-A-0011,1.0,Cochabamba,Urbano,0,0,1,0.5312,0.2642,1,0
314-005976-A-0031,1.0,Cochabamba,Urbano,0,0,0,0.4932,0.421,0,0
314-005976-A-0051,3.0,Cochabamba,Urbano,0,0,1,0.4273,0.2688,0,0
314-005976-A-0071,1.0,Cochabamba,Urbano,0,0,1,0.3851,0.2228,0,0
314-006006-A-0081,1.0,Cochabamba,Urbano,0,0,0,0.4176,0.1829,0,0
314-006006-A-0101,1.0,Cochabamba,Urbano,0,0,1,0.4662,0.334,0,0
314-006006-A-0141,1.0,Cochabamba,Urbano,1,0,0,0.4456,0.2109,0,0
314-006006-A-0161,3.0,Cochabamba,Urbano,0,0,1,0.4407,0.3024,0,0
314-006006-A-0171,1.0,Cochabamba,Urbano,0,1,1,0.3945,0.2375,0,0
314-006006-A-0191,1.0,Cochabamba,Urbano,0,0,0,0.3374,0.2946,0,0
314-006006-A-0211,1.0,Cochabamba,Urbano,0,0,0,0.3221,0.1869,0,0
314-006006-A-0011,1.0,Cochabamba,Urbano,0,0,1,0.573,0.4169,1,0
314-006006-A-0031,1.0,Cochabamba,Urbano,0,0,1,0.507,0.3042,1,0
314-006006-A-0051,1.0,Cochabamba,Urbano,0,0,1,0.4694,0.2721,0,0
314-006006-A-0061,1.0,Cochabamba,Urbano,0,0,1,0.5823,0.3573,1,0
314-005403-A-0121,3.0,Cochabamba,Urbano,0,0,1,0.5059,0.2993,1,0
314-005403-A-0141,1.0,Cochabamba,Urbano,0,0,1,0.4829,0.2746,0,0
314-005403-A-0161,1.0,Cochabamba,Urbano,0,0,1,0.389,0.2138,0,0
314-005403-A-0041,1.0,Cochabamba,Urbano,0,0,0,0.383,0.2659,0,0
314-005403-A-0241,3.0,Cochabamba,Urbano,0,0,0,0.3966,0.282,0,0
314-005403-A-0081,1.0,Cochabamba,Urbano,1,0,0,0.4788,0.425,0,0
314-005403-A-0221,3.0,Cochabamba,Urbano,0,0,1,0.3968,0.2588,0,0
314-005403-A-0201,1.0,Cochabamba,Urbano,0,0,1,0.4438,0.3349,0,0
314-005403-A-0011,1.0,Cochabamba,Urbano,0,1,1,0.3844,0.2843,0,0
314-005403-A-0101,1.0,Cochabamba,Urbano,0,0,1,0.3942,0.2161,0,0
314-005403-A-0061,3.0,Cochabamba,Urbano,0,0,0,0.4247,0.2576,0,0
314-005403-A-0181,1.0,Cochabamba,Urbano,0,0,0,0.4355,0.2203,0,0
314-005124-A-0011,1.0,Cochabamba,Urbano,0,0,0,0.3755,0.2792,0,0
314-005124-A-0061,1.0,Cochabamba,Urbano,0,0,1,0.4237,0.418,0,0
314-005124-A-0111,3.0,Cochabamba,Urbano,0,1,1,0.3688,0.3106,0,0
314-005124-A-0431,1.0,Cochabamba,Urbano,0,0,0,0.3393,0.1994,0,0
314-005124-A-0201,1.0,Cochabamba,Urbano,0,0,1,0.5431,0.3066,1,0
314-005124-A-0251,1.0,Cochabamba,Urbano,1,0,0,0.3628,0.376,0,0
314-005124-A-0341,1.0,Cochabamba,Urbano,1,0,1,0.4925,0.553,0,1
314-005124-A-0531,1.0,Cochabamba,Urbano,0,0,1,0.4016,0.2054,0,0
314-005124-A-0391,1.0,Cochabamba,Urbano,0,0,1,0.4286,0.218,0,0
314-005124-A-0151,1.0,Cochabamba,Urbano,0,0,1,0.4612,0.3106,0,0
314-004998-A-0011,1.0,Cochabamba,Urbano,1,0,1,0.4347,0.3809,0,0
314-004998-A-0031,1.0,Cochabamba,Urbano,0,0,1,0.2987,0.2487,0,0
314-004998-A-0041,1.0,Cochabamba,Urbano,0,0,0,0.4229,0.3663,0,0
314-004998-A-0061,1.0,Cochabamba,Urbano,0,0,1,0.3986,0.2044,0,0
314-004998-A-0081,1.0,Cochabamba,Urbano,0,0,1,0.3996,0.3441,0,0
314-004998-A-0091,1.0,Cochabamba,Urbano,0,0,1,0.3387,0.1926,0,0
314-004998-A-0111,1.0,Cochabamba,Urbano,0,0,1,0.3813,0.2717,0,0
314-004998-A-0131,1.0,Cochabamba,Urbano,0,0,1,0.3841,0.3145,0,0
314-004998-A-0141,7.0,Cochabamba,Urbano,0,0,1,0.511,0.4688,1,0
314-004998-A-0161,1.0,Cochabamba,Urbano,0,1,0,0.312,0.1856,0,0
314-004998-A-0191,1.0,Cochabamba,Urbano,0,0,1,0.5657,0.3497,1,0
314-004998-A-0181,1.0,Cochabamba,Urbano,0,1,1,0.5009,0.3156,1,0
314-004943-A-0011,1.0,Cochabamba,Urbano,0,0,1,0.4641,0.3925,0,0
314-004943-A-0041,1.0,Cochabamba,Urbano,0,0,1,0.5062,0.3491,1,0
314-004943-A-0031,3.0,Cochabamba,Urbano,0,0,0,0.4574,0.2698,0,0
314-004943-A-0061,4.0,Cochabamba,Urbano,0,0,1,0.4287,0.2454,0,0
314-004943-A-0111,1.0,Cochabamba,Urbano,1,0,0,0.5151,0.3228,1,0
314-004943-A-0081,1.0,Cochabamba,Urbano,0,0,1,0.3594,0.2009,0,0
314-004943-A-0091,1.0,Cochabamba,Urbano,0,0,1,0.4277,0.2709,0,0
314-004943-A-0131,1.0,Cochabamba,Urbano,0,0,0,0.4187,0.3163,0,0
314-004943-A-0141,4.0,Cochabamba,Urbano,0,1,1,0.3684,0.2572,0,0
314-004943-A-0161,1.0,Cochabamba,Urbano,0,0,1,0.4915,0.3359,0,0
314-004943-A-0191,3.0,Cochabamba,Urbano,0,0,1,0.4217,0.3511,0,0
314-004943-A-0181,4.0,Cochabamba,Urbano,0,0,1,0.4364,0.2524,0,0
314-004829-A-0011,1.0,Cochabamba,Urbano,0,0,1,0.4166,0.3291,0,0
314-004829-A-0031,1.0,Cochabamba,Urbano,0,0,1,0.4703,0.2841,0,0
314-004829-A-0051,2.0,Cochabamba,Urbano,0,0,1,0.4665,0.2825,0,0
314-004829-A-0091,4.0,Cochabamba,Urbano,0,1,1,0.4314,0.3072,0,0
314-004829-A-0111,1.0,Cochabamba,Urbano,0,0,1,0.4397,0.3373,0,0
314-004829-A-0131,1.0,Cochabamba,Urbano,0,0,1,0.3181,0.1963,0,0
314-004829-A-0151,1.0,Cochabamba,Urbano,0,0,1,0.382,0.3027,0,0
314-004829-A-0171,1.0,Cochabamba,Urbano,0,0,1,0.5026,0.3489,1,0
314-004829-A-0191,1.0,Cochabamba,Urbano,0,0,1,0.5045,0.217,1,0
314-004829-A-0211,1.0,Cochabamba,Urbano,0,0,1,0.2729,0.1965,0,0
314-004829-A-0231,3.0,Cochabamba,Urbano,0,0,0,0.3721,0.2075,0,0
314-004773-A-0041,3.0,Cochabamba,Urbano,0,0,0,0.4948,0.3485,0,0
314-004773-A-0071,3.0,Cochabamba,Urbano,0,0,1,0.4063,0.2878,0,0
314-004773-A-0021,4.0,Cochabamba,Urbano,0,0,1,0.3979,0.3889,0,0
314-004773-A-0121,3.0,Cochabamba,Urbano,0,0,1,0.4164,0.2896,0,0
314-004773-A-0151,1.0,Cochabamba,Urbano,0,0,1,0.3369,0.1676,0,0
314-004773-A-0171,1.0,Cochabamba,Urbano,0,0,1,0.3883,0.2561,0,0
314-004773-A-0201,1.0,Cochabamba,Urbano,0,0,1,0.4189,0.3206,0,0
314-004773-A-0301,1.0,Cochabamba,Urbano,0,0,0,0.3106,0.2413,0,0
314-004773-A-0221,1.0,Cochabamba,Urbano,0,0,0,0.3395,0.2417,0,0
314-004773-A-0251,3.0,Cochabamba,Urbano,0,0,0,0.4885,0.3628,0,0
314-004737-A-0051,1.0,Cochabamba,Urbano,1,1,1,0.4802,0.4945,0,0
314-004737-A-0041,3.0,Cochabamba,Urbano,0,0,1,0.3468,0.2715,0,0
314-004737-A-0011,3.0,Cochabamba,Urbano,0,0,1,0.4241,0.2179,0,0
314-004737-A-0071,1.0,Cochabamba,Urbano,0,0,1,0.4309,0.2862,0,0
314-004737-A-0081,1.0,Cochabamba,Urbano,0,0,0,0.5282,0.4162,1,0
314-004737-A-0101,1.0,Cochabamba,Urbano,0,0,1,0.384,0.3713,0,0
314-004737-A-0111,3.0,Cochabamba,Urbano,0,1,1,0.4538,0.3297,0,0
314-004737-A-0171,1.0,Cochabamba,Urbano,0,0,1,0.2836,0.3166,0,0
314-004737-A-0161,3.0,Cochabamba,Urbano,0,0,1,0.4007,0.2916,0,0
314-004737-A-0141,1.0,Cochabamba,Urbano,0,0,1,0.4446,0.276,0,0
314-004737-A-0131,1.0,Cochabamba,Urbano,0,0,1,0.4049,0.187,0,0
313-002959-A-0031,1.0,Cochabamba,Urbano,0,0,0,0.5676,0.3847,1,0
313-002959-A-0011,1.0,Cochabamba,Urbano,1,1,1,0.3965,0.5017,0,1
313-002959-A-0041,4.0,Cochabamba,Urbano,0,0,1,0.379,0.2222,0,0
313-002959-A-0061,1.0,Cochabamba,Urbano,0,0,1,0.5297,0.4136,1,0
313-002959-A-0081,4.0,Cochabamba,Urbano,1,1,1,0.5112,0.5434,1,1
313-002959-A-0091,1.0,Cochabamba,Urbano,1,0,1,0.6419,0.5034,1,1
313-002959-A-0111,3.0,Cochabamba,Urbano,0,1,1,0.4161,0.2364,0,0
313-002959-A-0131,3.0,Cochabamba,Urbano,0,1,1,0.4194,0.294,0,0
313-002959-A-0161,3.0,Cochabamba,Urbano,0,0,1,0.4449,0.3073,0,0
313-002959-A-0191,3.0,Cochabamba,Urbano,0,0,1,0.4463,0.3261,0,0
313-002959-A-0181,1.0,Cochabamba,Urbano,0,0,1,0.4392,0.2804,0,0
313-002959-A-0141,1.0,Cochabamba,Urbano,0,0,1,0.4415,0.2761,0,0
314-004233-A-0011,2.0,Cochabamba,Urbano,0,0,1,0.6131,0.3407,1,0
314-004233-A-0041,1.0,Cochabamba,Urbano,0,0,1,0.5834,0.2808,1,0
314-004233-A-0051,1.0,Cochabamba,Urbano,0,0,1,0.5765,0.2926,1,0
314-004233-A-0021,1.0,Cochabamba,Urbano,0,0,1,0.5137,0.3787,1,0
314-004233-A-0111,5.0,Cochabamba,Urbano,0,1,1,0.5227,0.3026,1,0
314-004233-A-0081,1.0,Cochabamba,Urbano,0,0,1,0.4142,0.2951,0,0
314-004233-A-0101,1.0,Cochabamba,Urbano,0,1,1,0.5182,0.2787,1,0
314-004233-A-0161,1.0,Cochabamba,Urbano,0,0,0,0.635,0.4353,1,0
314-004233-A-0171,1.0,Cochabamba,Urbano,1,0,0,0.4026,0.3814,0,0
314-004233-A-0141,3.0,Cochabamba,Urbano,0,0,1,0.463,0.2995,0,0
314-004288-A-0041,2.0,Cochabamba,Urbano,0,0,0,0.3914,0.3329,0,0
314-004288-A-0011,1.0,Cochabamba,Urbano,0,0,0,0.4541,0.3066,0,0
314-004288-A-0061,1.0,Cochabamba,Urbano,0,0,1,0.7053,0.542,1,1
314-004288-A-0141,4.0,Cochabamba,Urbano,0,1,1,0.409,0.3068,0,0
314-004288-A-0201,3.0,Cochabamba,Urbano,0,0,1,0.4085,0.3175,0,0
314-004288-A-0171,3.0,Cochabamba,Urbano,0,0,1,0.4018,0.2071,0,0
314-004288-A-0121,3.0,Cochabamba,Urbano,0,0,1,0.4368,0.2555,0,0
314-004288-A-0301,1.0,Cochabamba,Urbano,0,0,0,0.5521,0.3263,1,0
314-004288-A-0251,5.0,Cochabamba,Urbano,0,0,1,0.5314,0.2428,1,0
314-004288-A-0221,1.0,Cochabamba,Urbano,0,0,0,0.3989,0.2912,0,0
314-004288-A-0281,3.0,Cochabamba,Urbano,0,1,1,0.5169,0.2491,1,0
312-001105-A-0221,4.0,Cochabamba,Urbano,1,0,1,0.5151,0.3268,1,0
312-001105-A-0081,1.0,Cochabamba,Urbano,1,1,1,0.51,0.3988,1,0
312-001105-A-0151,1.0,Cochabamba,Urbano,0,0,1,0.5399,0.4405,1,0
312-001105-A-0781,2.0,Cochabamba,Urbano,0,0,1,0.5037,0.3291,1,0
312-001105-A-0711,1.0,Cochabamba,Urbano,0,0,1,0.6478,0.4526,1,0
312-001105-A-0571,1.0,Cochabamba,Urbano,0,0,1,0.4753,0.3498,0,0
312-001105-A-0641,1.0,Cochabamba,Urbano,0,0,0,0.4059,0.2636,0,0
312-001105-A-0291,1.0,Cochabamba,Urbano,0,1,1,0.3803,0.1715,0,0
312-001156-A-0331,3.0,Cochabamba,Urbano,1,1,1,0.5649,0.5728,1,1
312-001156-A-0471,1.0,Cochabamba,Urbano,0,0,1,0.5035,0.3317,1,0
312-001156-A-0541,2.0,Cochabamba,Urbano,0,0,1,0.514,0.359,1,0
312-001156-A-0261,5.0,Cochabamba,Urbano,0,1,1,0.4031,0.2757,0,0
312-001156-A-0121,3.0,Cochabamba,Urbano,0,0,1,0.4754,0.2491,0,0
312-001156-A-0191,3.0,Cochabamba,Urbano,0,0,1,0.459,0.254,0,0
312-001156-A-0051,3.0,Cochabamba,Urbano,0,0,1,0.4668,0.3242,0,0
312-001156-A-0741,2.0,Cochabamba,Urbano,1,0,1,0.6814,0.4644,1,0
312-001156-A-0671,1.0,Cochabamba,Urbano,1,0,1,0.6387,0.6279,1,1
312-001156-A-0811,1.0,Cochabamba,Urbano,0,0,1,0.3531,0.1894,0,0
312-001156-A-0611,1.0,Cochabamba,Urbano,1,0,0,0.378,0.2843,0,0
313-002701-A-0201,1.0,Cochabamba,Urbano,0,0,0,0.6508,0.35,1,0
313-002701-A-0181,2.0,Cochabamba,Urbano,0,0,1,0.4281,0.2715,0,0
313-002701-A-0221,1.0,Cochabamba,Urbano,0,0,1,0.5702,0.3497,1,0
313-002701-A-0251,1.0,Cochabamba,Urbano,0,0,1,0.5635,0.345,1,0
313-002701-A-0091,3.0,Cochabamba,Urbano,0,0,1,0.4407,0.3294,0,0
313-002701-A-0141,1.0,Cochabamba,Urbano,0,1,1,0.4457,0.2068,0,0
313-002701-A-0161,1.0,Cochabamba,Urbano,0,0,1,0.5684,0.3359,1,0
313-002701-A-0051,1.0,Cochabamba,Urbano,0,0,0,0.4772,0.352,0,0
313-002701-A-0031,2.0,Cochabamba,Urbano,0,0,1,0.4389,0.2607,0,0
314-004003-A-0191,1.0,Cochabamba,Urbano,0,0,1,0.4086,0.1855,0,0
314-004003-A-0231,1.0,Cochabamba,Urbano,0,0,1,0.3535,0.1755,0,0
314-004003-A-0131,1.0,Cochabamba,Urbano,0,1,1,0.3709,0.2213,0,0
314-004003-A-0161,1.0,Cochabamba,Urbano,0,0,1,0.4275,0.268,0,0
314-004003-A-0261,1.0,Cochabamba,Urbano,0,0,1,0.4878,0.2559,0,0
314-004003-A-0291,7.0,Cochabamba,Urbano,0,0,1,0.5262,0.2803,1,0
314-004003-A-0321,2.0,Cochabamba,Urbano,0,0,1,0.522,0.2673,1,0
314-004003-A-0071,2.0,Cochabamba,Urbano,1,1,1,0.5335,0.4937,1,0
314-004003-A-0101,2.0,Cochabamba,Urbano,0,0,1,0.4257,0.3203,0,0
314-004042-A-0211,1.0,Cochabamba,Urbano,0,1,1,0.6863,0.5893,1,1
314-004042-A-0171,1.0,Cochabamba,Urbano,0,0,0,0.4893,0.3757,0,0
314-004042-A-0191,2.0,Cochabamba,Urbano,0,1,1,0.3663,0.242,0,0
314-004042-A-0011,1.0,Cochabamba,Urbano,0,0,0,0.3168,0.2993,0,0
314-004042-A-0031,1.0,Cochabamba,Urbano,0,0,1,0.4357,0.2083,0,0
314-004042-A-0051,2.0,Cochabamba,Urbano,0,0,1,0.4558,0.3118,0,0
314-004042-A-0081,2.0,Cochabamba,Urbano,0,0,1,0.7355,0.5537,1,1
314-004042-A-0121,1.0,Cochabamba,Urbano,0,0,1,0.5741,0.4794,1,0
314-004042-A-0141,1.0,Cochabamba,Urbano,0,1,1,0.3361,0.1815,0,0
314-004042-A-0101,1.0,Cochabamba,Urbano,0,0,1,0.5319,0.3437,1,0
314-004100-A-0361,2.0,Cochabamba,Urbano,1,0,0,0.3895,0.2432,0,0
314-004100-A-0301,1.0,Cochabamba,Urbano,0,0,1,0.6452,0.4224,1,0
314-004100-A-0271,1.0,Cochabamba,Urbano,0,0,0,0.4258,0.3617,0,0
314-004100-A-0331,1.0,Cochabamba,Urbano,0,0,1,0.4892,0.2087,0,0
314-004100-A-0141,3.0,Cochabamba,Urbano,0,1,1,0.4166,0.3106,0,0
314-004100-A-0171,1.0,Cochabamba,Urbano,0,0,1,0.4664,0.3054,0,0
314-004100-A-0201,1.0,Cochabamba,Urbano,1,1,1,0.4312,0.4826,0,0
314-004100-A-0241,2.0,Cochabamba,Urbano,0,0,1,0.4322,0.2245,0,0
314-004100-A-0111,2.0,Cochabamba,Urbano,1,1,1,0.7471,0.6486,1,1
314-004100-A-0081,4.0,Cochabamba,Urbano,0,0,1,0.5135,0.3266,1,0
314-004171-A-0131,6.0,Cochabamba,Urbano,1,0,1,0.5077,0.2503,1,0
314-004171-A-0181,4.0,Cochabamba,Urbano,0,0,1,0.3752,0.2684,0,0
314-004171-A-0211,4.0,Cochabamba,Urbano,0,1,1,0.4397,0.2386,0,0
314-004171-A-0161,1.0,Cochabamba,Urbano,0,0,0,0.3573,0.2184,0,0
314-004171-A-0051,1.0,Cochabamba,Urbano,0,1,1,0.4269,0.2887,0,0
314-004171-A-0071,2.0,Cochabamba,Urbano,0,0,1,0.4666,0.3909,0,0
314-004171-A-0241,2.0,Cochabamba,Urbano,1,1,1,0.5518,0.5119,1,1
314-004171-A-0291,1.0,Cochabamba,Urbano,1,0,0,0.3777,0.4561,0,0
313-002467-A-0281,1.0,Cochabamba,Urbano,0,1,1,0.3894,0.1684,0,0
313-002467-A-0041,1.0,Cochabamba,Urbano,1,1,1,0.4385,0.2671,0,0
313-002467-A-0121,1.0,Cochabamba,Urbano,1,1,1,0.6578,0.6526,1,1
313-002467-A-0201,1.0,Cochabamba,Urbano,0,1,1,0.3899,0.2021,0,0
313-002467-A-0431,1.0,Cochabamba,Urbano,0,0,0,0.432,0.1869,0,0
313-002467-A-0741,4.0,Cochabamba,Urbano,0,0,0,0.4298,0.3528,0,0
313-002467-A-0511,4.0,Cochabamba,Urbano,1,0,0,0.7062,0.505,1,1
313-002467-A-0351,3.0,Cochabamba,Urbano,0,0,1,0.4116,0.3039,0,0
313-002467-A-0591,1.0,Cochabamba,Urbano,0,0,1,0.4843,0.2981,0,0
313-002467-A-0901,3.0,Cochabamba,Urbano,0,0,0,0.5251,0.2618,1,0
313-002467-A-0821,1.0,Cochabamba,Urbano,0,0,1,0.5003,0.3262,1,0
313-002467-A-0661,1.0,Cochabamba,Urbano,1,1,1,0.4981,0.4421,0,0
312-000984-A-0011,1.0,Cochabamba,Urbano,0,0,1,0.5291,0.2792,1,0
312-000984-A-0091,2.0,Cochabamba,Urbano,0,1,1,0.6338,0.4534,1,0
312-000984-A-0061,1.0,Cochabamba,Urbano,0,1,1,0.6204,0.3885,1,0
312-000984-A-0041,1.0,Cochabamba,Urbano,0,0,1,0.5536,0.3194,1,0
312-000984-A-0111,3.0,Cochabamba,Urbano,0,0,0,0.4199,0.3038,0,0
312-000984-A-0161,1.0,Cochabamba,Urbano,1,0,1,0.6869,0.701,1,1
312-000984-A-0211,1.0,Cochabamba,Urbano,0,0,1,0.4184,0.2895,0,0
312-000984-A-0191,4.0,Cochabamba,Urbano,0,0,1,0.3379,0.4033,0,0
312-000984-A-0241,1.0,Cochabamba,Urbano,1,0,0,0.554,0.5334,1,1
312-000984-A-0291,3.0,Cochabamba,Urbano,0,0,0,0.3656,0.265,0,0
312-000984-A-0141,1.0,Cochabamba,Urbano,1,1,1,0.4409,0.3247,0,0
314-003668-A-0371,1.0,Cochabamba,Urbano,0,1,1,0.4563,0.2664,0,0
314-003668-A-0271,1.0,Cochabamba,Urbano,0,0,1,0.4844,0.447,0,0
314-003668-A-0341,3.0,Cochabamba,Urbano,0,1,1,0.3815,0.2977,0,0
314-003668-A-0311,3.0,Cochabamba,Urbano,0,1,1,0.3775,0.217,0,0
314-003668-A-0011,3.0,Cochabamba,Urbano,0,0,0,0.4734,0.3127,0,0
314-003668-A-0081,1.0,Cochabamba,Urbano,0,0,1,0.4874,0.3465,0,0
314-003668-A-0111,3.0,Cochabamba,Urbano,1,0,1,0.5029,0.5017,1,1
314-003668-A-0241,3.0,Cochabamba,Urbano,0,0,1,0.4205,0.3147,0,0
314-003668-A-0141,1.0,Cochabamba,Urbano,0,1,1,0.3992,0.1993,0,0
314-003668-A-0211,1.0,Cochabamba,Urbano,0,0,0,0.3347,0.1485,0,0
314-003668-A-0181,1.0,Cochabamba,Urbano,0,1,1,0.5185,0.3604,1,0
313-001577-A-0011,1.0,Cochabamba,Urbano,1,0,0,0.6079,0.6183,1,1
313-001577-A-0031,5.0,Cochabamba,Urbano,0,0,1,0.4538,0.2237,0,0
313-001577-A-0061,6.0,Cochabamba,Urbano,0,0,0,0.3443,0.2195,0,0
313-001577-A-0091,2.0,Cochabamba,Urbano,0,0,1,0.456,0.1967,0,0
313-001577-A-0121,4.0,Cochabamba,Urbano,0,0,0,0.4315,0.2422,0,0
313-001577-A-0151,1.0,Cochabamba,Urbano,1,0,1,0.6394,0.5575,1,1
313-001577-A-0181,1.0,Cochabamba,Urbano,0,0,0,0.4724,0.3569,0,0
313-001577-A-0201,1.0,Cochabamba,Urbano,0,0,0,0.4424,0.2087,0,0
313-001577-A-0231,2.0,Cochabamba,Urbano,0,0,0,0.4247,0.2847,0,0
313-001577-A-0261,1.0,Cochabamba,Urbano,0,0,0,0.4054,0.1484,0,0
313-001577-A-0291,3.0,Cochabamba,Urbano,0,0,1,0.5221,0.1911,1,0
313-001577-A-0321,3.0,Cochabamba,Urbano,0,0,1,0.6292,0.3108,1,0
314-003333-A-0021,1.0,Cochabamba,Urbano,1,1,0,0.6447,0.6388,1,1
314-003333-A-0041,1.0,Cochabamba,Urbano,1,0,0,0.5438,0.6322,1,1
314-003333-A-0151,3.0,Cochabamba,Urbano,0,0,0,0.4944,0.2413,0,0
314-003333-A-0251,1.0,Cochabamba,Urbano,1,1,1,0.6007,0.6176,1,1
314-003333-A-0101,1.0,Cochabamba,Urbano,0,0,1,0.6709,0.42,1,0
314-003333-A-0121,1.0,Cochabamba,Urbano,0,0,0,0.4303,0.2516,0,0
314-003333-A-0201,1.0,Cochabamba,Urbano,1,0,0,0.47,0.5281,0,1
314-003333-A-0281,1.0,Cochabamba,Urbano,0,0,0,0.6036,0.43,1,0
314-003333-A-0071,3.0,Cochabamba,Urbano,0,0,1,0.4045,0.211,0,0
314-003333-A-0171,1.0,Cochabamba,Urbano,0,0,0,0.4366,0.2884,0,0
314-003333-A-0221,1.0,Cochabamba,Urbano,0,0,0,0.4272,0.2338,0,0
314-003333-A-0301,1.0,Cochabamba,Urbano,0,1,1,0.5934,0.3482,1,0
313-001759-A-0351,1.0,Cochabamba,Urbano,0,0,0,0.3707,0.1946,0,0
313-001759-A-0281,1.0,Cochabamba,Urbano,0,0,0,0.4546,0.2613,0,0
313-001759-A-0311,2.0,Cochabamba,Urbano,0,0,0,0.6061,0.4071,1,0
313-001759-A-0381,1.0,Cochabamba,Urbano,1,0,0,0.6504,0.6661,1,1
313-001759-A-0011,1.0,Cochabamba,Urbano,0,0,1,0.5827,0.428,1,0
313-001759-A-0051,1.0,Cochabamba,Urbano,0,0,1,0.7721,0.542,1,1
313-001759-A-0081,1.0,Cochabamba,Urbano,0,0,1,0.4687,0.2519,0,0
313-001759-A-0111,1.0,Cochabamba,Urbano,0,0,1,0.4585,0.2996,0,0
313-001759-A-0181,2.0,Cochabamba,Urbano,0,0,1,0.4669,0.2788,0,0
313-001759-A-0211,1.0,Cochabamba,Urbano,0,0,1,0.6743,0.4875,1,0
313-001759-A-0151,3.0,Cochabamba,Urbano,0,0,0,0.5245,0.3513,1,0
313-001759-A-0251,1.0,Cochabamba,Urbano,1,0,0,0.6563,0.654,1,1
313-002026-A-0021,3.0,Cochabamba,Urbano,1,0,0,0.3761,0.3794,0,0
313-002026-A-0011,1.0,Cochabamba,Urbano,0,0,0,0.3722,0.2794,0,0
313-002026-A-0051,1.0,Cochabamba,Urbano,1,1,1,0.383,0.3827,0,0
313-002026-A-0101,1.0,Cochabamba,Urbano,0,1,0,0.41,0.3787,0,0
313-002026-A-0111,1.0,Cochabamba,Urbano,0,1,0,0.4609,0.3062,0,0
313-002026-A-0131,3.0,Cochabamba,Urbano,0,0,0,0.439,0.2443,0,0
313-002026-A-0141,1.0,Cochabamba,Urbano,0,1,0,0.5463,0.307,1,0
313-002026-A-0151,4.0,Cochabamba,Urbano,0,0,1,0.4413,0.2257,0,0
313-002026-A-0031,4.0,Cochabamba,Urbano,1,0,0,0.619,0.2593,1,0
313-002026-A-0071,4.0,Cochabamba,Urbano,0,0,1,0.5335,0.2529,1,0
313-002026-A-0091,1.0,Cochabamba,Urbano,0,0,0,0.426,0.3719,0,0
313-002026-A-0061,1.0,Cochabamba,Urbano,0,0,1,0.5923,0.3836,1,0
314-003739-A-0431,1.0,Cochabamba,Urbano,1,0,1,0.6719,0.5786,1,1
314-003739-A-0381,3.0,Cochabamba,Urbano,1,0,1,0.4605,0.2377,0,0
314-003739-A-0471,1.0,Cochabamba,Urbano,1,0,1,0.5657,0.6404,1,1
314-003739-A-0261,1.0,Cochabamba,Urbano,0,0,1,0.5725,0.2431,1,0
314-003739-A-0181,1.0,Cochabamba,Urbano,0,0,0,0.4782,0.3587,0,0
314-003739-A-0221,1.0,Cochabamba,Urbano,0,0,0,0.393,0.2985,0,0
314-003739-A-0301,4.0,Cochabamba,Urbano,0,0,1,0.4711,0.2818,0,0
314-003739-A-0101,1.0,Cochabamba,Urbano,0,0,0,0.7264,0.4169,1,0
314-003739-A-0141,1.0,Cochabamba,Urbano,0,0,1,0.5377,0.3671,1,0
314-003739-A-0061,1.0,Cochabamba,Urbano,0,0,0,0.6064,0.4241,1,0
313-001366-A-0381,1.0,Cochabamba,Urbano,0,0,0,0.4258,0.2406,0,0
313-001366-A-0021,3.0,Cochabamba,Urbano,0,0,1,0.4955,0.3377,0,0
313-001366-A-0181,1.0,Cochabamba,Urbano,0,0,1,0.4566,0.2497,0,0
313-001366-A-0221,3.0,Cochabamba,Urbano,0,0,0,0.5632,0.3947,1,0
313-001366-A-0261,2.0,Cochabamba,Urbano,0,1,1,0.3392,0.188,0,0
313-001366-A-0301,1.0,Cochabamba,Urbano,1,0,1,0.7194,0.7331,1,1
313-001366-A-0101,1.0,Cochabamba,Urbano,0,0,0,0.6618,0.3684,1,0
313-001366-A-0341,1.0,Cochabamba,Urbano,0,0,1,0.4317,0.203,0,0
313-001366-A-0421,1.0,Cochabamba,Urbano,0,0,1,0.3714,0.1637,0,0
313-001366-A-0141,1.0,Cochabamba,Urbano,0,0,1,0.5215,0.202,1,0
313-001366-A-0061,3.0,Cochabamba,Urbano,0,0,1,0.3822,0.2317,0,0
311-000019-A-0131,2.0,Cochabamba,Urbano,0,0,1,0.6601,0.3224,1,0
311-000019-A-0151,1.0,Cochabamba,Urbano,1,0,1,0.8152,0.6519,1,1
311-000019-A-0181,3.0,Cochabamba,Urbano,0,0,1,0.452,0.2778,0,0
311-000019-A-0201,1.0,Cochabamba,Urbano,0,0,1,0.6237,0.4852,1,0
311-000019-A-0231,1.0,Cochabamba,Urbano,1,0,0,0.7792,0.6143,1,1
311-000019-A-0101,1.0,Cochabamba,Urbano,0,0,0,0.569,0.3926,1,0
311-000019-A-0251,4.0,Cochabamba,Urbano,0,1,1,0.4241,0.3046,0,0
311-000019-A-0271,2.0,Cochabamba,Urbano,0,1,1,0.5145,0.3101,1,0
311-000019-A-0011,3.0,Cochabamba,Urbano,0,0,1,0.4567,0.1836,0,0
311-000019-A-0081,3.0,Cochabamba,Urbano,0,0,1,0.5682,0.3417,1,0
311-000019-A-0031,3.0,Cochabamba,Urbano,0,0,1,0.3991,0.1954,0,0
311-000019-A-0061,3.0,Cochabamba,Urbano,0,0,1,0.3919,0.2711,0,0
312-000322-A-0091,1.0,Cochabamba,Urbano,0,0,1,0.4865,0.2881,0,0
312-000322-A-0081,1.0,Cochabamba,Urbano,0,0,1,0.521,0.4096,1,0
312-000322-A-0101,1.0,Cochabamba,Urbano,0,0,1,0.5496,0.2709,1,0
312-000322-A-0071,1.0,Cochabamba,Urbano,1,0,1,0.5341,0.5801,1,1
312-000322-A-0011,1.0,Cochabamba,Urbano,1,0,0,0.7292,0.7203,1,1
312-000322-A-0021,1.0,Cochabamba,Urbano,0,0,0,0.5873,0.2706,1,0
312-000322-A-0111,1.0,Cochabamba,Urbano,0,0,0,0.3312,0.3151,0,0
312-000322-A-0121,3.0,Cochabamba,Urbano,0,0,1,0.4892,0.2318,0,0
312-000322-A-0031,1.0,Cochabamba,Urbano,0,0,1,0.4118,0.2129,0,0
312-000322-A-0061,1.0,Cochabamba,Urbano,0,0,1,0.4899,0.2948,0,0
312-000322-A-0041,1.0,Cochabamba,Urbano,0,0,1,0.44,0.2328,0,0
312-000322-A-0051,1.0,Cochabamba,Urbano,0,0,0,0.4184,0.1486,0,0
313-001272-A-0071,4.0,Cochabamba,Urbano,0,0,1,0.4371,0.2315,0,0
313-001272-A-0081,3.0,Cochabamba,Urbano,0,0,1,0.4492,0.2861,0,0
313-001272-A-0101,1.0,Cochabamba,Urbano,0,0,0,0.6713,0.3864,1,0
313-001272-A-0111,1.0,Cochabamba,Urbano,0,0,0,0.4778,0.2912,0,0
313-001272-A-0131,3.0,Cochabamba,Urbano,0,0,0,0.32,0.1676,0,0
313-001272-A-0141,2.0,Cochabamba,Urbano,0,0,0,0.4435,0.2257,0,0
313-001272-A-0051,1.0,Cochabamba,Urbano,0,0,1,0.3642,0.139,0,0
313-001272-A-0011,1.0,Cochabamba,Urbano,0,0,1,0.3855,0.136,0,0
313-001272-A-0021,1.0,Cochabamba,Urbano,0,0,1,0.4284,0.315,0,0
313-001272-A-0161,3.0,Cochabamba,Urbano,0,0,1,0.4073,0.2251,0,0
313-001272-A-0041,3.0,Cochabamba,Urbano,0,0,1,0.4107,0.2145,0,0
312-000377-A-0181,4.0,Cochabamba,Urbano,0,0,1,0.3534,0.1825,0,0
312-000377-A-0131,3.0,Cochabamba,Urbano,0,1,1,0.3967,0.2519,0,0
312-000377-A-0161,1.0,Cochabamba,Urbano,0,0,1,0.5474,0.2514,1,0
312-000377-A-0211,1.0,Cochabamba,Urbano,0,0,1,0.6484,0.3627,1,0
312-000377-A-0271,3.0,Cochabamba,Urbano,0,1,1,0.4399,0.1723,0,0
312-000377-A-0321,1.0,Cochabamba,Urbano,0,1,1,0.3144,0.1937,0,0
312-000377-A-0241,1.0,Cochabamba,Urbano,0,1,1,0.4537,0.4163,0,0
312-000377-A-0291,5.0,Cochabamba,Urbano,0,1,1,0.5922,0.2063,1,0
312-000377-A-0071,4.0,Cochabamba,Urbano,0,0,1,0.4049,0.1356,0,0
312-000377-A-0101,1.0,Cochabamba,Urbano,0,0,1,0.4699,0.2386,0,0
312-000377-A-0021,3.0,Cochabamba,Urbano,0,0,1,0.3915,0.2156,0,0
312-000377-A-0051,1.0,Cochabamba,Urbano,0,0,1,0.467,0.1947,0,0
312-000504-A-0211,3.0,Cochabamba,Urbano,0,0,1,0.4491,0.3078,0,0
312-000504-A-0171,1.0,Cochabamba,Urbano,0,0,1,0.5438,0.3055,1,0
312-000504-A-0191,1.0,Cochabamba,Urbano,0,0,1,0.6689,0.3993,1,0
312-000504-A-0221,1.0,Cochabamba,Urbano,0,0,0,0.6195,0.305,1,0
312-000504-A-0031,1.0,Cochabamba,Urbano,1,1,1,0.7109,0.7288,1,1
312-000504-A-0051,1.0,Cochabamba,Urbano,1,1,1,0.7645,0.6478,1,1
312-000504-A-0071,1.0,Cochabamba,Urbano,0,1,1,0.4811,0.2292,0,0
312-000504-A-0011,1.0,Cochabamba,Urbano,1,1,1,0.6974,0.769,1,1
312-000504-A-0091,1.0,Cochabamba,Urbano,0,0,1,0.5649,0.2685,1,0
312-000504-A-0151,3.0,Cochabamba,Urbano,0,0,1,0.5523,0.3426,1,0
312-000504-A-0111,1.0,Cochabamba,Urbano,0,0,1,0.4112,0.2128,0,0
312-000504-A-0131,1.0,Cochabamba,Urbano,0,0,1,0.4805,0.3024,0,0
313-001687-A-0011,1.0,Cochabamba,Urbano,0,0,0,0.4822,0.369,0,0
313-001687-A-0081,2.0,Cochabamba,Urbano,0,0,1,0.4306,0.2924,0,0
313-001687-A-0151,1.0,Cochabamba,Urbano,0,0,1,0.5047,0.2979,1,0
313-001687-A-0611,1.0,Cochabamba,Urbano,0,0,0,0.5763,0.3216,1,0
313-001687-A-0751,1.0,Cochabamba,Urbano,1,1,1,0.6567,0.6897,1,1
313-001687-A-0211,1.0,Cochabamba,Urbano,0,1,1,0.63,0.4407,1,0
313-001687-A-0281,3.0,Cochabamba,Urbano,0,1,1,0.3871,0.1779,0,0
313-001687-A-0681,3.0,Cochabamba,Urbano,0,0,1,0.445,0.2914,0,0
313-001687-A-0551,1.0,Cochabamba,Urbano,0,0,1,0.4916,0.2288,0,0
313-001687-A-0411,1.0,Cochabamba,Urbano,0,0,1,0.3493,0.1822,0,0
313-001687-A-0481,3.0,Cochabamba,Urbano,0,0,1,0.388,0.2081,0,0
313-001687-A-0351,4.0,Cochabamba,Urbano,0,0,1,0.3757,0.1909,0,0
313-001889-A-0011,1.0,Cochabamba,Urbano,0,0,0,0.4966,0.2534,0,0
313-001889-A-0041,1.0,Cochabamba,Urbano,0,0,0,0.76,0.5085,1,1
313-001889-A-0201,1.0,Cochabamba,Urbano,0,0,0,0.6919,0.5005,1,1
313-001889-A-0061,2.0,Cochabamba,Urbano,0,0,1,0.6362,0.3353,1,0
313-001889-A-0161,1.0,Cochabamba,Urbano,1,1,1,0.6229,0.6356,1,1
313-001889-A-0141,2.0,Cochabamba,Urbano,0,0,1,0.4171,0.2273,0,0
313-001889-A-0181,1.0,Cochabamba,Urbano,1,1,1,0.7191,0.689,1,1
313-001889-A-0101,1.0,Cochabamba,Urbano,0,0,0,0.6876,0.61,1,1
313-001889-A-0081,1.0,Cochabamba,Urbano,0,0,1,0.5444,0.3523,1,0
313-001889-A-0241,1.0,Cochabamba,Urbano,0,0,0,0.5218,0.3513,1,0
313-001889-A-0221,1.0,Cochabamba,Urbano,0,0,1,0.6352,0.185,1,0
311-000073-A-0021,1.0,Cochabamba,Urbano,0,0,0,0.351,0.1623,0,0
311-000073-A-0041,3.0,Cochabamba,Urbano,0,0,0,0.447,0.2844,0,0
311-000073-A-0071,1.0,Cochabamba,Urbano,0,0,0,0.5179,0.3756,1,0
311-000073-A-0101,1.0,Cochabamba,Urbano,0,0,0,0.4587,0.3069,0,0
311-000073-A-0121,1.0,Cochabamba,Urbano,0,0,0,0.5895,0.3926,1,0
311-000073-A-0151,1.0,Cochabamba,Urbano,0,0,1,0.6792,0.6057,1,1
311-000073-A-0281,1.0,Cochabamba,Urbano,0,0,1,0.3497,0.1789,0,0
311-000073-A-0301,2.0,Cochabamba,Urbano,0,0,1,0.6479,0.4512,1,0
311-000073-A-0221,1.0,Cochabamba,Urbano,1,0,1,0.6624,0.6833,1,1
311-000073-A-0171,1.0,Cochabamba,Urbano,0,0,0,0.485,0.24,0,0
311-000073-A-0201,1.0,Cochabamba,Urbano,1,0,0,0.5528,0.3954,1,0
311-000073-A-0251,1.0,Cochabamba,Urbano,0,0,0,0.5846,0.3967,1,0
312-000495-A-0171,3.0,Cochabamba,Urbano,0,0,0,0.4517,0.2383,0,0
312-000495-A-0191,3.0,Cochabamba,Urbano,0,0,1,0.4786,0.3199,0,0
312-000495-A-0211,1.0,Cochabamba,Urbano,0,0,0,0.6275,0.4807,1,0
312-000495-A-0231,3.0,Cochabamba,Urbano,0,0,1,0.3785,0.2354,0,0
312-000495-A-0111,1.0,Cochabamba,Urbano,0,0,1,0.2886,0.1987,0,0
312-000495-A-0091,2.0,Cochabamba,Urbano,0,0,1,0.7777,0.56,1,1
312-000495-A-0131,2.0,Cochabamba,Urbano,0,0,1,0.6905,0.402,1,0
312-000495-A-0151,3.0,Cochabamba,Urbano,0,0,1,0.4265,0.2158,0,0
312-000495-A-0071,1.0,Cochabamba,Urbano,0,0,0,0.654,0.5127,1,1
312-000495-A-0011,1.0,Cochabamba,Urbano,0,0,0,0.5618,0.271,1,0
312-000495-A-0031,1.0,Cochabamba,Urbano,1,0,1,0.6934,0.7198,1,1
312-000495-A-0051,1.0,Cochabamba,Urbano,0,0,0,0.505,0.2795,1,0
311-000128-A-0071,1.0,Cochabamba,Urbano,0,0,1,0.4504,0.2532,0,0
311-000128-A-0081,1.0,Cochabamba,Urbano,0,0,1,0.6235,0.4253,1,0
311-000128-A-0061,1.0,Cochabamba,Urbano,0,0,0,0.5262,0.322,1,0
311-000128-A-0051,1.0,Cochabamba,Urbano,0,0,0,0.5429,0.2572,1,0
311-000128-A-0091,3.0,Cochabamba,Urbano,0,0,1,0.4778,0.2828,0,0
311-000128-A-0111,4.0,Cochabamba,Urbano,0,0,0,0.4305,0.2353,0,0
311-000128-A-0101,1.0,Cochabamba,Urbano,0,0,1,0.5831,0.3028,1,0
311-000128-A-0121,2.0,Cochabamba,Urbano,0,0,1,0.6026,0.4335,1,0
311-000128-A-0021,3.0,Cochabamba,Urbano,0,0,1,0.6036,0.3297,1,0
311-000128-A-0011,4.0,Cochabamba,Urbano,0,0,1,0.5257,0.2951,1,0
311-000128-A-0031,2.0,Cochabamba,Urbano,0,0,1,0.5356,0.3162,1,0
311-000128-A-0041,4.0,Cochabamba,Urbano,0,1,1,0.4888,0.2648,0,0
312-000571-A-0021,1.0,Cochabamba,Urbano,0,0,1,0.4869,0.2588,0,0
312-000571-A-0041,1.0,Cochabamba,Urbano,0,0,1,0.4649,0.2803,0,0
312-000571-A-0071,3.0,Cochabamba,Urbano,0,0,0,0.3543,0.2194,0,0
312-000571-A-0101,1.0,Cochabamba,Urbano,0,0,0,0.548,0.3711,1,0
312-000571-A-0221,1.0,Cochabamba,Urbano,0,0,1,0.5993,0.3662,1,0
312-000571-A-0251,1.0,Cochabamba,Urbano,0,0,1,0.6694,0.2919,1,0
312-000571-A-0301,1.0,Cochabamba,Urbano,0,0,1,0.5625,0.2356,1,0
312-000571-A-0281,1.0,Cochabamba,Urbano,0,0,1,0.7135,0.4157,1,0
312-000571-A-0121,1.0,Cochabamba,Urbano,1,0,1,0.8427,0.6825,1,1
312-000571-A-0151,3.0,Cochabamba,Urbano,0,0,1,0.5403,0.2612,1,0
312-000571-A-0171,1.0,Cochabamba,Urbano,0,0,1,0.5343,0.1949,1,0
312-000571-A-0201,1.0,Cochabamba,Urbano,0,0,1,0.4145,0.2087,0,0
312-000624-A-0111,1.0,Cochabamba,Urbano,0,0,1,0.5055,0.3265,1,0
312-000624-A-0131,4.0,Cochabamba,Urbano,0,0,1,0.4764,0.2879,0,0
312-000624-A-0141,3.0,Cochabamba,Urbano,0,0,1,0.4448,0.2685,0,0
312-000624-A-0151,1.0,Cochabamba,Urbano,0,0,1,0.4078,0.1926,0,0
312-000624-A-0011,3.0,Cochabamba,Urbano,0,0,1,0.369,0.2158,0,0
312-000624-A-0021,1.0,Cochabamba,Urbano,0,1,0,0.4432,0.2266,0,0
312-000624-A-0031,1.0,Cochabamba,Urbano,0,0,1,0.6194,0.3295,1,0
312-000624-A-0051,5.0,Cochabamba,Urbano,0,0,1,0.5092,0.2842,1,0
312-000624-A-0061,1.0,Cochabamba,Urbano,0,0,0,0.6325,0.3987,1,0
312-000624-A-0071,2.0,Cochabamba,Urbano,0,0,1,0.4674,0.2632,0,0
312-000624-A-0091,1.0,Cochabamba,Urbano,0,0,0,0.5203,0.3433,1,0
312-000624-A-0101,1.0,Cochabamba,Urbano,0,0,1,0.445,0.2708,0,0
312-000691-A-0111,1.0,Cochabamba,Urbano,0,0,0,0.549,0.3947,1,0
312-000691-A-0121,3.0,Cochabamba,Urbano,0,0,1,0.3411,0.2133,0,0
312-000691-A-0091,3.0,Cochabamba,Urbano,0,0,1,0.3281,0.1817,0,0
312-000691-A-0101,1.0,Cochabamba,Urbano,0,0,1,0.4872,0.3288,0,0
312-000691-A-0031,1.0,Cochabamba,Urbano,0,0,1,0.305,0.1656,0,0
312-000691-A-0021,3.0,Cochabamba,Urbano,0,0,1,0.4223,0.2867,0,0
312-000691-A-0041,1.0,Cochabamba,Urbano,0,1,1,0.462,0.1755,0,0
312-000691-A-0011,1.0,Cochabamba,Urbano,0,0,1,0.4804,0.2423,0,0
312-000691-A-0061,1.0,Cochabamba,Urbano,0,0,1,0.5007,0.1959,1,0
312-000691-A-0071,1.0,Cochabamba,Urbano,0,0,1,0.4998,0.3498,0,0
312-000691-A-0081,3.0,Cochabamba,Urbano,0,0,1,0.4719,0.3332,0,0
312-000691-A-0051,2.0,Cochabamba,Urbano,0,0,1,0.4624,0.2569,0,0
311-000208-A-0061,3.0,Cochabamba,Urbano,0,0,1,0.3897,0.2178,0,0
311-000208-A-0081,3.0,Cochabamba,Urbano,0,0,1,0.431,0.1683,0,0
311-000208-A-0091,1.0,Cochabamba,Urbano,0,0,1,0.3723,0.3542,0,0
311-000208-A-0101,3.0,Cochabamba,Urbano,0,0,1,0.438,0.2997,0,0
311-000208-A-0121,2.0,Cochabamba,Urbano,0,0,1,0.6434,0.3356,1,0
311-000208-A-0131,1.0,Cochabamba,Urbano,0,0,1,0.3487,0.1866,0,0
311-000208-A-0151,1.0,Cochabamba,Urbano,0,0,1,0.6228,0.3742,1,0
311-000208-A-0161,1.0,Cochabamba,Urbano,0,0,0,0.5184,0.2809,1,0
311-000208-A-0011,2.0,Cochabamba,Urbano,0,0,0,0.476,0.2913,0,0
311-000208-A-0021,1.0,Cochabamba,Urbano,0,0,1,0.5427,0.3976,1,0
311-000208-A-0031,2.0,Cochabamba,Urbano,0,0,1,0.6063,0.4283,1,0
311-000208-A-0051,1.0,Cochabamba,Urbano,0,0,1,0.648,0.4425,1,0
312-000823-A-0131,1.0,Cochabamba,Urbano,0,0,1,0.5047,0.3058,1,0
312-000823-A-0151,1.0,Cochabamba,Urbano,0,0,1,0.5123,0.3173,1,0
312-000823-A-0171,1.0,Cochabamba,Urbano,0,0,1,0.5058,0.2198,1,0
312-000823-A-0181,1.0,Cochabamba,Urbano,0,0,0,0.343,0.1743,0,0
312-000823-A-0021,3.0,Cochabamba,Urbano,0,0,0,0.3938,0.2081,0,0
312-000823-A-0011,1.0,Cochabamba,Urbano,0,0,1,0.6406,0.5141,1,1
312-000823-A-0061,1.0,Cochabamba,Urbano,0,0,1,0.3579,0.1662,0,0
312-000823-A-0041,2.0,Cochabamba,Urbano,0,0,1,0.552,0.2737,1,0
312-000823-A-0071,1.0,Cochabamba,Urbano,0,0,1,0.6688,0.4132,1,0
312-000823-A-0091,3.0,Cochabamba,Urbano,0,1,1,0.5704,0.4058,1,0
312-000823-A-0121,1.0,Cochabamba,Urbano,0,0,0,0.4878,0.3268,0,0
312-000874-A-0011,3.0,Cochabamba,Urbano,0,0,1,0.4594,0.2747,0,0
312-000874-A-0041,1.0,Cochabamba,Urbano,0,0,1,0.5013,0.2908,1,0
312-000874-A-0081,1.0,Cochabamba,Urbano,0,0,0,0.4825,0.2356,0,0
312-000874-A-0111,2.0,Cochabamba,Urbano,0,0,1,0.6605,0.4994,1,0
312-000874-A-0151,1.0,Cochabamba,Urbano,0,0,1,0.6703,0.3062,1,0
312-000874-A-0181,1.0,Cochabamba,Urbano,0,0,1,0.5735,0.3629,1,0
312-000874-A-0261,4.0,Cochabamba,Urbano,0,0,1,0.5811,0.2204,1,0
312-000874-A-0221,1.0,Cochabamba,Urbano,0,0,1,0.447,0.2579,0,0
312-000874-A-0291,1.0,Cochabamba,Urbano,0,0,0,0.3667,0.26,0,0
312-000874-A-0331,3.0,Cochabamba,Urbano,0,0,0,0.6354,0.2888,1,0
312-000874-A-0401,3.0,Cochabamba,Urbano,0,0,1,0.4956,0.2552,0,0
312-000874-A-0361,1.0,Cochabamba,Urbano,0,0,0,0.7128,0.4453,1,0
314-003437-A-0031,2.0,Cochabamba,Urbano,0,0,0,0.3806,0.2815,0,0
314-003437-A-0111,3.0,Cochabamba,Urbano,0,0,0,0.3869,0.2908,0,0
314-003437-A-0041,2.0,Cochabamba,Urbano,0,0,1,0.5432,0.4412,1,0
314-003437-A-0011,1.0,Cochabamba,Urbano,0,0,1,0.4664,0.2238,0,0
314-003437-A-0191,3.0,Cochabamba,Urbano,0,0,1,0.4361,0.2799,0,0
314-003437-A-0181,1.0,Cochabamba,Urbano,0,0,1,0.3185,0.1763,0,0
314-003437-A-0091,1.0,Cochabamba,Urbano,0,0,1,0.3164,0.1748,0,0
314-003437-A-0081,1.0,Cochabamba,Urbano,0,0,0,0.3429,0.1711,0,0
314-003437-A-0141,3.0,Cochabamba,Urbano,1,0,0,0.5167,0.4072,1,0
314-003437-A-0161,1.0,Cochabamba,Urbano,0,0,0,0.8283,0.5388,1,1
314-003437-A-0061,1.0,Cochabamba,Urbano,0,1,0,0.6357,0.3712,1,0
314-003521-A-0011,1.0,Cochabamba,Urbano,0,0,1,0.3068,0.1623,0,0
314-003521-A-0041,1.0,Cochabamba,Urbano,0,0,1,0.5003,0.3772,1,0
314-003521-A-0061,1.0,Cochabamba,Urbano,0,0,1,0.4373,0.2156,0,0
314-003521-A-0091,1.0,Cochabamba,Urbano,0,0,0,0.3365,0.1736,0,0
314-003521-A-0111,1.0,Cochabamba,Urbano,1,0,1,0.3061,0.1495,0,0
314-003521-A-0141,1.0,Cochabamba,Urbano,0,0,1,0.5942,0.3555,1,0
314-003521-A-0161,1.0,Cochabamba,Urbano,0,0,1,0.3752,0.2474,0,0
314-003521-A-0191,3.0,Cochabamba,Urbano,0,1,1,0.3098,0.1842,0,0
314-003521-A-0241,3.0,Cochabamba,Urbano,0,1,1,0.4528,0.2362,0,0
314-003521-A-0261,1.0,Cochabamba,Urbano,0,0,0,0.3833,0.2668,0,0
314-003521-A-0211,3.0,Cochabamba,Urbano,0,0,1,0.3869,0.2948,0,0
314-003521-A-0291,1.0,Cochabamba,Urbano,0,0,0,0.4378,0.2258,0,0
313-002228-A-0111,1.0,Cochabamba,Urbano,0,0,0,0.6287,0.3804,1,0
313-002228-A-0141,3.0,Cochabamba,Urbano,0,0,0,0.4076,0.2401,0,0
313-002228-A-0121,2.0,Cochabamba,Urbano,0,0,1,0.4061,0.3119,0,0
313-002228-A-0131,1.0,Cochabamba,Urbano,0,0,0,0.3837,0.2185,0,0
313-002228-A-0081,4.0,Cochabamba,Urbano,0,0,0,0.3652,0.2797,0,0
313-002228-A-0091,4.0,Cochabamba,Urbano,0,0,1,0.472,0.4008,0,0
313-002228-A-0061,1.0,Cochabamba,Urbano,0,1,0,0.3433,0.1933,0,0
313-002228-A-0071,3.0,Cochabamba,Urbano,1,0,0,0.3432,0.5238,0,1
313-002228-A-0041,1.0,Cochabamba,Urbano,0,0,1,0.6063,0.5296,1,1
313-002228-A-0021,1.0,Cochabamba,Urbano,0,0,0,0.5598,0.3261,1,0
313-002228-A-0011,3.0,Cochabamba,Urbano,0,0,1,0.4231,0.2683,0,0
313-002296-A-0101,2.0,Cochabamba,Urbano,0,0,0,0.4828,0.2573,0,0
313-002296-A-0151,2.0,Cochabamba,Urbano,0,0,1,0.4228,0.1996,0,0
313-002296-A-0161,1.0,Cochabamba,Urbano,0,0,1,0.4081,0.2922,0,0
313-002296-A-0131,4.0,Cochabamba,Urbano,0,0,0,0.3825,0.2385,0,0
313-002296-A-0011,1.0,Cochabamba,Urbano,0,0,1,0.5207,0.261,1,0
313-002296-A-0021,1.0,Cochabamba,Urbano,0,0,0,0.5036,0.2683,1,0
313-002296-A-0031,1.0,Cochabamba,Urbano,1,0,0,0.6597,0.6038,1,1
313-002296-A-0051,1.0,Cochabamba,Urbano,0,0,0,0.3806,0.2313,0,0
313-002296-A-0121,1.0,Cochabamba,Urbano,0,0,0,0.6801,0.501,1,1
313-002296-A-0091,1.0,Cochabamba,Urbano,0,1,1,0.5592,0.3536,1,0
313-002296-A-0081,1.0,Cochabamba,Urbano,0,0,0,0.4281,0.2253,0,0
313-002296-A-0061,1.0,Cochabamba,Urbano,1,0,1,0.5738,0.2774,1,0
314-003798-A-0321,1.0,Cochabamba,Urbano,0,0,0,0.3812,0.2579,0,0
314-003798-A-0401,2.0,Cochabamba,Urbano,0,0,1,0.5991,0.2422,1,0
314-003798-A-0441,1.0,Cochabamba,Urbano,0,0,0,0.5164,0.3437,1,0
314-003798-A-0491,1.0,Cochabamba,Urbano,0,0,0,0.5063,0.2498,1,0
314-003798-A-0101,3.0,Cochabamba,Urbano,1,1,1,0.3701,0.4165,0,0
314-003798-A-0061,1.0,Cochabamba,Urbano,0,0,1,0.2301,0.1626,0,0
314-003798-A-0021,1.0,Cochabamba,Urbano,0,0,1,0.6484,0.4701,1,0
314-003798-A-0151,1.0,Cochabamba,Urbano,0,0,1,0.3952,0.2449,0,0
314-003798-A-0191,4.0,Cochabamba,Urbano,0,0,1,0.4943,0.3052,0,0
314-003798-A-0271,3.0,Cochabamba,Urbano,0,0,1,0.4888,0.1767,0,0
313-002762-A-0051,1.0,Cochabamba,Urbano,0,0,1,0.3977,0.2119,0,0
313-002762-A-0061,2.0,Cochabamba,Urbano,0,0,1,0.3929,0.1896,0,0
313-002762-A-0071,2.0,Cochabamba,Urbano,0,0,1,0.59,0.4513,1,0
313-002762-A-0081,1.0,Cochabamba,Urbano,0,0,1,0.3601,0.2009,0,0
313-002762-A-0021,1.0,Cochabamba,Urbano,0,0,1,0.6247,0.4452,1,0
313-002762-A-0011,1.0,Cochabamba,Urbano,0,1,1,0.4208,0.2749,0,0
313-002762-A-0041,3.0,Cochabamba,Urbano,0,0,1,0.4878,0.3652,0,0
313-002762-A-0031,3.0,Cochabamba,Urbano,1,0,1,0.4901,0.449,0,0
313-002762-A-0111,1.0,Cochabamba,Urbano,0,0,1,0.4351,0.2264,0,0
313-002762-A-0091,1.0,Cochabamba,Urbano,0,0,1,0.7379,0.5236,1,1
313-002762-A-0101,3.0,Cochabamba,Urbano,0,0,0,0.4467,0.2263,0,0
313-002762-A-0121,1.0,Cochabamba,Urbano,0,0,0,0.6469,0.429,1,0
314-003929-A-0191,2.0,Cochabamba,Urbano,0,0,1,0.6562,0.493,1,0
314-003929-A-0211,1.0,Cochabamba,Urbano,0,0,0,0.8104,0.5071,1,1
314-003929-A-0231,1.0,Cochabamba,Urbano,0,0,1,0.443,0.2925,0,0
314-003929-A-0261,3.0,Cochabamba,Urbano,0,0,1,0.5699,0.3894,1,0
314-003929-A-0011,4.0,Cochabamba,Urbano,1,0,1,0.4255,0.3956,0,0
314-003929-A-0081,1.0,Cochabamba,Urbano,0,0,0,0.4192,0.3389,0,0
314-003929-A-0051,1.0,Cochabamba,Urbano,1,0,1,0.5945,0.5702,1,1
314-003929-A-0031,1.0,Cochabamba,Urbano,1,1,1,0.4236,0.3299,0,0
314-003929-A-0171,1.0,Cochabamba,Urbano,0,0,0,0.6389,0.5145,1,1
314-003929-A-0121,1.0,Cochabamba,Urbano,0,0,0,0.5223,0.2663,1,0
314-003929-A-0101,1.0,Cochabamba,Urbano,0,0,1,0.3854,0.2061,0,0
314-003929-A-0141,1.0,Cochabamba,Urbano,0,0,0,0.5101,0.2508,1,0
312-000930-A-0201,3.0,Cochabamba,Urbano,0,0,1,0.5417,0.3572,1,0
312-000930-A-0251,1.0,Cochabamba,Urbano,0,1,1,0.5465,0.2352,1,0
312-000930-A-0181,3.0,Cochabamba,Urbano,1,1,0,0.5467,0.4705,1,0
312-000930-A-0221,1.0,Cochabamba,Urbano,0,0,0,0.6265,0.3406,1,0
312-000930-A-0161,6.0,Cochabamba,Urbano,0,0,1,0.6989,0.4166,1,0
312-000930-A-0091,1.0,Cochabamba,Urbano,0,0,0,0.5986,0.2939,1,0
312-000930-A-0071,1.0,Cochabamba,Urbano,0,0,1,0.6963,0.4786,1,0
312-000930-A-0051,1.0,Cochabamba,Urbano,0,0,1,0.5399,0.2072,1,0
312-000930-A-0011,3.0,Cochabamba,Urbano,0,0,1,0.4676,0.2805,0,0
312-000930-A-0141,1.0,Cochabamba,Urbano,0,0,1,0.6971,0.3817,1,0
312-000930-A-0031,1.0,Cochabamba,Urbano,0,0,1,0.536,0.2531,1,0
313-001503-A-0031,1.0,Cochabamba,Urbano,0,0,0,0.4894,0.3699,0,0
313-001503-A-0021,1.0,Cochabamba,Urbano,1,1,0,0.4416,0.5461,0,1
313-001503-A-0051,3.0,Cochabamba,Urbano,0,0,1,0.4687,0.2687,0,0
313-001503-A-0011,3.0,Cochabamba,Urbano,0,0,1,0.4464,0.3177,0,0
313-001503-A-0081,3.0,Cochabamba,Urbano,0,1,1,0.3478,0.1362,0,0
313-001503-A-0091,1.0,Cochabamba,Urbano,0,1,1,0.4062,0.2423,0,0
313-001503-A-0061,2.0,Cochabamba,Urbano,0,0,0,0.6513,0.2689,1,0
313-001503-A-0101,1.0,Cochabamba,Urbano,1,1,1,0.8211,0.7207,1,1
313-001503-A-0151,1.0,Cochabamba,Urbano,0,0,0,0.6491,0.3335,1,0
313-001503-A-0161,1.0,Cochabamba,Urbano,0,0,0,0.3786,0.2767,0,0
313-001503-A-0121,3.0,Cochabamba,Urbano,0,0,0,0.3672,0.2079,0,0
313-001503-A-0131,2.0,Cochabamba,Urbano,0,0,0,0.4479,0.3904,0,0
311-000252-A-0111,1.0,Cochabamba,Urbano,0,0,0,0.8198,0.6061,1,1
311-000252-A-0081,3.0,Cochabamba,Urbano,0,0,0,0.6739,0.382,1,0
311-000252-A-0141,1.0,Cochabamba,Urbano,0,0,0,0.5529,0.2964,1,0
311-000252-A-0131,4.0,Cochabamba,Urbano,0,1,0,0.3662,0.18,0,0
311-000252-A-0071,3.0,Cochabamba,Urbano,0,0,0,0.4923,0.3685,0,0
311-000252-A-0061,3.0,Cochabamba,Urbano,0,0,1,0.6347,0.3945,1,0
311-000252-A-0011,3.0,Cochabamba,Urbano,0,0,0,0.6222,0.2657,1,0
311-000252-A-0021,1.0,Cochabamba,Urbano,0,1,0,0.7467,0.4729,1,0
311-000252-A-0031,1.0,Cochabamba,Urbano,0,0,0,0.5989,0.2443,1,0
311-000252-A-0041,2.0,Cochabamba,Urbano,0,0,0,0.5995,0.4409,1,0
313-001637-A-0171,3.0,Cochabamba,Urbano,0,0,0,0.624,0.36,1,0
313-001637-A-0211,3.0,Cochabamba,Urbano,0,0,1,0.4655,0.2821,0,0
313-001637-A-0231,3.0,Cochabamba,Urbano,0,0,1,0.4606,0.3148,0,0
313-001637-A-0091,1.0,Cochabamba,Urbano,1,0,1,0.5439,0.6166,1,1
313-001637-A-0131,3.0,Cochabamba,Urbano,0,0,0,0.4302,0.1962,0,0
313-001637-A-0151,1.0,Cochabamba,Urbano,0,0,1,0.3395,0.2497,0,0
313-001637-A-0111,2.0,Cochabamba,Urbano,0,0,0,0.6772,0.4526,1,0
313-001637-A-0011,1.0,Cochabamba,Urbano,1,0,1,0.564,0.5424,1,1
313-001637-A-0031,1.0,Cochabamba,Urbano,0,0,1,0.5977,0.3617,1,0
313-001637-A-0051,1.0,Cochabamba,Urbano,0,0,0,0.4079,0.2593,0,0
313-001637-A-0071,1.0,Cochabamba,Urbano,0,0,1,0.5174,0.2289,1,0
313-001823-A-0161,1.0,Cochabamba,Urbano,0,0,1,0.6256,0.2876,1,0
313-001823-A-0311,4.0,Cochabamba,Urbano,0,0,0,0.4879,0.2784,0,0
313-001823-A-0341,1.0,Cochabamba,Urbano,0,1,1,0.4845,0.3304,0,0
313-001823-A-0251,3.0,Cochabamba,Urbano,0,0,1,0.3851,0.1628,0,0
313-001823-A-0221,1.0,Cochabamba,Urbano,1,0,1,0.6148,0.6724,1,1
313-001823-A-0191,2.0,Cochabamba,Urbano,0,0,0,0.3786,0.2522,0,0
313-001823-A-0281,1.0,Cochabamba,Urbano,0,0,0,0.3945,0.2577,0,0
313-001823-A-0011,3.0,Cochabamba,Urbano,0,0,1,0.434,0.1899,0,0
313-001823-A-0041,3.0,Cochabamba,Urbano,1,0,1,0.341,0.37,0,0
313-001823-A-0071,1.0,Cochabamba,Urbano,0,0,0,0.6154,0.3788,1,0
313-001823-A-0101,3.0,Cochabamba,Urbano,0,0,1,0.4671,0.3066,0,0
313-001432-A-0211,4.0,Cochabamba,Urbano,0,0,0,0.3842,0.2027,0,0
313-001432-A-0161,1.0,Cochabamba,Urbano,0,0,1,0.5676,0.3669,1,0
313-001432-A-0171,1.0,Cochabamba,Urbano,0,0,0,0.4337,0.2417,0,0
313-001432-A-0141,1.0,Cochabamba,Urbano,0,0,1,0.4468,0.2274,0,0
313-001432-A-0191,1.0,Cochabamba,Urbano,0,0,1,0.8343,0.6042,1,1
313-001432-A-0101,3.0,Cochabamba,Urbano,1,1,1,0.4196,0.2869,0,0
313-001432-A-0121,1.0,Cochabamba,Urbano,0,0,1,0.4438,0.2289,0,0
313-001432-A-0081,4.0,Cochabamba,Urbano,0,0,0,0.4142,0.333,0,0
313-001432-A-0011,1.0,Cochabamba,Urbano,0,0,1,0.4933,0.2574,0,0
313-001432-A-0031,1.0,Cochabamba,Urbano,0,0,1,0.4636,0.1568,0,0
313-001432-A-0061,4.0,Cochabamba,Urbano,0,0,0,0.3575,0.2439,0,0
312-000749-A-0111,3.0,Cochabamba,Urbano,0,1,1,0.3877,0.2306,0,0
312-000749-A-0181,5.0,Cochabamba,Urbano,0,0,0,0.571,0.3016,1,0
312-000749-A-0131,3.0,Cochabamba,Urbano,0,0,0,0.4995,0.4054,0,0
312-000749-A-0191,3.0,Cochabamba,Urbano,1,0,0,0.4417,0.4339,0,0
312-000749-A-0061,4.0,Cochabamba,Urbano,1,0,1,0.4634,0.4787,0,0
312-000749-A-0041,1.0,Cochabamba,Urbano,1,0,0,0.603,0.4199,1,0
312-000749-A-0091,1.0,Cochabamba,Urbano,0,0,0,0.3851,0.2506,0,0
312-000749-A-0081,1.0,Cochabamba,Urbano,1,0,1,0.6246,0.6587,1,1
312-000749-A-0031,1.0,Cochabamba,Urbano,0,0,0,0.7312,0.4686,1,0
312-000749-A-0161,1.0,Cochabamba,Urbano,0,1,0,0.6355,0.3396,1,0
312-000749-A-0011,1.0,Cochabamba,Urbano,0,0,1,0.6208,0.3497,1,0
313-001955-A-0251,4.0,Cochabamba,Urbano,0,1,0,0.5323,0.3449,1,0
313-001955-A-0091,1.0,Cochabamba,Urbano,1,1,0,0.6231,0.5935,1,1
313-001955-A-0121,1.0,Cochabamba,Urbano,0,0,1,0.495,0.3154,0,0
313-001955-A-0051,4.0,Cochabamba,Urbano,1,0,1,0.7094,0.6382,1,1
313-001955-A-0031,1.0,Cochabamba,Urbano,1,0,1,0.6353,0.6055,1,1
313-001955-A-0011,1.0,Cochabamba,Urbano,1,1,1,0.5606,0.5815,1,1
313-001955-A-0181,1.0,Cochabamba,Urbano,0,0,1,0.617,0.2777,1,0
313-001955-A-0141,1.0,Cochabamba,Urbano,0,0,1,0.641,0.3718,1,0
313-001955-A-0161,1.0,Cochabamba,Urbano,0,0,1,0.7018,0.54,1,1
313-001955-A-0201,1.0,Cochabamba,Urbano,0,0,0,0.537,0.226,1,0
321-009644-A-0141,1.0,Cochabamba,Urbano,0,0,1,0.4566,0.2662,0,0
321-009644-A-0181,1.0,Cochabamba,Urbano,1,0,1,0.7878,0.7226,1,1
321-009644-A-0161,1.0,Cochabamba,Urbano,0,0,1,0.5044,0.3342,1,0
321-009644-A-0041,1.0,Cochabamba,Urbano,0,0,0,0.6026,0.3405,1,0
321-009644-A-0011,3.0,Cochabamba,Urbano,1,0,1,0.3893,0.5296,0,1
321-009644-A-0061,1.0,Cochabamba,Urbano,0,0,0,0.5531,0.2526,1,0
321-009644-A-0031,1.0,Cochabamba,Urbano,0,0,1,0.5629,0.4138,1,0
321-009644-A-0091,1.0,Cochabamba,Urbano,0,0,1,0.4617,0.3115,0,0
321-009644-A-0131,2.0,Cochabamba,Urbano,1,0,1,0.4227,0.3437,0,0
322-009687-A-0011,1.0,Cochabamba,Urbano,0,0,1,0.596,0.3885,1,0
322-009687-A-0111,1.0,Cochabamba,Urbano,0,0,1,0.6594,0.4953,1,0
322-009687-A-0131,1.0,Cochabamba,Urbano,0,0,0,0.5393,0.2921,1,0
322-009687-A-0141,1.0,Cochabamba,Urbano,0,0,1,0.4453,0.2854,0,0
322-009687-A-0031,3.0,Cochabamba,Urbano,0,0,0,0.4349,0.2484,0,0
322-009687-A-0041,1.0,Cochabamba,Urbano,0,0,0,0.6445,0.3305,1,0
322-009687-A-0061,1.0,Cochabamba,Urbano,0,1,0,0.7434,0.456,1,0
322-009687-A-0081,2.0,Cochabamba,Urbano,0,0,0,0.7759,0.509,1,1
322-009687-A-0091,2.0,Cochabamba,Urbano,0,0,1,0.6651,0.3402,1,0
322-009687-A-0161,2.0,Cochabamba,Urbano,0,0,1,0.7403,0.4766,1,0
322-009687-A-0191,2.0,Cochabamba,Urbano,0,0,1,0.7053,0.4008,1,0
323-010430-A-0101,2.0,Cochabamba,Urbano,0,0,1,0.5169,0.2173,1,0
323-010430-A-0041,1.0,Cochabamba,Urbano,0,0,1,0.5782,0.4056,1,0
323-010430-A-0021,1.0,Cochabamba,Urbano,0,0,1,0.6334,0.4494,1,0
323-010430-A-0071,1.0,Cochabamba,Urbano,0,0,1,0.4574,0.25,0,0
323-010430-A-0121,4.0,Cochabamba,Urbano,0,0,1,0.6025,0.3984,1,0
323-010430-A-0171,1.0,Cochabamba,Urbano,0,1,1,0.5081,0.2221,1,0
323-010430-A-0151,1.0,Cochabamba,Urbano,0,0,1,0.6293,0.3565,1,0
323-010430-A-0201,1.0,Cochabamba,Urbano,0,0,1,0.7203,0.4752,1,0
323-010430-A-0221,1.0,Cochabamba,Urbano,0,1,1,0.7697,0.6604,1,1
323-010430-A-0251,1.0,Cochabamba,Urbano,0,1,1,0.5908,0.4406,1,0
323-010430-A-0301,3.0,Cochabamba,Urbano,1,0,1,0.4622,0.3269,0,0
322-009877-A-0151,1.0,Cochabamba,Urbano,0,0,1,0.3153,0.1832,0,0
322-009877-A-0221,1.0,Cochabamba,Urbano,0,0,1,0.5692,0.288,1,0
322-009877-A-0011,1.0,Cochabamba,Urbano,1,1,1,0.6598,0.721,1,1
322-009877-A-0291,1.0,Cochabamba,Urbano,0,0,1,0.4243,0.2388,0,0
322-009877-A-0361,1.0,Cochabamba,Urbano,0,0,0,0.635,0.4919,1,0
322-009877-A-0431,3.0,Cochabamba,Urbano,0,0,1,0.6319,0.3141,1,0
322-009877-A-0501,1.0,Cochabamba,Urbano,0,0,1,0.4983,0.2733,0,0
322-009877-A-0571,3.0,Cochabamba,Urbano,0,1,1,0.4848,0.309,0,0
322-009877-A-0711,3.0,Cochabamba,Urbano,0,0,1,0.542,0.2681,1,0
322-009877-A-0641,1.0,Cochabamba,Urbano,0,0,1,0.5207,0.2171,1,0
322-009877-A-0781,3.0,Cochabamba,Urbano,1,0,1,0.4835,0.4578,0,0
323-010047-A-0151,1.0,Cochabamba,Urbano,0,0,1,0.5925,0.2713,1,0
323-010047-A-0121,1.0,Cochabamba,Urbano,0,0,1,0.3643,0.2053,0,0
323-010047-A-0171,1.0,Cochabamba,Urbano,0,0,1,0.4707,0.2771,0,0
323-010047-A-0201,2.0,Cochabamba,Urbano,0,0,1,0.359,0.2773,0,0
323-010047-A-0301,1.0,Cochabamba,Urbano,0,0,0,0.2915,0.1739,0,0
323-010047-A-0281,1.0,Cochabamba,Urbano,0,0,0,0.5308,0.2677,1,0
323-010047-A-0251,1.0,Cochabamba,Urbano,0,0,1,0.5349,0.355,1,0
323-010047-A-0221,1.0,Cochabamba,Urbano,0,0,1,0.6002,0.4744,1,0
323-010047-A-0021,3.0,Cochabamba,Urbano,0,0,1,0.4534,0.2585,0,0
323-010047-A-0041,3.0,Cochabamba,Urbano,0,0,1,0.5067,0.3105,1,0
323-010047-A-0071,4.0,Cochabamba,Urbano,0,1,1,0.3739,0.2114,0,0
323-010047-A-0101,1.0,Cochabamba,Urbano,0,0,0,0.535,0.3739,1,0
323-010185-A-0081,2.0,Cochabamba,Urbano,0,0,0,0.4384,0.2068,0,0
323-010185-A-0101,1.0,Cochabamba,Urbano,0,0,0,0.4965,0.2141,0,0
323-010185-A-0121,1.0,Cochabamba,Urbano,0,0,0,0.3156,0.2952,0,0
323-010185-A-0131,1.0,Cochabamba,Urbano,0,0,0,0.3803,0.2129,0,0
323-010185-A-0051,1.0,Cochabamba,Urbano,0,0,1,0.6995,0.488,1,0
323-010185-A-0011,1.0,Cochabamba,Urbano,0,0,1,0.6156,0.4283,1,0
323-010185-A-0061,1.0,Cochabamba,Urbano,0,0,0,0.476,0.227,0,0
323-010185-A-0031,1.0,Cochabamba,Urbano,0,0,1,0.5066,0.3474,1,0
323-010185-A-0151,2.0,Cochabamba,Urbano,0,1,1,0.6104,0.3472,1,0
323-010185-A-0191,1.0,Cochabamba,Urbano,0,0,0,0.5076,0.3032,1,0
323-010185-A-0201,4.0,Cochabamba,Urbano,0,0,1,0.4565,0.2574,0,0
323-010185-A-0171,3.0,Cochabamba,Urbano,0,0,1,0.6485,0.3631,1,0
323-010124-A-0351,2.0,Cochabamba,Urbano,0,0,1,0.5224,0.3609,1,0
323-010124-A-0411,2.0,Cochabamba,Urbano,0,0,0,0.4545,0.283,0,0
323-010124-A-0531,1.0,Cochabamba,Urbano,0,0,0,0.5641,0.3285,1,0
323-010124-A-0471,1.0,Cochabamba,Urbano,0,0,1,0.4159,0.3139,0,0
323-010124-A-0651,1.0,Cochabamba,Urbano,0,0,0,0.4657,0.2785,0,0
323-010124-A-0591,3.0,Cochabamba,Urbano,0,0,1,0.5046,0.2493,1,0
323-010124-A-0051,1.0,Cochabamba,Urbano,0,0,0,0.3846,0.1932,0,0
323-010124-A-0291,1.0,Cochabamba,Urbano,0,0,1,0.3508,0.2154,0,0
323-010124-A-0111,4.0,Cochabamba,Urbano,0,0,0,0.5017,0.3263,1,0
323-010124-A-0171,1.0,Cochabamba,Urbano,0,0,0,0.6118,0.3642,1,0
323-010124-A-0231,1.0,Cochabamba,Urbano,1,0,0,0.5127,0.4547,1,0
324-010789-A-0011,2.0,Cochabamba,Urbano,0,0,0,0.4767,0.3744,0,0
324-010789-A-0051,2.0,Cochabamba,Urbano,0,0,0,0.4362,0.2523,0,0
324-010789-A-0021,2.0,Cochabamba,Urbano,0,0,0,0.3889,0.2152,0,0
324-010789-A-0101,3.0,Cochabamba,Urbano,0,0,1,0.4253,0.2546,0,0
324-010789-A-0061,1.0,Cochabamba,Urbano,0,0,1,0.5856,0.4134,1,0
324-010789-A-0071,1.0,Cochabamba,Urbano,0,1,1,0.5468,0.3218,1,0
324-010789-A-0091,3.0,Cochabamba,Urbano,0,0,1,0.3798,0.3066,0,0
324-010789-A-0141,4.0,Cochabamba,Urbano,0,0,1,0.4162,0.312,0,0
324-010789-A-0111,2.0,Cochabamba,Urbano,0,0,0,0.5106,0.2812,1,0
324-010789-A-0151,1.0,Cochabamba,Urbano,1,0,1,0.4098,0.3629,0,0
324-010789-A-0131,1.0,Cochabamba,Urbano,0,0,1,0.3873,0.1546,0,0
313-002414-A-0111,1.0,Cochabamba,Urbano,0,0,1,0.4814,0.2987,0,0
313-002414-A-0131,5.0,Cochabamba,Urbano,0,0,1,0.3343,0.1913,0,0
313-002414-A-0141,1.0,Cochabamba,Urbano,0,0,1,0.3174,0.1614,0,0
313-002414-A-0151,3.0,Cochabamba,Urbano,0,0,1,0.419,0.2324,0,0
313-002414-A-0091,4.0,Cochabamba,Urbano,0,0,1,0.43,0.3699,0,0
313-002414-A-0101,1.0,Cochabamba,Urbano,0,0,1,0.5902,0.3824,1,0
313-002414-A-0071,1.0,Cochabamba,Urbano,0,0,1,0.7646,0.5671,1,1
313-002414-A-0061,2.0,Cochabamba,Urbano,1,0,0,0.5222,0.5339,1,1
313-002414-A-0051,1.0,Cochabamba,Urbano,0,0,0,0.498,0.2877,0,0
313-002414-A-0021,1.0,Cochabamba,Urbano,0,0,0,0.4442,0.2516,0,0
313-002414-A-0011,1.0,Cochabamba,Urbano,0,0,0,0.4163,0.2413,0,0
313-002414-A-0031,1.0,Cochabamba,Urbano,0,0,0,0.3529,0.2001,0,0
313-002352-A-0161,1.0,Cochabamba,Urbano,0,0,1,0.6532,0.4216,1,0
313-002352-A-0141,1.0,Cochabamba,Urbano,0,0,0,0.5118,0.231,1,0
313-002352-A-0181,5.0,Cochabamba,Urbano,0,1,1,0.5238,0.311,1,0
313-002352-A-0191,3.0,Cochabamba,Urbano,0,0,1,0.4182,0.2845,0,0
313-002352-A-0081,1.0,Cochabamba,Urbano,0,0,0,0.5002,0.2707,1,0
313-002352-A-0091,1.0,Cochabamba,Urbano,0,0,1,0.3048,0.1323,0,0
313-002352-A-0111,3.0,Cochabamba,Urbano,1,0,1,0.4837,0.4048,0,0
313-002352-A-0131,3.0,Cochabamba,Urbano,0,0,0,0.4011,0.2511,0,0
313-002352-A-0061,3.0,Cochabamba,Urbano,0,0,0,0.3479,0.1785,0,0
313-002352-A-0041,3.0,Cochabamba,Urbano,0,0,0,0.6081,0.2988,1,0
313-002352-A-0031,1.0,Cochabamba,Urbano,0,0,0,0.6764,0.2547,1,0
313-002352-A-0011,1.0,Cochabamba,Urbano,0,1,0,0.6125,0.4145,1,0
314-004894-A-0191,3.0,Cochabamba,Urbano,0,0,0,0.3942,0.2364,0,0
314-004894-A-0211,1.0,Cochabamba,Urbano,0,0,0,0.477,0.3687,0,0
314-004894-A-0231,1.0,Cochabamba,Urbano,0,0,0,0.4426,0.2258,0,0
314-004894-A-0261,1.0,Cochabamba,Urbano,0,0,0,0.5413,0.3655,1,0
314-004894-A-0121,4.0,Cochabamba,Urbano,0,0,0,0.4375,0.3069,0,0
314-004894-A-0171,1.0,Cochabamba,Urbano,0,0,0,0.3433,0.192,0,0
314-004894-A-0101,4.0,Cochabamba,Urbano,0,0,1,0.4118,0.2442,0,0
314-004894-A-0141,3.0,Cochabamba,Urbano,0,0,1,0.3554,0.2309,0,0
314-004894-A-0081,1.0,Cochabamba,Urbano,0,0,1,0.5267,0.3148,1,0
314-004894-A-0051,3.0,Cochabamba,Urbano,0,0,1,0.3892,0.262,0,0
314-004894-A-0031,3.0,Cochabamba,Urbano,0,0,0,0.3115,0.2137,0,0
314-004894-A-0011,1.0,Cochabamba,Urbano,0,0,0,0.3703,0.232,0,0
324-010933-A-0111,1.0,Cochabamba,Urbano,0,0,0,0.3949,0.1846,0,0
324-010933-A-0121,1.0,Cochabamba,Urbano,0,0,0,0.3249,0.256,0,0
324-010933-A-0131,1.0,Cochabamba,Urbano,0,0,0,0.4971,0.4158,0,0
324-010933-A-0101,3.0,Cochabamba,Urbano,0,0,0,0.4775,0.2724,0,0
324-010933-A-0091,1.0,Cochabamba,Urbano,0,0,1,0.5023,0.3137,1,0
324-010933-A-0051,1.0,Cochabamba,Urbano,0,0,0,0.3858,0.26,0,0
324-010933-A-0061,1.0,Cochabamba,Urbano,0,0,0,0.623,0.332,1,0
324-010933-A-0081,1.0,Cochabamba,Urbano,0,0,0,0.426,0.2767,0,0
324-010933-A-0041,1.0,Cochabamba,Urbano,0,0,0,0.4507,0.136,0,0
324-010933-A-0021,1.0,Cochabamba,Urbano,0,0,0,0.3718,0.2011,0,0
324-010933-A-0011,3.0,Cochabamba,Urbano,0,0,0,0.3622,0.2814,0,0
324-010933-A-0031,1.0,Cochabamba,Urbano,0,0,0,0.3178,0.1867,0,0
323-010252-A-0121,1.0,Cochabamba,Urbano,0,0,1,0.6224,0.3766,1,0
323-010252-A-0111,4.0,Cochabamba,Urbano,0,0,1,0.4584,0.2172,0,0
323-010252-A-0131,4.0,Cochabamba,Urbano,0,0,0,0.3618,0.1743,0,0
323-010252-A-0141,3.0,Cochabamba,Urbano,0,0,0,0.2463,0.2123,0,0
323-010252-A-0071,1.0,Cochabamba,Urbano,1,0,1,0.6954,0.6282,1,1
323-010252-A-0081,5.0,Cochabamba,Urbano,0,0,1,0.3649,0.2402,0,0
323-010252-A-0091,1.0,Cochabamba,Urbano,0,0,1,0.3843,0.2544,0,0
323-010252-A-0061,1.0,Cochabamba,Urbano,0,0,1,0.4045,0.2055,0,0
323-010252-A-0011,1.0,Cochabamba,Urbano,0,0,1,0.3182,0.1702,0,0
323-010252-A-0041,1.0,Cochabamba,Urbano,0,0,0,0.3815,0.1694,0,0
323-010252-A-0031,1.0,Cochabamba,Urbano,0,0,1,0.3726,0.2903,0,0
323-010252-A-0021,1.0,Cochabamba,Urbano,0,0,0,0.4553,0.1983,0,0
324-010856-A-0141,3.0,Cochabamba,Urbano,0,0,0,0.3708,0.2378,0,0
324-010856-A-0131,1.0,Cochabamba,Urbano,0,0,0,0.4936,0.3012,0,0
324-010856-A-0161,1.0,Cochabamba,Urbano,0,0,0,0.5252,0.3098,1,0
324-010856-A-0171,1.0,Cochabamba,Urbano,0,0,0,0.7003,0.3241,1,0
324-010856-A-0071,4.0,Cochabamba,Urbano,0,0,1,0.2813,0.1838,0,0
324-010856-A-0081,1.0,Cochabamba,Urbano,0,0,1,0.3941,0.3002,0,0
324-010856-A-0101,1.0,Cochabamba,Urbano,0,0,1,0.6252,0.4861,1,0
324-010856-A-0111,3.0,Cochabamba,Urbano,0,0,1,0.3998,0.2468,0,0
324-010856-A-0041,1.0,Cochabamba,Urbano,0,0,0,0.4278,0.2417,0,0
324-010856-A-0051,1.0,Cochabamba,Urbano,0,0,0,0.455,0.3297,0,0
324-010856-A-0011,3.0,Cochabamba,Urbano,0,0,1,0.4382,0.3312,0,0
324-010856-A-0021,1.0,Cochabamba,Urbano,0,0,0,0.4724,0.2554,0,0
323-010612-A-0281,4.0,Cochabamba,Urbano,1,0,1,0.6906,0.5391,1,1
323-010612-A-0201,1.0,Cochabamba,Urbano,0,0,1,0.5825,0.4223,1,0
323-010612-A-0251,4.0,Cochabamba,Urbano,0,0,1,0.5504,0.2635,1,0
323-010612-A-0221,1.0,Cochabamba,Urbano,0,0,1,0.3295,0.1901,0,0
323-010612-A-0171,1.0,Cochabamba,Urbano,0,0,0,0.6632,0.2959,1,0
323-010612-A-0141,3.0,Cochabamba,Urbano,0,0,0,0.5134,0.3984,1,0
323-010612-A-0121,1.0,Cochabamba,Urbano,0,1,0,0.3198,0.1509,0,0
323-010612-A-0301,1.0,Cochabamba,Urbano,1,0,1,0.6774,0.6925,1,1
323-010612-A-0061,3.0,Cochabamba,Urbano,0,0,0,0.4003,0.2591,0,0
323-010612-A-0091,1.0,Cochabamba,Urbano,0,0,0,0.3776,0.1406,0,0
323-010612-A-0041,3.0,Cochabamba,Urbano,0,0,1,0.4095,0.2166,0,0
323-010612-A-0011,1.0,Cochabamba,Urbano,0,0,0,0.3894,0.2017,0,0
322-009969-A-0021,1.0,Cochabamba,Urbano,0,0,0,0.5833,0.3731,1,0
322-009969-A-0011,2.0,Cochabamba,Urbano,1,1,1,0.3482,0.5303,0,1
322-009969-A-0031,3.0,Cochabamba,Urbano,0,0,1,0.8022,0.4063,1,0
322-009969-A-0091,1.0,Cochabamba,Urbano,0,1,1,0.4384,0.2853,0,0
322-009969-A-0081,8.0,Cochabamba,Urbano,1,0,1,0.4156,0.263,0,0
322-009969-A-0071,1.0,Cochabamba,Urbano,0,0,1,0.37,0.1932,0,0
322-009969-A-0051,4.0,Cochabamba,Urbano,1,1,1,0.4333,0.4743,0,0
322-009969-A-0061,3.0,Cochabamba,Urbano,0,0,1,0.3374,0.208,0,0
322-009969-A-0041,1.0,Cochabamba,Urbano,0,0,1,0.4219,0.1874,0,0
322-009969-A-0111,1.0,Cochabamba,Urbano,0,0,1,0.6999,0.4549,1,0
322-009969-A-0121,2.0,Cochabamba,Urbano,0,0,1,0.7267,0.3415,1,0
322-009969-A-0101,1.0,Cochabamba,Urbano,0,0,1,0.8402,0.6126,1,1
313-002587-A-0171,1.0,Cochabamba,Urbano,0,0,1,0.5088,0.394,1,0
313-002587-A-0191,1.0,Cochabamba,Urbano,0,0,1,0.4378,0.2605,0,0
313-002587-A-0241,1.0,Cochabamba,Urbano,0,0,1,0.4442,0.2475,0,0
313-002587-A-0261,2.0,Cochabamba,Urbano,0,0,1,0.4989,0.3113,0,0
313-002587-A-0011,1.0,Cochabamba,Urbano,1,0,0,0.4709,0.4682,0,0
313-002587-A-0031,1.0,Cochabamba,Urbano,1,0,0,0.5005,0.5366,1,1
313-002587-A-0051,1.0,Cochabamba,Urbano,1,0,0,0.7101,0.677,1,1
313-002587-A-0081,1.0,Cochabamba,Urbano,0,0,0,0.559,0.2982,1,0
313-002587-A-0101,3.0,Cochabamba,Urbano,0,0,1,0.4248,0.1886,0,0
313-002587-A-0121,1.0,Cochabamba,Urbano,0,0,1,0.6355,0.2776,1,0
313-002587-A-0151,1.0,Cochabamba,Urbano,1,0,0,0.7374,0.7359,1,1
313-002587-A-0221,1.0,Cochabamba,Urbano,0,0,0,0.5126,0.2335,1,0
313-002103-A-0211,1.0,Cochabamba,Urbano,0,0,0,0.3383,0.2469,0,0
313-002103-A-0241,1.0,Cochabamba,Urbano,1,0,0,0.3008,0.1998,0,0
313-002103-A-0261,1.0,Cochabamba,Urbano,0,0,1,0.3769,0.2493,0,0
313-002103-A-0291,1.0,Cochabamba,Urbano,0,0,1,0.3053,0.1866,0,0
313-002103-A-0191,1.0,Cochabamba,Urbano,0,0,1,0.4209,0.2519,0,0
313-002103-A-0141,1.0,Cochabamba,Urbano,0,0,1,0.4258,0.2548,0,0
313-002103-A-0111,3.0,Cochabamba,Urbano,0,0,1,0.3706,0.2648,0,0
313-002103-A-0161,1.0,Cochabamba,Urbano,0,0,1,0.4674,0.2945,0,0
313-002103-A-0041,1.0,Cochabamba,Urbano,0,0,1,0.5639,0.3679,1,0
313-002103-A-0061,1.0,Cochabamba,Urbano,1,1,1,0.5939,0.6506,1,1
313-002103-A-0011,1.0,Cochabamba,Urbano,1,1,1,0.6132,0.363,1,0
313-002103-A-0091,1.0,Cochabamba,Urbano,1,0,1,0.6925,0.6935,1,1
313-002164-A-0011,1.0,Cochabamba,Urbano,0,0,0,0.3069,0.2037,0,0
313-002164-A-0041,1.0,Cochabamba,Urbano,0,0,0,0.4735,0.3185,0,0
313-002164-A-0121,1.0,Cochabamba,Urbano,0,0,0,0.4402,0.2624,0,0
313-002164-A-0201,1.0,Cochabamba,Urbano,0,0,0,0.3926,0.2274,0,0
313-002164-A-0061,1.0,Cochabamba,Urbano,0,0,1,0.3503,0.1788,0,0
313-002164-A-0081,1.0,Cochabamba,Urbano,0,0,1,0.3681,0.2831,0,0
313-002164-A-0101,1.0,Cochabamba,Urbano,0,0,1,0.4134,0.2492,0,0
313-002164-A-0141,1.0,Cochabamba,Urbano,0,0,1,0.4224,0.2198,0,0
313-002164-A-0161,1.0,Cochabamba,Urbano,1,0,1,0.7164,0.6952,1,1
313-002164-A-0181,1.0,Cochabamba,Urbano,0,0,1,0.3495,0.3608,0,0
313-002164-A-0221,1.0,Cochabamba,Urbano,0,0,1,0.4391,0.2339,0,0
313-002164-A-0241,1.0,Cochabamba,Urbano,1,0,1,0.6615,0.6038,1,1
314-003597-A-0011,2.0,Cochabamba,Urbano,1,0,1,0.6361,0.3907,1,0
314-003597-A-0041,1.0,Cochabamba,Urbano,0,0,1,0.4358,0.2421,0,0
314-003597-A-0061,1.0,Cochabamba,Urbano,0,0,1,0.386,0.2566,0,0
314-003597-A-0091,1.0,Cochabamba,Urbano,1,0,1,0.6775,0.6371,1,1
314-003597-A-0121,1.0,Cochabamba,Urbano,0,0,1,0.6771,0.4471,1,0
314-003597-A-0141,1.0,Cochabamba,Urbano,0,0,1,0.4897,0.3951,0,0
314-003597-A-0171,1.0,Cochabamba,Urbano,0,0,1,0.3633,0.2651,0,0
314-003597-A-0281,1.0,Cochabamba,Urbano,0,0,1,0.4744,0.2598,0,0
314-003597-A-0201,1.0,Cochabamba,Urbano,0,0,1,0.4176,0.2646,0,0
314-003597-A-0221,1.0,Cochabamba,Urbano,0,0,1,0.406,0.2799,0,0
314-003597-A-0251,1.0,Cochabamba,Urbano,0,0,1,0.4169,0.2027,0,0
314-003597-A-0301,1.0,Cochabamba,Urbano,0,0,1,0.6163,0.4121,1,0
313-002526-A-0181,1.0,Cochabamba,Urbano,0,0,1,0.4091,0.1728,0,0
313-002526-A-0231,2.0,Cochabamba,Urbano,0,0,1,0.533,0.2207,1,0
313-002526-A-0271,1.0,Cochabamba,Urbano,0,0,1,0.3801,0.1729,0,0
313-002526-A-0311,1.0,Cochabamba,Urbano,0,0,1,0.341,0.2148,0,0
313-002526-A-0401,1.0,Cochabamba,Urbano,0,0,1,0.5311,0.3404,1,0
313-002526-A-0441,1.0,Cochabamba,Urbano,0,0,1,0.488,0.2788,0,0
313-002526-A-0491,1.0,Cochabamba,Urbano,0,0,0,0.3573,0.2238,0,0
313-002526-A-0361,1.0,Cochabamba,Urbano,0,0,1,0.7203,0.4243,1,0
313-002526-A-0011,1.0,Cochabamba,Urbano,0,0,1,0.3393,0.1716,0,0
313-002526-A-0051,3.0,Cochabamba,Urbano,0,0,1,0.3544,0.2358,0,0
313-002526-A-0101,1.0,Cochabamba,Urbano,1,1,1,0.68,0.5873,1,1
313-002526-A-0141,1.0,Cochabamba,Urbano,0,0,1,0.3587,0.2478,0,0
313-002646-A-0371,1.0,Cochabamba,Urbano,0,0,1,0.4976,0.2851,0,0
313-002646-A-0411,1.0,Cochabamba,Urbano,1,0,0,0.6567,0.5991,1,1
313-002646-A-0451,3.0,Cochabamba,Urbano,0,0,1,0.4745,0.2321,0,0
313-002646-A-0491,1.0,Cochabamba,Urbano,0,0,1,0.437,0.233,0,0
313-002646-A-0121,1.0,Cochabamba,Urbano,0,0,0,0.6082,0.3209,1,0
313-002646-A-0031,1.0,Cochabamba,Urbano,0,0,0,0.4954,0.3173,0,0
313-002646-A-0161,1.0,Cochabamba,Urbano,0,0,0,0.4936,0.2322,0,0
313-002646-A-0071,1.0,Cochabamba,Urbano,0,0,0,0.501,0.3127,1,0
313-002646-A-0201,1.0,Cochabamba,Urbano,1,0,1,0.764,0.7364,1,1
313-002646-A-0241,2.0,Cochabamba,Urbano,0,0,1,0.331,0.2067,0,0
313-002646-A-0281,1.0,Cochabamba,Urbano,0,0,1,0.4671,0.324,0,0
313-002646-A-0321,1.0,Cochabamba,Urbano,1,1,1,0.775,0.6369,1,1
313-002816-A-0281,1.0,Cochabamba,Urbano,0,0,0,0.3064,0.3155,0,0
313-002816-A-0311,1.0,Cochabamba,Urbano,0,0,0,0.3907,0.1922,0,0
313-002816-A-0341,1.0,Cochabamba,Urbano,1,0,1,0.6319,0.6258,1,1
313-002816-A-0131,1.0,Cochabamba,Urbano,0,1,0,0.4277,0.2325,0,0
313-002816-A-0101,1.0,Cochabamba,Urbano,0,0,1,0.4281,0.3894,0,0
313-002816-A-0071,1.0,Cochabamba,Urbano,0,0,1,0.4195,0.2475,0,0
313-002816-A-0041,1.0,Cochabamba,Urbano,0,0,1,0.6642,0.4009,1,0
313-002816-A-0011,1.0,Cochabamba,Urbano,1,0,0,0.7814,0.6686,1,1
313-002816-A-0221,1.0,Cochabamba,Urbano,0,0,1,0.3908,0.388,0,0
313-002816-A-0161,1.0,Cochabamba,Urbano,0,0,0,0.3984,0.2767,0,0
313-002816-A-0191,3.0,Cochabamba,Urbano,0,0,1,0.468,0.2245,0,0
313-002816-A-0251,1.0,Cochabamba,Urbano,1,0,0,0.5757,0.6762,1,1
314-003864-A-0011,1.0,Cochabamba,Urbano,0,0,0,0.5832,0.3142,1,0
314-003864-A-0041,1.0,Cochabamba,Urbano,1,0,1,0.666,0.5824,1,1
314-003864-A-0101,1.0,Cochabamba,Urbano,0,0,1,0.5939,0.5502,1,1
314-003864-A-0131,1.0,Cochabamba,Urbano,0,0,0,0.4718,0.3111,0,0
314-003864-A-0191,3.0,Cochabamba,Urbano,0,0,1,0.4327,0.263,0,0
314-003864-A-0161,1.0,Cochabamba,Urbano,1,0,1,0.48,0.448,0,0
314-003864-A-0231,3.0,Cochabamba,Urbano,0,0,1,0.4425,0.3075,0,0
314-003864-A-0261,1.0,Cochabamba,Urbano,0,0,1,0.3335,0.2443,0,0
314-003864-A-0321,1.0,Cochabamba,Urbano,0,0,1,0.3328,0.2723,0,0
314-003864-A-0291,3.0,Cochabamba,Urbano,0,0,1,0.5533,0.2558,1,0
314-003864-A-0351,1.0,Cochabamba,Urbano,0,0,1,0.5881,0.4397,1,0
341-014869-D-0021,2.0,Cochabamba,Rural,0,0,0,0.7939,0.3888,1,0
341-014869-D-0061,3.0,Cochabamba,Rural,1,0,0,0.4249,0.5154,0,1
341-014869-D-0101,5.0,Cochabamba,Rural,1,0,1,0.5807,0.6911,1,1
341-014869-D-0141,3.0,Cochabamba,Rural,0,0,0,0.416,0.4068,0,0
341-014869-D-0181,1.0,Cochabamba,Rural,0,0,0,0.6942,0.3996,1,0
341-014869-D-0261,3.0,Cochabamba,Rural,0,0,0,0.4281,0.4122,0,0
341-014869-D-0221,3.0,Cochabamba,Rural,0,0,1,0.5982,0.4489,1,0
341-014869-D-0301,1.0,Cochabamba,Rural,0,0,0,0.5444,0.2634,1,0
341-014869-D-0421,4.0,Cochabamba,Rural,0,0,0,0.4557,0.2539,0,0
341-014869-D-0341,3.0,Cochabamba,Rural,0,0,0,0.4522,0.3184,0,0
341-014869-D-0381,1.0,Cochabamba,Rural,0,0,0,0.4856,0.2247,0,0
341-014869-D-0461,1.0,Cochabamba,Rural,0,0,0,0.5307,0.4197,1,0
341-014873-D-0061,1.0,Cochabamba,Rural,0,0,0,0.2832,0.2159,0,0
341-014873-D-0041,1.0,Cochabamba,Rural,0,0,0,0.3208,0.1307,0,0
341-014873-D-0091,1.0,Cochabamba,Rural,1,0,0,0.5816,0.3975,1,0
341-014873-D-0011,1.0,Cochabamba,Rural,0,0,0,0.8068,0.5553,1,1
341-014873-D-0211,1.0,Cochabamba,Rural,0,0,0,0.5635,0.3401,1,0
341-014873-D-0291,2.0,Cochabamba,Rural,0,0,0,0.6214,0.4275,1,0
341-014873-D-0241,3.0,Cochabamba,Rural,1,0,1,0.3858,0.314,0,0
341-014873-D-0261,3.0,Cochabamba,Rural,0,0,0,0.3044,0.1765,0,0
341-014873-D-0141,2.0,Cochabamba,Rural,0,0,0,0.5413,0.4278,1,0
341-014873-D-0191,1.0,Cochabamba,Rural,0,1,1,0.6928,0.3667,1,0
341-014873-D-0161,1.0,Cochabamba,Rural,0,0,0,0.4987,0.3368,0,0
341-014873-D-0111,1.0,Cochabamba,Rural,0,0,0,0.4376,0.3236,0,0
351-014883-D-0311,1.0,Cochabamba,Rural,0,0,0,0.6214,0.4242,1,0
351-014883-D-0341,1.0,Cochabamba,Rural,1,0,0,0.7609,0.7195,1,1
351-014883-D-0281,3.0,Cochabamba,Rural,0,1,0,0.4455,0.346,0,0
351-014883-D-0251,3.0,Cochabamba,Rural,0,0,0,0.5376,0.5239,1,1
351-014883-D-0071,1.0,Cochabamba,Rural,0,0,0,0.5615,0.3759,1,0
351-014883-D-0041,1.0,Cochabamba,Rural,0,0,0,0.4745,0.2818,0,0
351-014883-D-0101,1.0,Cochabamba,Rural,1,0,0,0.7062,0.6525,1,1
351-014883-D-0011,1.0,Cochabamba,Rural,0,0,0,0.7071,0.5334,1,1
351-014883-D-0191,1.0,Cochabamba,Rural,0,0,0,0.5161,0.3488,1,0
351-014883-D-0131,1.0,Cochabamba,Rural,0,0,0,0.6554,0.3345,1,0
351-014883-D-0221,1.0,Cochabamba,Rural,0,0,0,0.5986,0.3256,1,0
351-014883-D-0161,1.0,Cochabamba,Rural,0,0,0,0.5006,0.4618,1,0
351-014754-D-0151,3.0,Cochabamba,Rural,0,0,0,0.5256,0.4262,1,0
351-014754-D-0171,1.0,Cochabamba,Rural,1,0,0,0.6091,0.562,1,1
351-014754-D-0181,1.0,Cochabamba,Rural,0,0,0,0.7291,0.3862,1,0
351-014754-D-0131,4.0,Cochabamba,Rural,0,0,1,0.6841,0.4417,1,0
351-014754-D-0101,1.0,Cochabamba,Rural,0,1,0,0.7056,0.4195,1,0
351-014754-D-0091,2.0,Cochabamba,Rural,0,0,0,0.6666,0.4516,1,0
351-014754-D-0121,1.0,Cochabamba,Rural,0,0,0,0.6514,0.4741,1,0
351-014754-D-0071,1.0,Cochabamba,Rural,1,1,0,0.4659,0.5728,0,1
351-014754-D-0011,1.0,Cochabamba,Rural,0,0,0,0.6414,0.4464,1,0
351-014754-D-0061,1.0,Cochabamba,Rural,0,1,0,0.5997,0.4458,1,0
351-014754-D-0021,1.0,Cochabamba,Rural,0,0,0,0.4109,0.2581,0,0
351-014754-D-0041,1.0,Cochabamba,Rural,0,0,0,0.6235,0.3112,1,0
351-014651-D-0091,2.0,Cochabamba,Rural,0,0,0,0.6541,0.3741,1,0
351-014651-D-0161,1.0,Cochabamba,Rural,1,0,0,0.681,0.5923,1,1
351-014651-D-0141,1.0,Cochabamba,Rural,1,0,0,0.7667,0.6552,1,1
351-014651-D-0121,1.0,Cochabamba,Rural,0,0,0,0.7098,0.3894,1,0
351-014651-D-0051,2.0,Cochabamba,Rural,0,0,0,0.8163,0.41,1,0
351-014651-D-0031,1.0,Cochabamba,Rural,0,0,0,0.7321,0.4128,1,0
351-014651-D-0071,1.0,Cochabamba,Rural,0,0,0,0.8476,0.4864,1,0
351-014651-D-0011,1.0,Cochabamba,Rural,0,0,0,0.6254,0.4881,1,0
351-014651-D-0221,1.0,Cochabamba,Rural,0,0,0,0.527,0.2396,1,0
351-014651-D-0251,2.0,Cochabamba,Rural,0,0,0,0.7068,0.58,1,1
351-014651-D-0201,1.0,Cochabamba,Rural,0,0,0,0.6239,0.3732,1,0
351-014651-D-0181,1.0,Cochabamba,Rural,0,0,0,0.5547,0.2443,1,0
351-016508-D-0061,3.0,Cochabamba,Rural,0,0,0,0.4322,0.3319,0,0
351-016508-D-0071,1.0,Cochabamba,Rural,1,0,0,0.7296,0.5273,1,1
351-016508-D-0051,1.0,Cochabamba,Rural,0,0,0,0.7865,0.2494,1,0
351-016508-D-0081,3.0,Cochabamba,Rural,0,0,0,0.4778,0.4571,0,0
351-016508-D-0041,3.0,Cochabamba,Rural,1,0,0,0.5852,0.6369,1,1
351-016508-D-0011,1.0,Cochabamba,Rural,1,0,0,0.7765,0.3727,1,0
351-016508-D-0031,1.0,Cochabamba,Rural,0,0,0,0.6895,0.448,1,0
351-016508-D-0021,1.0,Cochabamba,Rural,0,0,0,0.7761,0.3777,1,0
351-016508-D-0091,1.0,Cochabamba,Rural,0,0,0,0.707,0.2818,1,0
351-016508-D-0101,2.0,Cochabamba,Rural,0,0,0,0.4992,0.3041,0,0
351-016508-D-0111,1.0,Cochabamba,Rural,0,0,0,0.6025,0.3897,1,0
351-016508-D-0121,2.0,Cochabamba,Rural,0,0,0,0.7303,0.501,1,1
354-016586-D-0061,1.0,Cochabamba,Rural,0,1,0,0.8337,0.3029,1,0
354-016586-D-0091,1.0,Cochabamba,Rural,1,1,0,0.6726,0.6795,1,1
354-016586-D-0071,1.0,Cochabamba,Rural,0,0,0,0.7781,0.4279,1,0
354-016586-D-0081,5.0,Cochabamba,Rural,0,0,0,0.5041,0.3356,1,0
354-016586-D-0121,2.0,Cochabamba,Rural,1,1,0,0.6975,0.664,1,1
354-016586-D-0131,2.0,Cochabamba,Rural,0,0,0,0.4649,0.3916,0,0
354-016586-D-0141,1.0,Cochabamba,Rural,0,0,1,0.5392,0.3849,1,0
354-016586-D-0111,1.0,Cochabamba,Rural,1,1,0,0.3238,0.4275,0,0
354-016586-D-0011,1.0,Cochabamba,Rural,0,0,0,0.2328,0.1337,0,0
354-016586-D-0021,1.0,Cochabamba,Rural,0,0,0,0.3488,0.2379,0,0
354-016586-D-0031,2.0,Cochabamba,Rural,0,0,0,0.5209,0.3232,1,0
354-016586-D-0041,1.0,Cochabamba,Rural,0,0,0,0.5877,0.4596,1,0
351-015299-D-0021,1.0,Cochabamba,Rural,1,0,0,0.7842,0.44,1,0
351-015299-D-0031,1.0,Cochabamba,Rural,0,0,0,0.8523,0.3632,1,0
351-015299-D-0011,1.0,Cochabamba,Rural,0,0,0,0.7293,0.2578,1,0
351-015299-D-0041,1.0,Cochabamba,Rural,0,0,0,0.74,0.3127,1,0
351-015299-D-0081,2.0,Cochabamba,Rural,1,0,0,0.7805,0.4276,1,0
351-015299-D-0071,1.0,Cochabamba,Rural,0,0,0,0.6326,0.2614,1,0
351-015299-D-0061,1.0,Cochabamba,Rural,0,1,0,0.8246,0.2931,1,0
351-015299-D-0051,1.0,Cochabamba,Rural,1,0,0,0.5026,0.5999,1,1
351-015299-D-0091,1.0,Cochabamba,Rural,0,0,0,0.6001,0.3607,1,0
351-015299-D-0121,1.0,Cochabamba,Rural,0,0,0,0.5504,0.3063,1,0
351-015299-D-0111,1.0,Cochabamba,Rural,0,0,0,0.568,0.3821,1,0
351-015299-D-0101,1.0,Cochabamba,Rural,0,0,0,0.7099,0.3586,1,0
352-015351-D-0041,1.0,Cochabamba,Rural,0,0,0,0.6291,0.5164,1,1
352-015351-D-0011,1.0,Cochabamba,Rural,0,0,0,0.6192,0.3796,1,0
352-015351-D-0021,3.0,Cochabamba,Rural,0,0,0,0.4809,0.3601,0,0
352-015351-D-0031,2.0,Cochabamba,Rural,1,0,0,0.6404,0.6463,1,1
352-015351-D-0091,1.0,Cochabamba,Rural,0,0,0,0.4417,0.2227,0,0
352-015351-D-0061,1.0,Cochabamba,Rural,0,0,0,0.4141,0.3123,0,0
352-015351-D-0062,3.0,Cochabamba,Rural,0,0,0,0.5799,0.4172,1,0
352-015351-D-0071,3.0,Cochabamba,Rural,0,0,0,0.6413,0.3804,1,0
352-015351-D-0081,1.0,Cochabamba,Rural,1,0,0,0.6972,0.7054,1,1
352-015351-D-0131,1.0,Cochabamba,Rural,0,0,0,0.5056,0.4187,1,0
352-015351-D-0121,3.0,Cochabamba,Rural,0,0,0,0.5882,0.3661,1,0
352-015351-D-0111,1.0,Cochabamba,Rural,0,0,0,0.6072,0.563,1,1
352-015351-D-0141,1.0,Cochabamba,Rural,0,0,0,0.6506,0.3637,1,0
322-012027-A-0111,1.0,Cochabamba,Urbano,0,0,1,0.5776,0.4056,1,0
322-012027-A-0121,3.0,Cochabamba,Urbano,0,0,1,0.4863,0.3028,0,0
322-012027-A-0091,3.0,Cochabamba,Urbano,0,0,0,0.3508,0.2505,0,0
322-012027-A-0081,3.0,Cochabamba,Urbano,0,0,1,0.4067,0.2424,0,0
322-012027-A-0061,1.0,Cochabamba,Urbano,0,0,0,0.3846,0.3836,0,0
322-012027-A-0131,1.0,Cochabamba,Urbano,0,0,0,0.3792,0.3736,0,0
322-012027-A-0141,2.0,Cochabamba,Urbano,0,0,0,0.3,0.2664,0,0
322-012027-A-0011,3.0,Cochabamba,Urbano,0,0,1,0.2883,0.2818,0,0
322-012027-A-0031,1.0,Cochabamba,Urbano,0,1,1,0.5081,0.2556,1,0
322-012027-A-0041,1.0,Cochabamba,Urbano,0,1,1,0.4197,0.254,0,0
322-012027-A-0071,1.0,Cochabamba,Urbano,0,0,1,0.2077,0.1585,0,0
323-012177-A-0041,4.0,Cochabamba,Urbano,0,0,0,0.3808,0.266,0,0
323-012177-A-0131,1.0,Cochabamba,Urbano,0,0,1,0.5452,0.3882,1,0
323-012177-A-0011,1.0,Cochabamba,Urbano,0,0,1,0.3495,0.276,0,0
323-012177-A-0031,3.0,Cochabamba,Urbano,0,0,1,0.4579,0.2601,0,0
323-012177-A-0061,1.0,Cochabamba,Urbano,0,0,0,0.4605,0.2806,0,0
323-012177-A-0081,1.0,Cochabamba,Urbano,0,0,0,0.3809,0.2058,0,0
323-012177-A-0091,3.0,Cochabamba,Urbano,0,0,0,0.3994,0.2397,0,0
323-012177-A-0141,1.0,Cochabamba,Urbano,0,0,1,0.3348,0.2422,0,0
323-012177-A-0161,1.0,Cochabamba,Urbano,0,0,0,0.3535,0.1746,0,0
323-012177-A-0191,1.0,Cochabamba,Urbano,0,0,0,0.4193,0.2458,0,0
323-012177-A-0181,1.0,Cochabamba,Urbano,0,1,0,0.5462,0.3658,1,0
323-012177-A-0111,1.0,Cochabamba,Urbano,0,0,0,0.3358,0.2115,0,0
324-012229-A-0041,1.0,Cochabamba,Urbano,0,0,0,0.4472,0.1991,0,0
324-012229-A-0081,3.0,Cochabamba,Urbano,0,0,0,0.3029,0.2563,0,0
324-012229-A-0021,1.0,Cochabamba,Urbano,0,0,1,0.3124,0.2361,0,0
324-012229-A-0061,1.0,Cochabamba,Urbano,0,0,1,0.5076,0.3613,1,0
324-012229-A-0111,1.0,Cochabamba,Urbano,0,0,1,0.4342,0.2147,0,0
324-012229-A-0141,1.0,Cochabamba,Urbano,0,0,0,0.3857,0.1958,0,0
324-012229-A-0131,1.0,Cochabamba,Urbano,0,0,1,0.5846,0.3673,1,0
324-012229-A-0011,1.0,Cochabamba,Urbano,0,0,1,0.6601,0.42,1,0
324-012229-A-0031,4.0,Cochabamba,Urbano,0,0,1,0.369,0.2504,0,0
324-012229-A-0071,1.0,Cochabamba,Urbano,0,0,0,0.5204,0.3345,1,0
324-012229-A-0091,1.0,Cochabamba,Urbano,0,0,0,0.6161,0.4561,1,0
324-012229-A-0121,1.0,Cochabamba,Urbano,0,0,0,0.6611,0.27,1,0
333-012354-A-0111,4.0,Cochabamba,Urbano,0,0,0,0.3151,0.1357,0,0
333-012354-A-0121,3.0,Cochabamba,Urbano,0,0,1,0.6544,0.5308,1,1
333-012354-A-0011,1.0,Cochabamba,Urbano,0,0,1,0.3032,0.1719,0,0
333-012354-A-0021,1.0,Cochabamba,Urbano,0,1,1,0.5258,0.3067,1,0
333-012354-A-0031,1.0,Cochabamba,Urbano,0,0,1,0.3606,0.2711,0,0
333-012354-A-0041,3.0,Cochabamba,Urbano,0,1,1,0.455,0.2385,0,0
333-012354-A-0051,2.0,Cochabamba,Urbano,0,0,1,0.5786,0.4051,1,0
333-012354-A-0061,1.0,Cochabamba,Urbano,0,0,1,0.5384,0.3306,1,0
333-012354-A-0071,3.0,Cochabamba,Urbano,0,0,0,0.3564,0.2879,0,0
333-012354-A-0081,2.0,Cochabamba,Urbano,0,1,1,0.4215,0.3159,0,0
333-012354-A-0091,1.0,Cochabamba,Urbano,0,0,1,0.5536,0.387,1,0
333-012354-A-0101,1.0,Cochabamba,Urbano,0,0,1,0.4602,0.2152,0,0
344-014260-A-0181,1.0,Cochabamba,Rural,0,0,0,0.4288,0.4256,0,0
344-014260-A-0131,3.0,Cochabamba,Rural,0,0,0,0.3696,0.1839,0,0
344-014260-A-0211,1.0,Cochabamba,Rural,0,0,0,0.3964,0.4186,0,0
344-014260-A-0241,4.0,Cochabamba,Rural,0,0,1,0.2501,0.131,0,0
344-014260-A-0271,1.0,Cochabamba,Rural,0,0,0,0.2134,0.1474,0,0
344-014260-A-0291,3.0,Cochabamba,Rural,0,0,0,0.2129,0.1816,0,0
344-014260-A-0321,3.0,Cochabamba,Rural,0,0,0,0.3067,0.2019,0,0
344-014260-A-0021,1.0,Cochabamba,Rural,0,0,1,0.3118,0.2881,0,0
344-014260-A-0051,1.0,Cochabamba,Rural,0,0,0,0.5935,0.3866,1,0
344-014260-A-0071,1.0,Cochabamba,Rural,0,0,0,0.1936,0.1289,0,0
344-014260-A-0101,3.0,Cochabamba,Rural,0,0,0,0.2866,0.2218,0,0
344-014260-A-0161,3.0,Cochabamba,Rural,0,0,0,0.1706,0.1676,0,0
332-006889-A-0101,1.0,Cochabamba,Urbano,0,0,0,0.7084,0.3424,1,0
332-006889-A-0341,3.0,Cochabamba,Urbano,0,0,0,0.4658,0.2037,0,0
332-006889-A-0041,1.0,Cochabamba,Urbano,0,0,0,0.6406,0.2964,1,0
332-006889-A-0071,2.0,Cochabamba,Urbano,0,0,0,0.6058,0.3737,1,0
332-006889-A-0221,3.0,Cochabamba,Urbano,0,0,0,0.3259,0.2738,0,0
332-006889-A-0281,1.0,Cochabamba,Urbano,0,0,0,0.4441,0.2556,0,0
332-006889-A-0311,3.0,Cochabamba,Urbano,0,0,0,0.3464,0.1556,0,0
332-006889-A-0011,1.0,Cochabamba,Urbano,0,0,0,0.6647,0.2407,1,0
332-006889-A-0131,1.0,Cochabamba,Urbano,0,1,0,0.5554,0.3372,1,0
332-006889-A-0161,1.0,Cochabamba,Urbano,0,0,0,0.3763,0.1445,0,0
332-006889-A-0191,1.0,Cochabamba,Urbano,0,0,0,0.4413,0.2738,0,0
332-006889-A-0251,1.0,Cochabamba,Urbano,0,0,1,0.5993,0.4001,1,0
351-017751-D-0091,1.0,Cochabamba,Rural,0,0,0,0.4271,0.3107,0,0
351-017751-D-0111,1.0,Cochabamba,Rural,0,0,0,0.3056,0.2049,0,0
351-017751-D-0051,1.0,Cochabamba,Rural,0,0,0,0.3144,0.2717,0,0
351-017751-D-0031,1.0,Cochabamba,Rural,0,0,0,0.5887,0.5222,1,1
351-017751-D-0081,1.0,Cochabamba,Rural,0,0,0,0.556,0.5241,1,1
351-017751-D-0021,4.0,Cochabamba,Rural,0,0,0,0.3812,0.1796,0,0
351-017751-D-0131,3.0,Cochabamba,Rural,0,0,0,0.3134,0.1768,0,0
351-017751-D-0011,1.0,Cochabamba,Rural,1,0,0,0.5534,0.3844,1,0
351-017751-D-0061,1.0,Cochabamba,Rural,0,0,1,0.5442,0.3986,1,0
351-017751-D-0041,1.0,Cochabamba,Rural,0,0,1,0.5053,0.3797,1,0
351-017751-D-0101,4.0,Cochabamba,Rural,0,0,0,0.5115,0.4486,1,0
351-017751-D-0121,1.0,Cochabamba,Rural,0,0,1,0.4067,0.3078,0,0
331-012380-A-0121,1.0,Cochabamba,Urbano,0,0,0,0.4401,0.2333,0,0
331-012380-A-0101,1.0,Cochabamba,Urbano,0,0,0,0.5727,0.4397,1,0
331-012380-A-0011,1.0,Cochabamba,Urbano,0,0,0,0.6257,0.4087,1,0
331-012380-A-0031,1.0,Cochabamba,Urbano,0,0,0,0.2782,0.2237,0,0
331-012380-A-0131,1.0,Cochabamba,Urbano,0,0,0,0.6841,0.3147,1,0
331-012380-A-0151,4.0,Cochabamba,Urbano,0,0,0,0.4151,0.2174,0,0
331-012380-A-0201,1.0,Cochabamba,Urbano,0,0,0,0.414,0.1975,0,0
331-012380-A-0051,1.0,Cochabamba,Urbano,0,0,1,0.5188,0.2573,1,0
331-012380-A-0081,1.0,Cochabamba,Urbano,0,0,0,0.6983,0.3925,1,0
331-012380-A-0061,1.0,Cochabamba,Urbano,0,0,1,0.6439,0.3349,1,0
331-012380-A-0171,1.0,Cochabamba,Urbano,1,0,0,0.7494,0.7573,1,1
331-012380-A-0191,3.0,Cochabamba,Urbano,1,0,0,0.3822,0.3961,0,0
353-017906-D-0251,1.0,Cochabamba,Rural,0,0,0,0.7056,0.4244,1,0
353-017906-D-0271,3.0,Cochabamba,Rural,0,0,0,0.3783,0.2504,0,0
353-017906-D-0131,3.0,Cochabamba,Rural,0,0,0,0.3695,0.2188,0,0
353-017906-D-0151,1.0,Cochabamba,Rural,0,0,0,0.2433,0.1264,0,0
353-017906-D-0181,3.0,Cochabamba,Rural,0,0,0,0.4627,0.3929,0,0
353-017906-D-0201,1.0,Cochabamba,Rural,0,0,0,0.7328,0.5907,1,1
353-017906-D-0231,1.0,Cochabamba,Rural,0,0,0,0.7281,0.4322,1,0
353-017906-D-0011,1.0,Cochabamba,Rural,1,1,0,0.4831,0.391,0,0
353-017906-D-0031,1.0,Cochabamba,Rural,0,0,0,0.5644,0.4144,1,0
353-017906-D-0061,1.0,Cochabamba,Rural,0,0,0,0.3898,0.2694,0,0
353-017906-D-0081,3.0,Cochabamba,Rural,0,0,1,0.3896,0.2487,0,0
353-017906-D-0101,1.0,Cochabamba,Rural,1,0,0,0.5409,0.5878,1,1
353-015397-D-0311,1.0,Cochabamba,Rural,1,1,1,0.5169,0.699,1,1
353-015397-D-0371,1.0,Cochabamba,Rural,1,0,1,0.4629,0.6087,0,1
353-015397-D-0421,1.0,Cochabamba,Rural,0,0,1,0.6036,0.5247,1,1
353-015397-D-0261,1.0,Cochabamba,Rural,0,0,0,0.3629,0.2985,0,0
353-015397-D-0041,1.0,Cochabamba,Rural,0,0,0,0.3024,0.1808,0,0
353-015397-D-0091,1.0,Cochabamba,Rural,0,0,0,0.4199,0.4427,0,0
353-015397-D-0151,3.0,Cochabamba,Rural,0,0,0,0.3927,0.2896,0,0
353-015397-D-0201,4.0,Cochabamba,Rural,0,0,1,0.374,0.269,0,0
353-015397-D-0531,3.0,Cochabamba,Rural,0,0,0,0.3812,0.1752,0,0
353-015397-D-0641,1.0,Cochabamba,Rural,1,0,0,0.6526,0.6849,1,1
353-015397-D-0471,1.0,Cochabamba,Rural,0,0,0,0.5728,0.388,1,0
353-015397-D-0581,1.0,Cochabamba,Rural,0,0,0,0.6989,0.3528,1,0
351-015430-D-0201,1.0,Cochabamba,Rural,0,0,0,0.5816,0.3114,1,0
351-015430-D-0191,1.0,Cochabamba,Rural,0,0,0,0.4985,0.2921,0,0
351-015430-D-0151,3.0,Cochabamba,Rural,0,0,0,0.3653,0.1144,0,0
351-015430-D-0171,3.0,Cochabamba,Rural,0,0,0,0.3467,0.2118,0,0
351-015430-D-0121,3.0,Cochabamba,Rural,0,0,0,0.366,0.1999,0,0
351-015430-D-0131,1.0,Cochabamba,Rural,0,0,0,0.4243,0.3714,0,0
351-015430-D-0081,3.0,Cochabamba,Rural,0,0,0,0.4216,0.2727,0,0
351-015430-D-0101,1.0,Cochabamba,Rural,0,1,1,0.4173,0.3163,0,0
351-015430-D-0031,1.0,Cochabamba,Rural,1,1,0,0.5863,0.6592,1,1
351-015430-D-0011,1.0,Cochabamba,Rural,1,0,0,0.6424,0.6367,1,1
351-015430-D-0061,1.0,Cochabamba,Rural,0,0,0,0.3456,0.1645,0,0
351-015430-D-0051,1.0,Cochabamba,Rural,0,0,0,0.2561,0.1835,0,0
344-013119-A-0151,3.0,Cochabamba,Rural,1,1,0,0.3771,0.3963,0,0
344-013119-A-0091,1.0,Cochabamba,Rural,0,0,1,0.2147,0.1731,0,0
344-013119-A-0061,1.0,Cochabamba,Rural,0,0,1,0.2304,0.2484,0,0
344-013119-A-0161,1.0,Cochabamba,Rural,0,0,1,0.2318,0.2115,0,0
344-013119-A-0031,1.0,Cochabamba,Rural,0,0,0,0.2615,0.2163,0,0
344-013119-A-0021,1.0,Cochabamba,Rural,0,0,0,0.5202,0.4797,1,0
344-013119-A-0011,3.0,Cochabamba,Rural,0,0,0,0.5292,0.2501,1,0
344-013119-A-0051,1.0,Cochabamba,Rural,0,0,0,0.4854,0.3237,0,0
344-013119-A-0101,1.0,Cochabamba,Rural,0,0,0,0.5203,0.4415,1,0
344-013119-A-0131,1.0,Cochabamba,Rural,0,1,0,0.4637,0.369,0,0
344-013119-A-0121,1.0,Cochabamba,Rural,0,0,0,0.2341,0.174,0,0
344-013119-A-0081,3.0,Cochabamba,Rural,0,0,0,0.2442,0.2063,0,0
351-015465-D-0061,1.0,Cochabamba,Rural,0,0,0,0.4656,0.2338,0,0
351-015465-D-0021,1.0,Cochabamba,Rural,1,1,1,0.7821,0.513,1,1
351-015465-D-0011,1.0,Cochabamba,Rural,0,0,1,0.4236,0.3914,0,0
351-015465-D-0041,1.0,Cochabamba,Rural,0,0,0,0.4614,0.2083,0,0
351-015465-D-0171,1.0,Cochabamba,Rural,0,0,0,0.5834,0.384,1,0
351-015465-D-0151,1.0,Cochabamba,Rural,0,0,0,0.629,0.5613,1,1
351-015465-D-0181,1.0,Cochabamba,Rural,1,0,0,0.7069,0.6488,1,1
351-015465-D-0131,1.0,Cochabamba,Rural,0,0,0,0.6262,0.4878,1,0
351-015465-D-0121,2.0,Cochabamba,Rural,0,0,0,0.7857,0.3606,1,0
351-015465-D-0091,1.0,Cochabamba,Rural,0,0,0,0.8011,0.3987,1,0
351-015465-D-0101,1.0,Cochabamba,Rural,0,0,0,0.6484,0.4057,1,0
351-015465-D-0071,1.0,Cochabamba,Rural,0,0,0,0.766,0.511,1,1
343-015468-D-0111,2.0,Cochabamba,Rural,1,0,0,0.481,0.4443,0,0
343-015468-D-0311,1.0,Cochabamba,Rural,0,0,1,0.4121,0.2419,0,0
343-015468-D-0241,2.0,Cochabamba,Rural,0,0,0,0.2606,0.1754,0,0
343-015468-D-0181,1.0,Cochabamba,Rural,0,0,0,0.4752,0.362,0,0
343-015468-D-0591,1.0,Cochabamba,Rural,1,0,0,0.5163,0.5646,1,1
343-015468-D-0721,1.0,Cochabamba,Rural,0,1,0,0.4982,0.3783,0,0
343-015468-D-0791,1.0,Cochabamba,Rural,0,1,1,0.578,0.4152,1,0
343-015468-D-0651,1.0,Cochabamba,Rural,0,0,0,0.7099,0.4173,1,0
343-015468-D-0521,3.0,Cochabamba,Rural,0,0,0,0.4625,0.2629,0,0
343-015468-D-0451,1.0,Cochabamba,Rural,0,1,0,0.554,0.312,1,0
343-015468-D-0381,1.0,Cochabamba,Rural,1,1,0,0.4183,0.4977,0,0
343-015468-D-0041,1.0,Cochabamba,Rural,0,0,0,0.3762,0.2239,0,0
344-013086-A-0241,3.0,Cochabamba,Rural,0,0,1,0.3157,0.1585,0,0
344-013086-A-0201,2.0,Cochabamba,Rural,0,0,1,0.3246,0.2267,0,0
344-013086-A-0451,3.0,Cochabamba,Rural,0,0,0,0.5199,0.3178,1,0
344-013086-A-0491,3.0,Cochabamba,Rural,0,0,1,0.4009,0.237,0,0
344-013086-A-0031,4.0,Cochabamba,Rural,0,0,1,0.2619,0.1597,0,0
344-013086-A-0071,1.0,Cochabamba,Rural,0,0,1,0.5361,0.4492,1,0
344-013086-A-0121,2.0,Cochabamba,Rural,0,0,1,0.5061,0.4051,1,0
344-013086-A-0161,1.0,Cochabamba,Rural,0,0,1,0.3034,0.2409,0,0
344-013086-A-0281,1.0,Cochabamba,Rural,0,1,1,0.3366,0.2699,0,0
344-013086-A-0321,1.0,Cochabamba,Rural,0,0,0,0.3446,0.2134,0,0
344-013086-A-0411,3.0,Cochabamba,Rural,0,0,1,0.289,0.2381,0,0
344-013086-A-0371,1.0,Cochabamba,Rural,0,0,1,0.3114,0.1488,0,0
351-015674-D-0081,1.0,Cochabamba,Rural,1,0,1,0.4656,0.4718,0,0
351-015674-D-0101,1.0,Cochabamba,Rural,1,1,1,0.6064,0.5664,1,1
351-015674-D-0091,1.0,Cochabamba,Rural,1,0,1,0.5216,0.6018,1,1
351-015674-D-0111,1.0,Cochabamba,Rural,0,0,1,0.5753,0.4287,1,0
351-015674-D-0011,1.0,Cochabamba,Rural,0,0,0,0.4991,0.3352,0,0
351-015674-D-0021,1.0,Cochabamba,Rural,0,0,0,0.4872,0.3614,0,0
351-015674-D-0031,1.0,Cochabamba,Rural,0,0,0,0.3902,0.2113,0,0
351-015674-D-0041,3.0,Cochabamba,Rural,1,1,1,0.551,0.577,1,1
351-015674-D-0061,1.0,Cochabamba,Rural,0,0,1,0.4768,0.2465,0,0
351-015674-D-0121,1.0,Cochabamba,Rural,0,1,1,0.6774,0.5619,1,1
351-015674-D-0051,1.0,Cochabamba,Rural,0,0,1,0.4472,0.2755,0,0
351-015674-D-0071,1.0,Cochabamba,Rural,0,0,1,0.3732,0.2994,0,0
343-013265-A-0111,1.0,Cochabamba,Rural,1,1,1,0.3699,0.2697,0,0
343-013265-A-0091,3.0,Cochabamba,Rural,0,0,0,0.2294,0.1666,0,0
343-013265-A-0121,1.0,Cochabamba,Rural,1,0,1,0.431,0.5819,0,1
343-013265-A-0101,1.0,Cochabamba,Rural,0,0,0,0.3545,0.2753,0,0
343-013265-A-0081,1.0,Cochabamba,Rural,0,0,0,0.4919,0.3961,0,0
343-013265-A-0061,1.0,Cochabamba,Rural,0,0,0,0.2998,0.219,0,0
343-013265-A-0071,3.0,Cochabamba,Rural,0,0,0,0.3897,0.2634,0,0
343-013265-A-0051,3.0,Cochabamba,Rural,0,0,0,0.237,0.1585,0,0
343-013265-A-0021,1.0,Cochabamba,Rural,0,0,1,0.4522,0.2755,0,0
343-013265-A-0041,1.0,Cochabamba,Rural,0,0,1,0.3417,0.298,0,0
343-013265-A-0031,1.0,Cochabamba,Rural,0,1,1,0.2574,0.2165,0,0
343-013265-A-0011,1.0,Cochabamba,Rural,0,0,0,0.2442,0.275,0,0
351-015606-D-0081,4.0,Cochabamba,Rural,1,1,1,0.5508,0.6528,1,1
351-015606-D-0131,1.0,Cochabamba,Rural,1,1,1,0.7683,0.6671,1,1
351-015606-D-0111,1.0,Cochabamba,Rural,0,1,1,0.667,0.5089,1,1
351-015606-D-0091,1.0,Cochabamba,Rural,0,0,1,0.5613,0.3248,1,0
351-015606-D-0011,1.0,Cochabamba,Rural,0,0,0,0.4569,0.3744,0,0
351-015606-D-0031,3.0,Cochabamba,Rural,0,0,0,0.3466,0.2061,0,0
351-015606-D-0061,3.0,Cochabamba,Rural,0,0,0,0.3324,0.2214,0,0
351-015606-D-0041,1.0,Cochabamba,Rural,0,0,0,0.2728,0.149,0,0
351-015606-D-0161,1.0,Cochabamba,Rural,1,0,0,0.446,0.4639,0,0
351-015606-D-0141,1.0,Cochabamba,Rural,0,0,1,0.719,0.3838,1,0
351-015606-D-0181,2.0,Cochabamba,Rural,1,0,1,0.8059,0.7695,1,1
351-015606-D-0191,1.0,Cochabamba,Rural,1,0,1,0.6906,0.5723,1,1
344-016866-D-0311,1.0,Cochabamba,Rural,0,0,0,0.4607,0.3437,0,0
344-016866-D-0511,1.0,Cochabamba,Rural,0,0,0,0.3916,0.1582,0,0
344-016866-D-0381,1.0,Cochabamba,Rural,0,0,0,0.6177,0.3216,1,0
344-016866-D-0441,1.0,Cochabamba,Rural,0,0,0,0.5097,0.2948,1,0
344-016866-D-0571,1.0,Cochabamba,Rural,0,1,1,0.5906,0.2597,1,0
344-016866-D-0641,1.0,Cochabamba,Rural,0,0,0,0.4023,0.2687,0,0
344-016866-D-0701,1.0,Cochabamba,Rural,0,0,0,0.3984,0.2482,0,0
344-016866-D-0771,1.0,Cochabamba,Rural,0,1,0,0.5208,0.2794,1,0
344-016866-D-0251,1.0,Cochabamba,Rural,0,0,0,0.3292,0.2507,0,0
344-016866-D-0181,1.0,Cochabamba,Rural,0,0,0,0.5966,0.4298,1,0
344-016866-D-0051,1.0,Cochabamba,Rural,0,0,0,0.5765,0.2599,1,0
344-016866-D-0121,1.0,Cochabamba,Rural,0,0,0,0.6562,0.4426,1,0
353-016863-D-0031,1.0,Cochabamba,Rural,0,0,0,0.5197,0.3046,1,0
353-016863-D-0061,1.0,Cochabamba,Rural,0,0,0,0.5695,0.4226,1,0
353-016863-D-0011,2.0,Cochabamba,Rural,0,0,0,0.6243,0.4481,1,0
353-016863-D-0051,3.0,Cochabamba,Rural,0,0,0,0.6002,0.5131,1,1
353-016863-D-0081,1.0,Cochabamba,Rural,0,0,0,0.5627,0.3321,1,0
353-016863-D-0101,1.0,Cochabamba,Rural,0,1,0,0.5827,0.3214,1,0
353-016863-D-0121,1.0,Cochabamba,Rural,0,0,0,0.5007,0.347,1,0
353-016863-D-0141,1.0,Cochabamba,Rural,0,1,0,0.5354,0.3647,1,0
353-016863-D-0191,1.0,Cochabamba,Rural,0,0,1,0.5517,0.3555,1,0
353-016863-D-0211,1.0,Cochabamba,Rural,0,0,0,0.6061,0.3846,1,0
353-016863-D-0161,1.0,Cochabamba,Rural,0,0,0,0.4415,0.3125,0,0
353-016863-D-0171,3.0,Cochabamba,Rural,0,0,0,0.4132,0.3438,0,0
351-016857-D-0091,1.0,Cochabamba,Rural,0,0,0,0.6374,0.5665,1,1
351-016857-D-0101,1.0,Cochabamba,Rural,0,0,0,0.5518,0.3264,1,0
351-016857-D-0111,1.0,Cochabamba,Rural,0,0,0,0.5918,0.4062,1,0
351-016857-D-0121,1.0,Cochabamba,Rural,0,0,0,0.6747,0.4742,1,0
351-016857-D-0021,1.0,Cochabamba,Rural,0,1,0,0.4575,0.3329,0,0
351-016857-D-0031,1.0,Cochabamba,Rural,1,0,0,0.7162,0.6774,1,1
351-016857-D-0041,1.0,Cochabamba,Rural,1,1,0,0.5015,0.3027,1,0
351-016857-D-0011,1.0,Cochabamba,Rural,1,0,0,0.7502,0.6217,1,1
351-016857-D-0051,1.0,Cochabamba,Rural,0,0,0,0.4204,0.2623,0,0
351-016857-D-0061,2.0,Cochabamba,Rural,0,0,1,0.4475,0.2249,0,0
351-016857-D-0071,1.0,Cochabamba,Rural,0,0,1,0.4723,0.3358,0,0
351-016857-D-0081,1.0,Cochabamba,Rural,0,0,0,0.6581,0.3758,1,0
354-014539-D-0221,1.0,Cochabamba,Rural,0,0,0,0.34,0.2036,0,0
354-014539-D-0191,1.0,Cochabamba,Rural,0,0,0,0.4398,0.39,0,0
354-014539-D-0261,4.0,Cochabamba,Rural,0,0,0,0.4151,0.3369,0,0
354-014539-D-0301,1.0,Cochabamba,Rural,0,0,0,0.3957,0.249,0,0
354-014539-D-0341,3.0,Cochabamba,Rural,0,0,0,0.5237,0.3385,1,0
354-014539-D-0381,1.0,Cochabamba,Rural,0,0,0,0.6422,0.3598,1,0
354-014539-D-0421,3.0,Cochabamba,Rural,1,0,0,0.5131,0.6063,1,1
354-014539-D-0451,1.0,Cochabamba,Rural,0,1,0,0.4653,0.3392,0,0
354-014539-D-0031,1.0,Cochabamba,Rural,0,0,1,0.4076,0.2921,0,0
354-014539-D-0071,1.0,Cochabamba,Rural,0,0,0,0.512,0.3883,1,0
354-014539-D-0111,2.0,Cochabamba,Rural,0,0,1,0.3111,0.3077,0,0
354-014539-D-0151,2.0,Cochabamba,Rural,0,0,0,0.5428,0.4274,1,0
344-014453-D-0011,1.0,Cochabamba,Rural,0,0,0,0.7674,0.6413,1,1
344-014453-D-0041,4.0,Cochabamba,Rural,0,0,0,0.4705,0.3921,0,0
344-014453-D-0061,1.0,Cochabamba,Rural,0,0,0,0.4546,0.3338,0,0
344-014453-D-0091,1.0,Cochabamba,Rural,0,0,0,0.5121,0.2603,1,0
344-014453-D-0111,3.0,Cochabamba,Rural,0,1,0,0.4247,0.2745,0,0
344-014453-D-0141,1.0,Cochabamba,Rural,1,1,0,0.4344,0.3158,0,0
344-014453-D-0161,3.0,Cochabamba,Rural,0,0,0,0.4121,0.3018,0,0
344-014453-D-0191,1.0,Cochabamba,Rural,1,0,0,0.5377,0.5931,1,1
344-014453-D-0211,1.0,Cochabamba,Rural,0,0,1,0.5519,0.3979,1,0
344-014453-D-0241,1.0,Cochabamba,Rural,0,0,1,0.3862,0.3076,0,0
344-014453-D-0261,1.0,Cochabamba,Rural,0,0,1,0.6349,0.4101,1,0
344-014453-D-0291,2.0,Cochabamba,Rural,1,0,0,0.6109,0.6414,1,1
334-006737-A-0091,1.0,Cochabamba,Urbano,0,0,0,0.5202,0.2771,1,0
334-006737-A-0111,1.0,Cochabamba,Urbano,0,0,0,0.5605,0.2509,1,0
334-006737-A-0131,2.0,Cochabamba,Urbano,0,0,0,0.5959,0.3157,1,0
334-006737-A-0151,1.0,Cochabamba,Urbano,0,0,0,0.4976,0.2949,0,0
334-006737-A-0191,1.0,Cochabamba,Urbano,0,0,0,0.6093,0.3203,1,0
334-006737-A-0211,3.0,Cochabamba,Urbano,0,1,0,0.4534,0.2621,0,0
334-006737-A-0221,1.0,Cochabamba,Urbano,0,1,0,0.2963,0.1647,0,0
334-006737-A-0171,1.0,Cochabamba,Urbano,1,0,0,0.4103,0.361,0,0
334-006737-A-0011,1.0,Cochabamba,Urbano,0,0,0,0.6054,0.4922,1,0
334-006737-A-0031,1.0,Cochabamba,Urbano,0,0,1,0.4881,0.2998,0,0
334-006737-A-0051,3.0,Cochabamba,Urbano,0,0,0,0.4966,0.2285,0,0
334-006737-A-0071,1.0,Cochabamba,Urbano,0,0,1,0.6067,0.386,1,0
351-017513-D-0011,2.0,Cochabamba,Rural,0,0,0,0.5764,0.4739,1,0
351-017513-D-0031,1.0,Cochabamba,Rural,0,0,0,0.6439,0.5289,1,1
351-017513-D-0061,1.0,Cochabamba,Rural,0,0,0,0.6396,0.4502,1,0
351-017513-D-0091,1.0,Cochabamba,Rural,0,0,0,0.5911,0.447,1,0
351-017513-D-0231,3.0,Cochabamba,Rural,0,0,0,0.3769,0.4017,0,0
351-017513-D-0261,1.0,Cochabamba,Rural,0,1,0,0.6075,0.5182,1,1
351-017513-D-0291,1.0,Cochabamba,Rural,0,0,0,0.4769,0.3164,0,0
351-017513-D-0321,3.0,Cochabamba,Rural,1,1,0,0.5167,0.6786,1,1
351-017513-D-0121,1.0,Cochabamba,Rural,0,0,0,0.7582,0.5895,1,1
351-017513-D-0151,1.0,Cochabamba,Rural,0,0,0,0.6547,0.3989,1,0
351-017513-D-0181,1.0,Cochabamba,Rural,0,0,0,0.5914,0.4685,1,0
351-017513-D-0201,1.0,Cochabamba,Rural,0,0,1,0.7598,0.4703,1,0
343-012956-A-0051,1.0,Cochabamba,Rural,0,0,0,0.6033,0.3555,1,0
343-012956-A-0061,1.0,Cochabamba,Rural,0,0,0,0.6452,0.4673,1,0
343-012956-A-0081,1.0,Cochabamba,Rural,0,0,0,0.5862,0.4094,1,0
343-012956-A-0091,1.0,Cochabamba,Rural,0,0,0,0.6454,0.4894,1,0
343-012956-A-0011,1.0,Cochabamba,Rural,1,1,0,0.6915,0.6522,1,1
343-012956-A-0021,1.0,Cochabamba,Rural,0,0,0,0.5217,0.3794,1,0
343-012956-A-0031,1.0,Cochabamba,Rural,1,1,1,0.6405,0.6831,1,1
343-012956-A-0041,1.0,Cochabamba,Rural,1,0,0,0.504,0.2853,1,0
343-012956-A-0101,1.0,Cochabamba,Rural,0,0,0,0.7415,0.5485,1,1
343-012956-A-0111,1.0,Cochabamba,Rural,0,0,0,0.6795,0.427,1,0
343-012956-A-0121,2.0,Cochabamba,Rural,0,0,1,0.5918,0.2906,1,0
343-012956-A-0131,1.0,Cochabamba,Rural,0,0,0,0.3961,0.243,0,0
341-015167-D-0151,3.0,Cochabamba,Rural,0,0,0,0.5675,0.3893,1,0
341-015167-D-0201,1.0,Cochabamba,Rural,0,0,0,0.6328,0.3676,1,0
341-015167-D-0251,1.0,Cochabamba,Rural,0,0,0,0.6495,0.5195,1,1
341-015167-D-0271,1.0,Cochabamba,Rural,0,0,0,0.4946,0.2808,0,0
341-015167-D-0101,1.0,Cochabamba,Rural,1,0,0,0.4999,0.3378,0,0
341-015167-D-0131,1.0,Cochabamba,Rural,0,1,1,0.7431,0.2644,1,0
341-015167-D-0231,1.0,Cochabamba,Rural,0,0,0,0.5155,0.3469,1,0
341-015167-D-0181,1.0,Cochabamba,Rural,0,1,0,0.3874,0.2818,0,0
341-015167-D-0011,1.0,Cochabamba,Rural,0,0,1,0.7316,0.6172,1,1
341-015167-D-0031,1.0,Cochabamba,Rural,0,0,1,0.7528,0.5122,1,1
341-015167-D-0061,1.0,Cochabamba,Rural,0,0,1,0.6074,0.3687,1,0
341-015167-D-0081,1.0,Cochabamba,Rural,0,0,1,0.63,0.4684,1,0
412-001050-A-0051,1.0,Oruro,Urbano,0,0,1,0.6539,0.3894,1,0
412-001050-A-0081,1.0,Oruro,Urbano,0,0,1,0.5542,0.2716,1,0
412-001050-A-0071,5.0,Oruro,Urbano,0,0,0,0.468,0.2157,0,0
412-001050-A-0121,1.0,Oruro,Urbano,0,0,1,0.6393,0.2805,1,0
412-001050-A-0091,5.0,Oruro,Urbano,0,1,1,0.4888,0.2319,0,0
412-001050-A-0111,1.0,Oruro,Urbano,0,0,1,0.4309,0.2248,0,0
412-001050-A-0101,1.0,Oruro,Urbano,0,0,1,0.408,0.2736,0,0
412-001050-A-0011,1.0,Oruro,Urbano,0,0,1,0.6406,0.4121,1,0
412-001050-A-0021,2.0,Oruro,Urbano,0,0,1,0.5856,0.4078,1,0
412-001050-A-0031,4.0,Oruro,Urbano,0,0,1,0.612,0.2796,1,0
413-002288-A-0121,3.0,Oruro,Urbano,0,0,1,0.5203,0.3052,1,0
413-002288-A-0071,1.0,Oruro,Urbano,0,0,1,0.6052,0.4268,1,0
413-002288-A-0091,2.0,Oruro,Urbano,0,0,1,0.6465,0.3599,1,0
413-002288-A-0181,1.0,Oruro,Urbano,0,0,1,0.421,0.2016,0,0
413-002288-A-0131,1.0,Oruro,Urbano,0,1,1,0.4624,0.2948,0,0
413-002288-A-0171,3.0,Oruro,Urbano,0,0,1,0.3922,0.2503,0,0
413-002288-A-0151,3.0,Oruro,Urbano,0,1,1,0.4878,0.2668,0,0
413-002288-A-0011,1.0,Oruro,Urbano,0,0,1,0.6245,0.4538,1,0
413-002288-A-0021,1.0,Oruro,Urbano,0,0,1,0.6676,0.5026,1,1
413-002288-A-0041,1.0,Oruro,Urbano,0,0,1,0.5907,0.3186,1,0
413-002288-A-0061,1.0,Oruro,Urbano,0,0,1,0.46,0.2987,0,0
411-000278-A-0121,1.0,Oruro,Urbano,0,0,1,0.7717,0.4335,1,0
411-000278-A-0141,1.0,Oruro,Urbano,0,0,1,0.5786,0.3397,1,0
411-000278-A-0161,3.0,Oruro,Urbano,0,0,1,0.5354,0.3417,1,0
411-000278-A-0101,3.0,Oruro,Urbano,0,0,1,0.3827,0.2881,0,0
411-000278-A-0181,3.0,Oruro,Urbano,0,0,1,0.5679,0.3621,1,0
411-000278-A-0221,1.0,Oruro,Urbano,0,0,1,0.7917,0.4459,1,0
411-000278-A-0241,1.0,Oruro,Urbano,1,0,1,0.5759,0.5125,1,1
411-000278-A-0201,1.0,Oruro,Urbano,0,0,1,0.4067,0.3518,0,0
411-000278-A-0011,1.0,Oruro,Urbano,0,0,1,0.7779,0.5653,1,1
411-000278-A-0041,3.0,Oruro,Urbano,0,0,1,0.353,0.3386,0,0
411-000278-A-0081,3.0,Oruro,Urbano,0,0,1,0.6742,0.351,1,0
411-000278-A-0061,1.0,Oruro,Urbano,0,0,1,0.7102,0.3671,1,0
414-003426-A-0141,4.0,Oruro,Urbano,0,0,1,0.4892,0.2925,0,0
414-003426-A-0121,1.0,Oruro,Urbano,0,0,1,0.5604,0.2841,1,0
414-003426-A-0081,1.0,Oruro,Urbano,0,0,1,0.3994,0.2114,0,0
414-003426-A-0101,1.0,Oruro,Urbano,0,0,1,0.5218,0.2925,1,0
414-003426-A-0211,1.0,Oruro,Urbano,0,0,1,0.2824,0.197,0,0
414-003426-A-0191,1.0,Oruro,Urbano,0,0,1,0.7346,0.4737,1,0
414-003426-A-0161,1.0,Oruro,Urbano,0,0,1,0.4186,0.22,0,0
414-003426-A-0171,1.0,Oruro,Urbano,0,0,1,0.6742,0.4258,1,0
414-003426-A-0011,1.0,Oruro,Urbano,0,1,1,0.5858,0.393,1,0
414-003426-A-0061,1.0,Oruro,Urbano,0,1,1,0.5796,0.302,1,0
414-003426-A-0051,1.0,Oruro,Urbano,0,0,1,0.7069,0.4946,1,0
414-003426-A-0031,1.0,Oruro,Urbano,0,0,1,0.5227,0.3281,1,0
412-000440-A-0071,1.0,Oruro,Urbano,0,0,0,0.5818,0.3139,1,0
412-000440-A-0061,5.0,Oruro,Urbano,1,0,0,0.7258,0.6225,1,1
412-000440-A-0081,1.0,Oruro,Urbano,1,0,1,0.7152,0.6148,1,1
412-000440-A-0051,1.0,Oruro,Urbano,1,0,1,0.6523,0.6176,1,1
412-000440-A-0111,3.0,Oruro,Urbano,0,0,1,0.4665,0.2264,0,0
412-000440-A-0101,3.0,Oruro,Urbano,1,0,0,0.4201,0.228,0,0
412-000440-A-0091,3.0,Oruro,Urbano,0,0,1,0.4873,0.315,0,0
412-000440-A-0121,1.0,Oruro,Urbano,0,0,1,0.4011,0.1776,0,0
412-000440-A-0011,1.0,Oruro,Urbano,0,0,1,0.6068,0.2391,1,0
412-000440-A-0031,1.0,Oruro,Urbano,0,0,0,0.5961,0.2657,1,0
412-000440-A-0041,3.0,Oruro,Urbano,0,0,1,0.4463,0.2979,0,0
412-000947-A-0071,4.0,Oruro,Urbano,0,0,1,0.5626,0.3857,1,0
412-000947-A-0091,2.0,Oruro,Urbano,1,1,1,0.6424,0.4591,1,0
412-000947-A-0111,1.0,Oruro,Urbano,0,0,1,0.4055,0.2055,0,0
412-000947-A-0101,1.0,Oruro,Urbano,0,0,1,0.7389,0.4545,1,0
412-000947-A-0121,1.0,Oruro,Urbano,1,0,1,0.4621,0.439,0,0
412-000947-A-0021,1.0,Oruro,Urbano,0,1,1,0.7413,0.4623,1,0
412-000947-A-0041,1.0,Oruro,Urbano,0,1,1,0.7478,0.4978,1,0
412-000947-A-0031,2.0,Oruro,Urbano,0,1,1,0.6934,0.3496,1,0
411-000098-A-0061,3.0,Oruro,Urbano,0,0,1,0.5977,0.3293,1,0
411-000098-A-0081,3.0,Oruro,Urbano,0,0,1,0.4933,0.2969,0,0
411-000098-A-0091,1.0,Oruro,Urbano,0,0,1,0.5166,0.3173,1,0
411-000098-A-0071,1.0,Oruro,Urbano,0,0,1,0.6425,0.4044,1,0
411-000098-A-0121,3.0,Oruro,Urbano,0,1,1,0.5803,0.3179,1,0
411-000098-A-0131,3.0,Oruro,Urbano,0,0,1,0.4115,0.3268,0,0
411-000098-A-0141,3.0,Oruro,Urbano,0,0,1,0.4461,0.2581,0,0
411-000098-A-0111,4.0,Oruro,Urbano,0,0,1,0.6935,0.4493,1,0
411-000098-A-0041,2.0,Oruro,Urbano,0,0,1,0.7196,0.3278,1,0
411-000098-A-0031,4.0,Oruro,Urbano,0,0,1,0.6066,0.2656,1,0
411-000098-A-0011,2.0,Oruro,Urbano,0,0,1,0.4853,0.2373,0,0
411-000098-A-0021,1.0,Oruro,Urbano,0,0,1,0.4342,0.2388,0,0
413-001647-A-0011,1.0,Oruro,Urbano,0,0,1,0.3772,0.2617,0,0
413-001647-A-0061,4.0,Oruro,Urbano,0,0,1,0.4294,0.2518,0,0
413-001647-A-0041,1.0,Oruro,Urbano,0,0,0,0.4758,0.3833,0,0
413-001647-A-0091,1.0,Oruro,Urbano,0,0,1,0.4206,0.3367,0,0
413-001647-A-0191,1.0,Oruro,Urbano,0,0,1,0.4386,0.2954,0,0
413-001647-A-0161,1.0,Oruro,Urbano,0,0,0,0.47,0.3117,0,0
413-001647-A-0141,1.0,Oruro,Urbano,0,0,1,0.5109,0.2548,1,0
413-001647-A-0111,1.0,Oruro,Urbano,0,0,1,0.434,0.3189,0,0
413-001647-A-0211,1.0,Oruro,Urbano,0,0,0,0.4495,0.2548,0,0
413-001647-A-0241,1.0,Oruro,Urbano,0,0,0,0.3555,0.1837,0,0
413-001647-A-0261,1.0,Oruro,Urbano,0,0,1,0.3473,0.1574,0,0
413-001647-A-0291,3.0,Oruro,Urbano,0,0,1,0.4381,0.2212,0,0
414-002825-A-0021,1.0,Oruro,Urbano,0,0,0,0.4309,0.3977,0,0
414-002825-A-0061,3.0,Oruro,Urbano,0,0,1,0.4116,0.4098,0,0
414-002825-A-0101,3.0,Oruro,Urbano,0,0,1,0.3892,0.2372,0,0
414-002825-A-0141,2.0,Oruro,Urbano,0,0,0,0.3671,0.2902,0,0
414-002825-A-0171,1.0,Oruro,Urbano,0,0,1,0.5799,0.3095,1,0
414-002825-A-0211,1.0,Oruro,Urbano,0,0,1,0.3415,0.1678,0,0
414-002825-A-0251,2.0,Oruro,Urbano,0,0,0,0.346,0.2587,0,0
414-002825-A-0291,1.0,Oruro,Urbano,0,0,1,0.3678,0.2641,0,0
414-002825-A-0321,1.0,Oruro,Urbano,0,0,1,0.4185,0.278,0,0
414-002825-A-0361,1.0,Oruro,Urbano,0,1,1,0.5704,0.3724,1,0
414-002825-A-0401,4.0,Oruro,Urbano,0,0,1,0.4449,0.2993,0,0
414-002825-A-0441,1.0,Oruro,Urbano,0,0,1,0.3157,0.2026,0,0
413-001714-A-0011,1.0,Oruro,Urbano,0,0,0,0.5794,0.2766,1,0
413-001714-A-0031,1.0,Oruro,Urbano,0,1,1,0.4404,0.2809,0,0
413-001714-A-0051,1.0,Oruro,Urbano,0,0,1,0.4199,0.3387,0,0
413-001714-A-0071,1.0,Oruro,Urbano,0,0,1,0.5219,0.3866,1,0
413-001714-A-0121,4.0,Oruro,Urbano,0,0,1,0.384,0.2382,0,0
413-001714-A-0141,1.0,Oruro,Urbano,0,0,1,0.3365,0.211,0,0
413-001714-A-0161,2.0,Oruro,Urbano,0,0,1,0.5779,0.2968,1,0
413-001714-A-0201,3.0,Oruro,Urbano,0,1,1,0.4271,0.3059,0,0
413-001714-A-0221,3.0,Oruro,Urbano,0,0,1,0.3783,0.223,0,0
413-001714-A-0251,1.0,Oruro,Urbano,0,1,1,0.3779,0.2886,0,0
412-000623-A-0011,1.0,Oruro,Urbano,0,0,1,0.434,0.2698,0,0
412-000623-A-0021,1.0,Oruro,Urbano,0,0,1,0.4503,0.269,0,0
412-000623-A-0031,1.0,Oruro,Urbano,0,0,1,0.5284,0.3211,1,0
412-000623-A-0041,1.0,Oruro,Urbano,0,0,1,0.4623,0.284,0,0
412-000623-A-0071,2.0,Oruro,Urbano,0,0,1,0.5009,0.3101,1,0
412-000623-A-0051,1.0,Oruro,Urbano,0,0,1,0.6192,0.386,1,0
412-000623-A-0061,3.0,Oruro,Urbano,0,0,1,0.4864,0.2896,0,0
412-000623-A-0081,2.0,Oruro,Urbano,0,0,1,0.6489,0.3652,1,0
412-000623-A-0101,1.0,Oruro,Urbano,0,0,1,0.374,0.2299,0,0
412-000623-A-0121,1.0,Oruro,Urbano,0,1,1,0.4195,0.262,0,0
413-001421-A-0011,3.0,Oruro,Urbano,0,0,1,0.4145,0.2767,0,0
413-001421-A-0031,1.0,Oruro,Urbano,0,0,1,0.5697,0.4203,1,0
413-001421-A-0021,3.0,Oruro,Urbano,0,0,1,0.4291,0.2091,0,0
413-001421-A-0041,4.0,Oruro,Urbano,0,0,1,0.4521,0.2093,0,0
413-001421-A-0091,1.0,Oruro,Urbano,0,0,1,0.6928,0.3612,1,0
413-001421-A-0081,2.0,Oruro,Urbano,0,0,1,0.4267,0.3187,0,0
413-001421-A-0061,3.0,Oruro,Urbano,0,0,1,0.37,0.3292,0,0
413-001421-A-0051,1.0,Oruro,Urbano,0,0,0,0.4017,0.348,0,0
413-001421-A-0121,1.0,Oruro,Urbano,0,0,1,0.6412,0.3606,1,0
413-001421-A-0111,1.0,Oruro,Urbano,0,0,1,0.6271,0.4478,1,0
413-001421-A-0131,1.0,Oruro,Urbano,0,0,1,0.4341,0.2982,0,0
413-001421-A-0101,1.0,Oruro,Urbano,0,0,1,0.5466,0.3867,1,0
413-001503-A-0011,1.0,Oruro,Urbano,0,0,1,0.4796,0.3659,0,0
413-001503-A-0051,1.0,Oruro,Urbano,1,0,1,0.4409,0.4678,0,0
413-001503-A-0101,1.0,Oruro,Urbano,0,0,1,0.3849,0.3226,0,0
413-001503-A-0141,1.0,Oruro,Urbano,1,0,0,0.6676,0.6334,1,1
413-001503-A-0181,1.0,Oruro,Urbano,0,0,1,0.6465,0.4083,1,0
413-001503-A-0231,1.0,Oruro,Urbano,0,0,1,0.4842,0.2815,0,0
413-001503-A-0271,1.0,Oruro,Urbano,0,0,0,0.3397,0.1587,0,0
413-001503-A-0311,2.0,Oruro,Urbano,0,1,1,0.4831,0.2629,0,0
413-001503-A-0491,1.0,Oruro,Urbano,0,1,1,0.4496,0.3086,0,0
413-001503-A-0361,1.0,Oruro,Urbano,0,1,1,0.6341,0.3513,1,0
413-001503-A-0401,3.0,Oruro,Urbano,0,0,1,0.3403,0.2102,0,0
413-001503-A-0441,1.0,Oruro,Urbano,0,1,1,0.5748,0.2606,1,0
414-002740-A-0011,1.0,Oruro,Urbano,0,0,0,0.4333,0.4006,0,0
414-002740-A-0081,4.0,Oruro,Urbano,0,0,0,0.3672,0.3602,0,0
414-002740-A-0031,1.0,Oruro,Urbano,0,0,0,0.4907,0.3463,0,0
414-002740-A-0061,3.0,Oruro,Urbano,0,0,0,0.3764,0.3282,0,0
414-002740-A-0101,1.0,Oruro,Urbano,0,0,1,0.338,0.2783,0,0
414-002740-A-0131,4.0,Oruro,Urbano,0,0,1,0.4581,0.2461,0,0
414-002740-A-0151,2.0,Oruro,Urbano,0,0,1,0.3873,0.2038,0,0
414-002740-A-0181,3.0,Oruro,Urbano,0,0,1,0.4425,0.2546,0,0
414-002740-A-0201,4.0,Oruro,Urbano,0,0,1,0.4126,0.256,0,0
414-002740-A-0231,1.0,Oruro,Urbano,0,0,1,0.3578,0.1859,0,0
414-002740-A-0251,1.0,Oruro,Urbano,0,0,1,0.384,0.2463,0,0
414-002740-A-0271,1.0,Oruro,Urbano,0,1,1,0.5972,0.3572,1,0
413-001577-A-0011,1.0,Oruro,Urbano,0,0,0,0.5233,0.2955,1,0
413-001577-A-0021,1.0,Oruro,Urbano,0,0,0,0.4774,0.2202,0,0
413-001577-A-0031,2.0,Oruro,Urbano,0,0,0,0.6073,0.3208,1,0
413-001577-A-0041,5.0,Oruro,Urbano,0,0,0,0.4908,0.3088,0,0
413-001577-A-0051,5.0,Oruro,Urbano,0,0,1,0.517,0.3086,1,0
413-001577-A-0061,1.0,Oruro,Urbano,1,0,1,0.431,0.6039,0,1
413-001577-A-0091,3.0,Oruro,Urbano,0,0,1,0.4904,0.2429,0,0
413-001577-A-0081,1.0,Oruro,Urbano,0,0,1,0.723,0.5177,1,1
413-001577-A-0121,1.0,Oruro,Urbano,0,1,1,0.4012,0.307,0,0
413-001577-A-0131,1.0,Oruro,Urbano,0,0,1,0.6226,0.2751,1,0
413-001577-A-0101,4.0,Oruro,Urbano,0,0,1,0.4147,0.2835,0,0
413-001577-A-0111,3.0,Oruro,Urbano,0,0,1,0.3455,0.2196,0,0
413-002497-A-0011,3.0,Oruro,Urbano,0,0,0,0.3091,0.2637,0,0
413-002497-A-0031,1.0,Oruro,Urbano,0,0,0,0.4625,0.197,0,0
413-002497-A-0051,1.0,Oruro,Urbano,0,1,0,0.3587,0.1723,0,0
413-002497-A-0061,1.0,Oruro,Urbano,0,0,0,0.3433,0.2458,0,0
413-002497-A-0161,3.0,Oruro,Urbano,0,0,0,0.3593,0.2043,0,0
413-002497-A-0191,1.0,Oruro,Urbano,0,0,0,0.3429,0.2057,0,0
413-002497-A-0211,1.0,Oruro,Urbano,1,0,0,0.7564,0.4795,1,0
413-002497-A-0141,1.0,Oruro,Urbano,0,0,1,0.3942,0.1577,0,0
413-002497-A-0081,4.0,Oruro,Urbano,0,0,1,0.3762,0.2342,0,0
413-002497-A-0101,1.0,Oruro,Urbano,0,0,1,0.5566,0.3292,1,0
413-002497-A-0121,1.0,Oruro,Urbano,0,0,1,0.4269,0.161,0,0
414-003223-A-0011,1.0,Oruro,Urbano,0,0,0,0.4851,0.2713,0,0
414-003223-A-0031,2.0,Oruro,Urbano,0,0,0,0.6084,0.3,1,0
414-003223-A-0051,3.0,Oruro,Urbano,0,0,1,0.4166,0.2868,0,0
414-003223-A-0061,3.0,Oruro,Urbano,0,0,0,0.5299,0.2689,1,0
414-003223-A-0151,1.0,Oruro,Urbano,1,1,0,0.5037,0.5916,1,1
414-003223-A-0171,1.0,Oruro,Urbano,0,0,0,0.3559,0.222,0,0
414-003223-A-0191,2.0,Oruro,Urbano,0,0,0,0.4723,0.3583,0,0
414-003223-A-0201,1.0,Oruro,Urbano,0,0,0,0.38,0.2651,0,0
414-003223-A-0081,1.0,Oruro,Urbano,0,0,0,0.3875,0.2445,0,0
414-003223-A-0101,1.0,Oruro,Urbano,0,0,0,0.3191,0.2249,0,0
414-003223-A-0131,1.0,Oruro,Urbano,0,0,0,0.4248,0.253,0,0
414-003223-A-0121,1.0,Oruro,Urbano,0,0,0,0.4396,0.3247,0,0
413-001964-A-0011,1.0,Oruro,Urbano,0,0,0,0.3152,0.2118,0,0
413-001964-A-0041,1.0,Oruro,Urbano,1,0,0,0.4379,0.3938,0,0
413-001964-A-0071,1.0,Oruro,Urbano,0,0,0,0.4369,0.3054,0,0
413-001964-A-0101,1.0,Oruro,Urbano,0,0,0,0.4616,0.3744,0,0
413-001964-A-0251,3.0,Oruro,Urbano,0,0,0,0.3398,0.2087,0,0
413-001964-A-0281,2.0,Oruro,Urbano,0,1,1,0.5467,0.3291,1,0
413-001964-A-0311,1.0,Oruro,Urbano,0,1,1,0.6054,0.3172,1,0
413-001964-A-0341,3.0,Oruro,Urbano,0,0,0,0.3729,0.2891,0,0
413-001964-A-0191,1.0,Oruro,Urbano,0,0,0,0.4106,0.2065,0,0
413-001964-A-0221,3.0,Oruro,Urbano,0,1,0,0.3244,0.1946,0,0
413-001964-A-0131,3.0,Oruro,Urbano,0,0,0,0.3971,0.2283,0,0
413-001964-A-0161,3.0,Oruro,Urbano,0,0,0,0.3258,0.1889,0,0
413-001789-A-0011,3.0,Oruro,Urbano,0,0,1,0.4192,0.2509,0,0
413-001789-A-0021,1.0,Oruro,Urbano,0,0,1,0.3792,0.2335,0,0
413-001789-A-0031,1.0,Oruro,Urbano,0,0,0,0.6871,0.397,1,0
413-001789-A-0041,1.0,Oruro,Urbano,0,0,0,0.3961,0.2009,0,0
413-001789-A-0101,2.0,Oruro,Urbano,1,1,0,0.5346,0.5602,1,1
413-001789-A-0111,3.0,Oruro,Urbano,0,0,0,0.3829,0.2234,0,0
413-001789-A-0121,4.0,Oruro,Urbano,1,1,0,0.4751,0.4342,0,0
413-001789-A-0131,3.0,Oruro,Urbano,0,0,0,0.3654,0.2929,0,0
413-001789-A-0081,1.0,Oruro,Urbano,0,0,1,0.4925,0.4337,0,0
413-001789-A-0051,1.0,Oruro,Urbano,0,0,1,0.5777,0.4465,1,0
413-001789-A-0061,4.0,Oruro,Urbano,0,0,1,0.4276,0.2751,0,0
413-001789-A-0091,3.0,Oruro,Urbano,0,0,1,0.3652,0.207,0,0
412-001220-A-0011,3.0,Oruro,Urbano,0,0,1,0.4903,0.2462,0,0
412-001220-A-0041,4.0,Oruro,Urbano,0,1,1,0.3376,0.2444,0,0
412-001220-A-0081,1.0,Oruro,Urbano,0,0,0,0.6074,0.3945,1,0
412-001220-A-0111,1.0,Oruro,Urbano,0,1,1,0.3971,0.3214,0,0
412-001220-A-0291,4.0,Oruro,Urbano,0,1,0,0.4307,0.2283,0,0
412-001220-A-0331,4.0,Oruro,Urbano,0,1,1,0.3716,0.2294,0,0
412-001220-A-0361,2.0,Oruro,Urbano,0,0,0,0.545,0.2225,1,0
412-001220-A-0401,1.0,Oruro,Urbano,0,0,1,0.4022,0.3463,0,0
412-001220-A-0151,1.0,Oruro,Urbano,0,0,1,0.5547,0.3487,1,0
412-001220-A-0181,1.0,Oruro,Urbano,0,0,1,0.3465,0.2673,0,0
412-001220-A-0221,1.0,Oruro,Urbano,0,0,1,0.602,0.5007,1,1
412-001220-A-0261,1.0,Oruro,Urbano,0,0,0,0.5804,0.4111,1,0
412-000860-A-0051,1.0,Oruro,Urbano,0,0,1,0.4638,0.2951,0,0
412-000860-A-0031,3.0,Oruro,Urbano,0,0,0,0.4645,0.2509,0,0
412-000860-A-0071,1.0,Oruro,Urbano,0,1,0,0.6131,0.3063,1,0
412-000860-A-0171,1.0,Oruro,Urbano,0,0,0,0.665,0.5305,1,1
412-000860-A-0191,1.0,Oruro,Urbano,0,0,0,0.4487,0.2439,0,0
412-000860-A-0211,1.0,Oruro,Urbano,0,0,1,0.4936,0.2302,0,0
412-000860-A-0231,1.0,Oruro,Urbano,0,0,1,0.479,0.2972,0,0
412-000860-A-0091,1.0,Oruro,Urbano,0,0,0,0.5407,0.3555,1,0
412-000860-A-0131,1.0,Oruro,Urbano,0,0,1,0.7197,0.5483,1,1
412-000860-A-0151,1.0,Oruro,Urbano,0,0,0,0.3903,0.2802,0,0
412-000860-A-0111,1.0,Oruro,Urbano,0,0,0,0.337,0.3285,0,0
413-002605-A-0011,1.0,Oruro,Urbano,0,0,0,0.463,0.2759,0,0
413-002605-A-0021,1.0,Oruro,Urbano,0,0,0,0.5087,0.2785,1,0
413-002605-A-0031,1.0,Oruro,Urbano,0,0,1,0.4474,0.2886,0,0
413-002605-A-0041,1.0,Oruro,Urbano,0,0,1,0.5561,0.2083,1,0
413-002605-A-0091,2.0,Oruro,Urbano,1,0,1,0.4793,0.5212,0,1
413-002605-A-0101,3.0,Oruro,Urbano,0,0,0,0.3321,0.1923,0,0
413-002605-A-0111,1.0,Oruro,Urbano,0,0,1,0.375,0.2761,0,0
413-002605-A-0121,1.0,Oruro,Urbano,0,0,1,0.4092,0.3303,0,0
413-002605-A-0081,1.0,Oruro,Urbano,0,0,0,0.5243,0.268,1,0
413-002605-A-0051,1.0,Oruro,Urbano,0,0,1,0.6328,0.3999,1,0
413-002605-A-0061,1.0,Oruro,Urbano,0,0,0,0.4859,0.4046,0,0
413-002605-A-0071,1.0,Oruro,Urbano,0,0,0,0.3861,0.2076,0,0
411-000372-A-0011,3.0,Oruro,Urbano,0,1,0,0.4241,0.2978,0,0
411-000372-A-0051,1.0,Oruro,Urbano,0,1,1,0.6463,0.3206,1,0
411-000372-A-0101,3.0,Oruro,Urbano,0,1,1,0.4749,0.2807,0,0
411-000372-A-0141,1.0,Oruro,Urbano,0,0,1,0.6235,0.3717,1,0
411-000372-A-0441,2.0,Oruro,Urbano,0,0,1,0.4124,0.1966,0,0
411-000372-A-0491,2.0,Oruro,Urbano,1,0,1,0.6264,0.372,1,0
411-000372-A-0361,4.0,Oruro,Urbano,0,0,1,0.5605,0.3015,1,0
411-000372-A-0401,3.0,Oruro,Urbano,0,1,1,0.632,0.2951,1,0
411-000372-A-0231,1.0,Oruro,Urbano,0,0,1,0.8055,0.634,1,1
411-000372-A-0181,3.0,Oruro,Urbano,0,0,0,0.4448,0.2776,0,0
411-000372-A-0271,1.0,Oruro,Urbano,0,0,0,0.6315,0.4171,1,0
411-000372-A-0311,1.0,Oruro,Urbano,0,0,0,0.5489,0.2822,1,0
414-002969-A-0011,1.0,Oruro,Urbano,1,1,1,0.5339,0.5675,1,1
414-002969-A-0021,1.0,Oruro,Urbano,0,0,1,0.3334,0.2977,0,0
414-002969-A-0171,1.0,Oruro,Urbano,1,1,0,0.3769,0.4514,0,0
414-002969-A-0181,1.0,Oruro,Urbano,0,0,1,0.4363,0.3158,0,0
414-002969-A-0151,1.0,Oruro,Urbano,1,0,0,0.4848,0.4302,0,0
414-002969-A-0101,1.0,Oruro,Urbano,0,0,0,0.4713,0.4534,0,0
414-002969-A-0131,1.0,Oruro,Urbano,0,0,0,0.4378,0.3278,0,0
414-002969-A-0121,3.0,Oruro,Urbano,0,0,0,0.3371,0.2215,0,0
414-002969-A-0071,1.0,Oruro,Urbano,0,1,1,0.4595,0.3528,0,0
414-002969-A-0091,3.0,Oruro,Urbano,0,0,0,0.3874,0.2917,0,0
414-002969-A-0061,2.0,Oruro,Urbano,0,0,0,0.6133,0.3756,1,0
414-002969-A-0041,1.0,Oruro,Urbano,0,0,0,0.3668,0.2299,0,0
414-003059-A-0051,1.0,Oruro,Urbano,1,0,1,0.4961,0.584,0,1
414-003059-A-0081,1.0,Oruro,Urbano,0,0,1,0.468,0.406,0,0
414-003059-A-0111,1.0,Oruro,Urbano,0,0,1,0.3485,0.2288,0,0
414-003059-A-0371,1.0,Oruro,Urbano,0,0,0,0.4322,0.3796,0,0
414-003059-A-0271,1.0,Oruro,Urbano,0,0,1,0.5265,0.3336,1,0
414-003059-A-0311,3.0,Oruro,Urbano,0,0,0,0.3598,0.2865,0,0
414-003059-A-0341,2.0,Oruro,Urbano,0,0,1,0.5637,0.4115,1,0
414-003059-A-0141,1.0,Oruro,Urbano,0,0,0,0.5333,0.4128,1,0
414-003059-A-0241,2.0,Oruro,Urbano,0,1,1,0.3363,0.2087,0,0
414-003139-A-0071,1.0,Oruro,Urbano,1,0,1,0.5796,0.5377,1,1
414-003139-A-0041,1.0,Oruro,Urbano,1,1,1,0.4518,0.4527,0,0
414-003139-A-0011,1.0,Oruro,Urbano,0,0,0,0.3304,0.2137,0,0
414-003139-A-0101,3.0,Oruro,Urbano,1,0,1,0.4115,0.4218,0,0
414-003139-A-0281,1.0,Oruro,Urbano,0,0,0,0.517,0.2611,1,0
414-003139-A-0251,3.0,Oruro,Urbano,0,0,0,0.4884,0.2542,0,0
414-003139-A-0341,1.0,Oruro,Urbano,0,0,1,0.4545,0.3573,0,0
414-003139-A-0311,3.0,Oruro,Urbano,0,0,0,0.4156,0.2876,0,0
414-003139-A-0161,1.0,Oruro,Urbano,1,1,0,0.5021,0.2432,1,0
414-003139-A-0221,1.0,Oruro,Urbano,1,1,0,0.3644,0.5327,0,1
413-001878-A-0011,2.0,Oruro,Urbano,1,0,1,0.5736,0.5673,1,1
413-001878-A-0051,1.0,Oruro,Urbano,0,0,1,0.5668,0.3302,1,0
413-001878-A-0081,2.0,Oruro,Urbano,0,1,1,0.4335,0.2178,0,0
413-001878-A-0111,1.0,Oruro,Urbano,0,0,1,0.3508,0.1534,0,0
413-001878-A-0271,4.0,Oruro,Urbano,0,0,1,0.4553,0.2454,0,0
413-001878-A-0371,3.0,Oruro,Urbano,0,0,0,0.4395,0.2136,0,0
413-001878-A-0311,1.0,Oruro,Urbano,0,0,0,0.523,0.3325,1,0
413-001878-A-0341,3.0,Oruro,Urbano,0,0,0,0.4796,0.1724,0,0
413-001878-A-0241,2.0,Oruro,Urbano,0,0,1,0.5601,0.2536,1,0
413-001878-A-0211,1.0,Oruro,Urbano,1,1,0,0.4671,0.2531,0,0
413-001878-A-0181,1.0,Oruro,Urbano,0,0,0,0.5039,0.368,1,0
413-001878-A-0141,2.0,Oruro,Urbano,0,0,0,0.7122,0.4428,1,0
414-002893-A-0061,1.0,Oruro,Urbano,0,0,0,0.4892,0.4979,0,0
414-002893-A-0011,1.0,Oruro,Urbano,0,0,1,0.7255,0.4684,1,0
414-002893-A-0041,1.0,Oruro,Urbano,1,0,1,0.5734,0.3535,1,0
414-002893-A-0031,3.0,Oruro,Urbano,1,0,1,0.4865,0.3753,0,0
414-002893-A-0161,1.0,Oruro,Urbano,0,1,1,0.4147,0.3232,0,0
414-002893-A-0181,1.0,Oruro,Urbano,1,0,0,0.6231,0.4253,1,0
414-002893-A-0141,1.0,Oruro,Urbano,0,0,1,0.5806,0.3335,1,0
414-002893-A-0191,1.0,Oruro,Urbano,0,0,1,0.6455,0.4205,1,0
414-002893-A-0081,3.0,Oruro,Urbano,0,0,0,0.4212,0.218,0,0
414-002893-A-0111,1.0,Oruro,Urbano,0,0,0,0.6306,0.4079,1,0
414-002893-A-0091,2.0,Oruro,Urbano,0,0,0,0.3743,0.2224,0,0
413-002391-A-0021,4.0,Oruro,Urbano,0,0,0,0.3753,0.2169,0,0
413-002391-A-0041,2.0,Oruro,Urbano,1,0,0,0.5658,0.4656,1,0
413-002391-A-0051,1.0,Oruro,Urbano,0,0,0,0.3472,0.2112,0,0
413-002391-A-0161,5.0,Oruro,Urbano,0,0,0,0.3766,0.2381,0,0
413-002391-A-0141,1.0,Oruro,Urbano,0,0,0,0.8169,0.6049,1,1
413-002391-A-0131,4.0,Oruro,Urbano,0,0,1,0.4604,0.259,0,0
413-002391-A-0171,4.0,Oruro,Urbano,1,0,1,0.4729,0.4378,0,0
413-002391-A-0081,2.0,Oruro,Urbano,0,0,0,0.4866,0.382,0,0
413-002391-A-0071,1.0,Oruro,Urbano,0,0,0,0.6243,0.2545,1,0
412-001137-A-0031,1.0,Oruro,Urbano,0,0,0,0.5215,0.4111,1,0
412-001137-A-0051,2.0,Oruro,Urbano,0,0,0,0.39,0.2209,0,0
412-001137-A-0071,1.0,Oruro,Urbano,0,0,0,0.4764,0.2919,0,0
412-001137-A-0221,2.0,Oruro,Urbano,0,0,1,0.525,0.2224,1,0
412-001137-A-0191,3.0,Oruro,Urbano,0,0,0,0.4273,0.2235,0,0
412-001137-A-0211,1.0,Oruro,Urbano,0,0,1,0.4344,0.3702,0,0
412-001137-A-0171,4.0,Oruro,Urbano,0,0,1,0.4736,0.3242,0,0
412-001137-A-0131,2.0,Oruro,Urbano,0,0,0,0.5289,0.4522,1,0
412-001137-A-0091,1.0,Oruro,Urbano,1,0,0,0.4034,0.495,0,0
412-001137-A-0151,1.0,Oruro,Urbano,0,0,0,0.3988,0.2194,0,0
412-000703-A-0011,1.0,Oruro,Urbano,1,0,1,0.7653,0.6331,1,1
412-000703-A-0031,1.0,Oruro,Urbano,1,0,0,0.4072,0.3763,0,0
412-000703-A-0051,2.0,Oruro,Urbano,1,0,0,0.6332,0.5214,1,1
412-000703-A-0061,2.0,Oruro,Urbano,0,0,0,0.4203,0.3444,0,0
412-000703-A-0161,1.0,Oruro,Urbano,0,0,0,0.5831,0.3077,1,0
412-000703-A-0191,1.0,Oruro,Urbano,0,1,0,0.5227,0.2645,1,0
412-000703-A-0211,1.0,Oruro,Urbano,0,0,0,0.4904,0.3329,0,0
412-000703-A-0171,1.0,Oruro,Urbano,0,0,0,0.5694,0.1953,1,0
412-000703-A-0081,1.0,Oruro,Urbano,0,0,0,0.4861,0.4167,0,0
414-003547-A-0101,1.0,Oruro,Urbano,1,0,0,0.5465,0.6055,1,1
414-003547-A-0121,2.0,Oruro,Urbano,0,0,0,0.4619,0.2056,0,0
414-003547-A-0171,1.0,Oruro,Urbano,0,0,0,0.4149,0.2755,0,0
414-003547-A-0141,1.0,Oruro,Urbano,1,0,0,0.4651,0.2931,0,0
414-003547-A-0011,3.0,Oruro,Urbano,0,0,0,0.3364,0.2498,0,0
414-003547-A-0051,1.0,Oruro,Urbano,0,0,0,0.4871,0.3309,0,0
414-003547-A-0081,1.0,Oruro,Urbano,0,0,0,0.4891,0.3834,0,0
414-003547-A-0031,1.0,Oruro,Urbano,0,0,0,0.4132,0.3807,0,0
414-003547-A-0211,1.0,Oruro,Urbano,0,0,1,0.3397,0.194,0,0
414-003547-A-0231,1.0,Oruro,Urbano,0,0,0,0.3132,0.252,0,0
414-003547-A-0191,1.0,Oruro,Urbano,0,0,0,0.347,0.1846,0,0
414-003547-A-0261,2.0,Oruro,Urbano,0,0,0,0.3259,0.2303,0,0
412-000786-A-0011,3.0,Oruro,Urbano,1,1,0,0.4233,0.4542,0,0
412-000786-A-0031,1.0,Oruro,Urbano,1,0,0,0.6558,0.6517,1,1
412-000786-A-0051,1.0,Oruro,Urbano,0,1,0,0.3475,0.2287,0,0
412-000786-A-0081,2.0,Oruro,Urbano,0,0,0,0.516,0.3098,1,0
412-000786-A-0221,1.0,Oruro,Urbano,0,0,1,0.3505,0.2719,0,0
412-000786-A-0241,1.0,Oruro,Urbano,0,0,1,0.4067,0.3063,0,0
412-000786-A-0261,3.0,Oruro,Urbano,0,0,1,0.3662,0.2703,0,0
412-000786-A-0191,3.0,Oruro,Urbano,0,0,1,0.4035,0.2632,0,0
412-000786-A-0101,3.0,Oruro,Urbano,0,0,0,0.4,0.3183,0,0
412-000786-A-0151,1.0,Oruro,Urbano,0,0,1,0.3767,0.2188,0,0
412-000786-A-0121,2.0,Oruro,Urbano,0,0,1,0.3971,0.3042,0,0
412-000786-A-0171,1.0,Oruro,Urbano,0,1,1,0.336,0.1687,0,0
414-003309-A-0101,1.0,Oruro,Urbano,0,1,0,0.4435,0.3436,0,0
414-003309-A-0081,1.0,Oruro,Urbano,1,0,1,0.6643,0.4701,1,0
414-003309-A-0111,1.0,Oruro,Urbano,1,0,0,0.5793,0.3113,1,0
414-003309-A-0071,1.0,Oruro,Urbano,0,0,0,0.4892,0.4051,0,0
414-003309-A-0131,1.0,Oruro,Urbano,0,0,0,0.5249,0.3236,1,0
414-003309-A-0141,1.0,Oruro,Urbano,0,0,0,0.3882,0.301,0,0
414-003309-A-0161,2.0,Oruro,Urbano,0,0,0,0.3558,0.3585,0,0
414-003309-A-0171,1.0,Oruro,Urbano,0,0,0,0.37,0.2422,0,0
414-003309-A-0011,1.0,Oruro,Urbano,0,0,0,0.4498,0.3012,0,0
414-003309-A-0021,1.0,Oruro,Urbano,0,0,0,0.3271,0.141,0,0
414-003309-A-0041,1.0,Oruro,Urbano,0,0,0,0.2963,0.212,0,0
414-003309-A-0051,1.0,Oruro,Urbano,0,0,0,0.429,0.3904,0,0
413-002030-A-0161,1.0,Oruro,Urbano,0,1,0,0.3648,0.1751,0,0
413-002030-A-0171,1.0,Oruro,Urbano,0,0,0,0.4977,0.3452,0,0
413-002030-A-0131,1.0,Oruro,Urbano,0,1,1,0.4607,0.403,0,0
413-002030-A-0141,1.0,Oruro,Urbano,0,0,0,0.4479,0.2937,0,0
413-002030-A-0011,1.0,Oruro,Urbano,0,0,0,0.3951,0.3711,0,0
413-002030-A-0081,1.0,Oruro,Urbano,0,0,0,0.3817,0.3789,0,0
413-002030-A-0101,1.0,Oruro,Urbano,0,0,0,0.5458,0.2978,1,0
413-002030-A-0111,1.0,Oruro,Urbano,0,0,0,0.3283,0.1982,0,0
413-002030-A-0021,3.0,Oruro,Urbano,0,0,0,0.3638,0.2464,0,0
413-002030-A-0041,1.0,Oruro,Urbano,0,0,0,0.3531,0.2141,0,0
413-002030-A-0051,1.0,Oruro,Urbano,0,0,1,0.3788,0.3283,0,0
413-002030-A-0071,1.0,Oruro,Urbano,1,0,1,0.4896,0.3838,0,0
413-002100-A-0101,3.0,Oruro,Urbano,0,0,0,0.378,0.2718,0,0
413-002100-A-0071,1.0,Oruro,Urbano,1,0,1,0.5153,0.4797,1,0
413-002100-A-0091,3.0,Oruro,Urbano,0,0,0,0.3692,0.2074,0,0
413-002100-A-0121,1.0,Oruro,Urbano,1,0,0,0.5579,0.5578,1,1
413-002100-A-0131,3.0,Oruro,Urbano,0,0,1,0.465,0.1967,0,0
413-002100-A-0151,1.0,Oruro,Urbano,0,0,1,0.4206,0.2242,0,0
413-002100-A-0171,1.0,Oruro,Urbano,0,0,0,0.42,0.2591,0,0
413-002100-A-0181,1.0,Oruro,Urbano,1,0,0,0.7535,0.6395,1,1
413-002100-A-0011,1.0,Oruro,Urbano,0,0,1,0.3716,0.2127,0,0
413-002100-A-0021,1.0,Oruro,Urbano,0,0,1,0.3831,0.2571,0,0
413-002100-A-0041,1.0,Oruro,Urbano,0,0,0,0.3258,0.2469,0,0
413-002100-A-0061,1.0,Oruro,Urbano,0,0,1,0.3413,0.1897,0,0
412-001281-A-0021,1.0,Oruro,Urbano,1,1,1,0.5015,0.5282,1,1
412-001281-A-0071,1.0,Oruro,Urbano,1,0,1,0.5837,0.6642,1,1
412-001281-A-0041,1.0,Oruro,Urbano,0,0,1,0.3273,0.1953,0,0
412-001281-A-0101,1.0,Oruro,Urbano,1,0,0,0.69,0.6435,1,1
412-001281-A-0201,3.0,Oruro,Urbano,0,0,1,0.4482,0.2603,0,0
412-001281-A-0171,1.0,Oruro,Urbano,0,1,0,0.4238,0.2327,0,0
412-001281-A-0151,3.0,Oruro,Urbano,0,0,1,0.4533,0.2923,0,0
412-001281-A-0121,3.0,Oruro,Urbano,0,0,0,0.3947,0.232,0,0
412-001281-A-0221,1.0,Oruro,Urbano,0,0,1,0.7085,0.5008,1,1
412-001281-A-0281,1.0,Oruro,Urbano,0,0,0,0.495,0.3063,0,0
412-001281-A-0301,1.0,Oruro,Urbano,0,0,1,0.6219,0.4549,1,0
412-001281-A-0251,3.0,Oruro,Urbano,0,0,1,0.4192,0.2987,0,0
413-002180-A-0131,1.0,Oruro,Urbano,0,0,0,0.5128,0.303,1,0
413-002180-A-0111,1.0,Oruro,Urbano,0,1,0,0.3918,0.2143,0,0
413-002180-A-0091,1.0,Oruro,Urbano,1,0,0,0.5245,0.5682,1,1
413-002180-A-0081,1.0,Oruro,Urbano,0,1,0,0.3746,0.2355,0,0
413-002180-A-0011,3.0,Oruro,Urbano,0,0,1,0.4843,0.3636,0,0
413-002180-A-0061,1.0,Oruro,Urbano,0,0,0,0.4701,0.3769,0,0
413-002180-A-0031,1.0,Oruro,Urbano,0,0,1,0.4714,0.3151,0,0
413-002180-A-0041,3.0,Oruro,Urbano,0,0,0,0.4274,0.2968,0,0
413-002180-A-0141,3.0,Oruro,Urbano,0,0,0,0.3559,0.2428,0,0
413-002180-A-0161,3.0,Oruro,Urbano,0,0,0,0.3715,0.2104,0,0
413-002180-A-0191,2.0,Oruro,Urbano,0,0,0,0.3581,0.2128,0,0
411-000185-A-0011,1.0,Oruro,Urbano,1,0,0,0.7576,0.6183,1,1
411-000185-A-0041,1.0,Oruro,Urbano,1,1,0,0.6963,0.5407,1,1
411-000185-A-0051,1.0,Oruro,Urbano,1,1,0,0.5758,0.5446,1,1
411-000185-A-0021,1.0,Oruro,Urbano,1,0,1,0.6739,0.548,1,1
411-000185-A-0071,1.0,Oruro,Urbano,0,0,0,0.6058,0.2534,1,0
411-000185-A-0111,1.0,Oruro,Urbano,0,0,0,0.7379,0.5401,1,1
411-000185-A-0101,1.0,Oruro,Urbano,0,0,0,0.6755,0.5829,1,1
411-000185-A-0081,3.0,Oruro,Urbano,0,0,0,0.4659,0.2968,0,0
411-000185-A-0141,1.0,Oruro,Urbano,0,0,1,0.3799,0.196,0,0
411-000185-A-0161,1.0,Oruro,Urbano,1,1,0,0.6413,0.5745,1,1
411-000185-A-0171,3.0,Oruro,Urbano,0,0,0,0.4482,0.3082,0,0
411-000185-A-0131,1.0,Oruro,Urbano,1,0,1,0.519,0.5341,1,1
443-004829-A-0051,1.0,Oruro,Rural,0,0,0,0.5208,0.4236,1,0
443-004829-A-0061,1.0,Oruro,Rural,0,0,0,0.4308,0.3853,0,0
443-004829-A-0081,1.0,Oruro,Rural,0,0,0,0.3115,0.2672,0,0
443-004829-A-0071,1.0,Oruro,Rural,0,0,0,0.4528,0.3841,0,0
443-004829-A-0091,1.0,Oruro,Rural,0,0,1,0.4071,0.2908,0,0
443-004829-A-0101,1.0,Oruro,Rural,0,0,0,0.6835,0.2898,1,0
443-004829-A-0111,1.0,Oruro,Rural,0,0,0,0.4101,0.2492,0,0
443-004829-A-0121,1.0,Oruro,Rural,0,0,0,0.4322,0.3516,0,0
443-004829-A-0011,1.0,Oruro,Rural,0,0,0,0.3754,0.2474,0,0
443-004829-A-0021,1.0,Oruro,Rural,1,0,0,0.6269,0.6069,1,1
443-004829-A-0031,1.0,Oruro,Rural,0,0,0,0.3773,0.2216,0,0
443-004829-A-0041,1.0,Oruro,Rural,0,0,0,0.5752,0.4879,1,0
443-004761-A-0011,1.0,Oruro,Rural,0,0,0,0.2795,0.2513,0,0
443-004761-A-0021,1.0,Oruro,Rural,0,0,0,0.2007,0.1444,0,0
443-004761-A-0031,1.0,Oruro,Rural,1,0,0,0.2063,0.1799,0,0
443-004761-A-0041,1.0,Oruro,Rural,0,0,0,0.3363,0.2334,0,0
443-004761-A-0101,1.0,Oruro,Rural,0,0,1,0.6848,0.3459,1,0
443-004761-A-0111,1.0,Oruro,Rural,0,0,1,0.4117,0.2737,0,0
443-004761-A-0121,1.0,Oruro,Rural,0,0,0,0.5417,0.3507,1,0
443-004761-A-0131,3.0,Oruro,Rural,0,0,1,0.2534,0.1917,0,0
443-004761-A-0051,1.0,Oruro,Rural,0,0,0,0.5963,0.5785,1,1
443-004761-A-0061,1.0,Oruro,Rural,0,0,0,0.2326,0.1524,0,0
443-004761-A-0081,4.0,Oruro,Rural,0,0,0,0.435,0.2155,0,0
443-004761-A-0091,1.0,Oruro,Rural,0,0,0,0.492,0.4034,0,0
444-004785-A-0011,1.0,Oruro,Rural,0,0,0,0.4929,0.2484,0,0
444-004785-A-0021,1.0,Oruro,Rural,1,0,0,0.5319,0.4181,1,0
444-004785-A-0031,1.0,Oruro,Rural,0,0,0,0.516,0.3706,1,0
444-004785-A-0041,1.0,Oruro,Rural,0,0,0,0.3594,0.2382,0,0
444-004785-A-0091,1.0,Oruro,Rural,0,0,1,0.6148,0.4818,1,0
444-004785-A-0101,1.0,Oruro,Rural,0,0,0,0.5215,0.4079,1,0
444-004785-A-0111,1.0,Oruro,Rural,0,0,0,0.273,0.2356,0,0
444-004785-A-0121,1.0,Oruro,Rural,0,0,0,0.674,0.3448,1,0
444-004785-A-0051,3.0,Oruro,Rural,0,0,0,0.411,0.2031,0,0
444-004785-A-0061,1.0,Oruro,Rural,1,1,0,0.6639,0.7061,1,1
444-004785-A-0071,2.0,Oruro,Rural,1,0,0,0.5358,0.6172,1,1
444-004785-A-0081,1.0,Oruro,Rural,1,0,0,0.5384,0.4605,1,0
441-007186-D-0051,1.0,Oruro,Rural,0,0,0,0.5431,0.334,1,0
441-007186-D-0061,3.0,Oruro,Rural,0,0,0,0.4566,0.2182,0,0
441-007186-D-0081,1.0,Oruro,Rural,0,0,0,0.5734,0.3194,1,0
441-007186-D-0091,1.0,Oruro,Rural,0,0,0,0.4272,0.178,0,0
441-007186-D-0121,1.0,Oruro,Rural,0,0,1,0.4182,0.225,0,0
441-007186-D-0131,1.0,Oruro,Rural,1,0,0,0.4321,0.266,0,0
441-007186-D-0101,1.0,Oruro,Rural,0,0,0,0.3426,0.125,0,0
441-007186-D-0111,3.0,Oruro,Rural,0,0,0,0.5185,0.3759,1,0
441-007186-D-0011,5.0,Oruro,Rural,1,0,0,0.5223,0.6888,1,1
441-007186-D-0021,1.0,Oruro,Rural,0,0,0,0.5611,0.372,1,0
441-007186-D-0031,1.0,Oruro,Rural,0,0,0,0.6651,0.4976,1,0
441-007186-D-0041,3.0,Oruro,Rural,0,0,0,0.6201,0.4649,1,0
452-007168-D-0061,1.0,Oruro,Rural,0,0,0,0.5233,0.284,1,0
452-007168-D-0051,1.0,Oruro,Rural,0,0,0,0.5896,0.2633,1,0
452-007168-D-0071,1.0,Oruro,Rural,0,0,0,0.5841,0.4842,1,0
452-007168-D-0081,1.0,Oruro,Rural,0,0,0,0.546,0.2263,1,0
452-007168-D-0011,1.0,Oruro,Rural,0,0,0,0.5621,0.2813,1,0
452-007168-D-0021,1.0,Oruro,Rural,0,0,1,0.5382,0.4593,1,0
452-007168-D-0031,1.0,Oruro,Rural,0,0,0,0.535,0.352,1,0
452-007168-D-0041,1.0,Oruro,Rural,0,0,1,0.4645,0.3762,0,0
452-007168-D-0091,3.0,Oruro,Rural,1,1,0,0.5251,0.3501,1,0
452-007168-D-0101,1.0,Oruro,Rural,1,0,0,0.5912,0.6569,1,1
452-007168-D-0111,1.0,Oruro,Rural,0,0,0,0.6176,0.4406,1,0
452-007168-D-0121,1.0,Oruro,Rural,0,0,0,0.6023,0.3934,1,0
451-007162-D-0101,1.0,Oruro,Rural,1,0,0,0.6384,0.6538,1,1
451-007162-D-0111,1.0,Oruro,Rural,0,0,0,0.5247,0.2358,1,0
451-007162-D-0121,1.0,Oruro,Rural,0,0,0,0.61,0.4527,1,0
451-007162-D-0131,1.0,Oruro,Rural,0,0,0,0.3222,0.221,0,0
451-007162-D-0011,1.0,Oruro,Rural,0,0,1,0.5717,0.3103,1,0
451-007162-D-0021,1.0,Oruro,Rural,0,0,1,0.6294,0.3873,1,0
451-007162-D-0031,1.0,Oruro,Rural,0,0,0,0.6246,0.265,1,0
451-007162-D-0041,1.0,Oruro,Rural,0,0,1,0.5995,0.3556,1,0
451-007162-D-0051,2.0,Oruro,Rural,1,0,0,0.6757,0.5826,1,1
451-007162-D-0061,1.0,Oruro,Rural,0,0,0,0.6838,0.5531,1,1
451-007162-D-0081,1.0,Oruro,Rural,0,0,0,0.6781,0.5115,1,1
451-007162-D-0091,1.0,Oruro,Rural,0,0,0,0.5181,0.3384,1,0
441-006427-D-0091,1.0,Oruro,Rural,0,0,0,0.6519,0.418,1,0
441-006427-D-0101,1.0,Oruro,Rural,1,0,0,0.6108,0.574,1,1
441-006427-D-0111,1.0,Oruro,Rural,0,0,0,0.4709,0.1829,0,0
441-006427-D-0121,1.0,Oruro,Rural,0,0,0,0.4082,0.2357,0,0
441-006427-D-0011,1.0,Oruro,Rural,0,0,0,0.2578,0.1261,0,0
441-006427-D-0021,1.0,Oruro,Rural,0,0,1,0.5679,0.3402,1,0
441-006427-D-0031,1.0,Oruro,Rural,0,0,0,0.7331,0.4318,1,0
441-006427-D-0041,1.0,Oruro,Rural,0,0,0,0.5747,0.4354,1,0
441-006427-D-0051,1.0,Oruro,Rural,1,0,0,0.5868,0.4626,1,0
441-006427-D-0061,1.0,Oruro,Rural,0,0,0,0.6601,0.4171,1,0
441-006427-D-0071,1.0,Oruro,Rural,1,0,0,0.5733,0.5412,1,1
441-006427-D-0081,1.0,Oruro,Rural,0,1,1,0.6879,0.4138,1,0
451-006025-D-0141,1.0,Oruro,Rural,0,0,0,0.3861,0.2368,0,0
451-006025-D-0111,1.0,Oruro,Rural,0,0,0,0.4687,0.4051,0,0
451-006025-D-0121,1.0,Oruro,Rural,0,0,0,0.6567,0.5091,1,1
451-006025-D-0131,1.0,Oruro,Rural,0,0,0,0.5154,0.3013,1,0
451-006025-D-0011,1.0,Oruro,Rural,0,0,0,0.715,0.4146,1,0
451-006025-D-0021,2.0,Oruro,Rural,0,0,1,0.7324,0.4981,1,0
451-006025-D-0041,1.0,Oruro,Rural,1,0,0,0.5532,0.5354,1,1
451-006025-D-0091,1.0,Oruro,Rural,1,0,0,0.5984,0.6359,1,1
451-006025-D-0061,1.0,Oruro,Rural,0,0,0,0.7457,0.3777,1,0
451-006025-D-0071,1.0,Oruro,Rural,1,1,0,0.6456,0.4613,1,0
451-006025-D-0081,1.0,Oruro,Rural,1,0,0,0.5736,0.5862,1,1
444-004845-A-0011,1.0,Oruro,Rural,0,0,0,0.2953,0.1628,0,0
444-004845-A-0021,1.0,Oruro,Rural,0,0,0,0.4633,0.2822,0,0
444-004845-A-0031,1.0,Oruro,Rural,0,0,0,0.5454,0.4214,1,0
444-004845-A-0041,1.0,Oruro,Rural,0,0,0,0.3416,0.2342,0,0
444-004845-A-0101,1.0,Oruro,Rural,0,0,0,0.5492,0.3055,1,0
444-004845-A-0111,1.0,Oruro,Rural,0,0,0,0.5074,0.2861,1,0
444-004845-A-0121,1.0,Oruro,Rural,0,0,1,0.5374,0.3232,1,0
444-004845-A-0051,1.0,Oruro,Rural,0,1,1,0.5441,0.3687,1,0
444-004845-A-0061,1.0,Oruro,Rural,1,0,1,0.6633,0.6947,1,1
444-004845-A-0081,1.0,Oruro,Rural,0,1,0,0.7298,0.4758,1,0
444-004845-A-0091,1.0,Oruro,Rural,1,0,1,0.7308,0.7012,1,1
432-004307-A-0011,3.0,Oruro,Urbano,0,0,1,0.5345,0.31,1,0
432-004307-A-0031,1.0,Oruro,Urbano,0,0,0,0.4261,0.268,0,0
432-004307-A-0041,1.0,Oruro,Urbano,0,0,0,0.6082,0.3775,1,0
432-004307-A-0061,1.0,Oruro,Urbano,0,0,0,0.6513,0.4199,1,0
432-004307-A-0161,1.0,Oruro,Urbano,0,0,0,0.3771,0.3156,0,0
432-004307-A-0181,2.0,Oruro,Urbano,0,0,0,0.3837,0.2472,0,0
432-004307-A-0191,3.0,Oruro,Urbano,0,0,1,0.3853,0.2588,0,0
432-004307-A-0111,1.0,Oruro,Urbano,1,0,0,0.7029,0.6245,1,1
432-004307-A-0131,3.0,Oruro,Urbano,1,0,0,0.5101,0.4748,1,0
432-004307-A-0081,1.0,Oruro,Urbano,0,0,0,0.4423,0.2666,0,0
432-004307-A-0091,1.0,Oruro,Urbano,0,0,0,0.7191,0.4403,1,0
453-006856-D-0011,1.0,Oruro,Rural,0,0,0,0.4672,0.1894,0,0
453-006856-D-0021,1.0,Oruro,Rural,0,0,0,0.4902,0.3627,0,0
453-006856-D-0031,1.0,Oruro,Rural,0,0,0,0.4467,0.2016,0,0
453-006856-D-0051,1.0,Oruro,Rural,0,0,0,0.4477,0.1732,0,0
453-006856-D-0061,1.0,Oruro,Rural,0,0,1,0.3964,0.3424,0,0
453-006856-D-0071,1.0,Oruro,Rural,0,0,1,0.5189,0.3356,1,0
453-006856-D-0091,1.0,Oruro,Rural,0,0,0,0.4912,0.4001,0,0
453-006856-D-0101,1.0,Oruro,Rural,0,0,0,0.4066,0.2952,0,0
453-006856-D-0131,1.0,Oruro,Rural,0,0,0,0.4367,0.2546,0,0
453-006856-D-0111,1.0,Oruro,Rural,0,0,0,0.5558,0.348,1,0
453-006856-D-0141,1.0,Oruro,Rural,0,0,0,0.6406,0.2032,1,0
453-006856-D-0151,1.0,Oruro,Rural,0,0,0,0.58,0.4435,1,0
444-004636-A-0011,4.0,Oruro,Rural,0,0,0,0.4482,0.3056,0,0
444-004636-A-0021,1.0,Oruro,Rural,0,0,0,0.5278,0.2696,1,0
444-004636-A-0031,1.0,Oruro,Rural,0,0,0,0.2861,0.2271,0,0
444-004636-A-0041,1.0,Oruro,Rural,0,0,0,0.5214,0.2646,1,0
444-004636-A-0051,1.0,Oruro,Rural,0,0,0,0.4887,0.2768,0,0
444-004636-A-0071,1.0,Oruro,Rural,0,0,0,0.2053,0.296,0,0
444-004636-A-0081,1.0,Oruro,Rural,0,0,0,0.3473,0.296,0,0
444-004636-A-0061,2.0,Oruro,Rural,0,0,0,0.3414,0.3798,0,0
444-004636-A-0111,1.0,Oruro,Rural,0,0,0,0.5808,0.3317,1,0
444-004636-A-0091,1.0,Oruro,Rural,0,0,0,0.6614,0.26,1,0
444-004636-A-0101,1.0,Oruro,Rural,0,0,0,0.6938,0.477,1,0
444-004636-A-0121,1.0,Oruro,Rural,0,0,0,0.4606,0.2989,0,0
422-003799-A-0011,1.0,Oruro,Urbano,0,0,1,0.5772,0.3077,1,0
422-003799-A-0041,1.0,Oruro,Urbano,0,0,0,0.6366,0.4516,1,0
422-003799-A-0061,1.0,Oruro,Urbano,0,1,1,0.4011,0.2593,0,0
422-003799-A-0081,1.0,Oruro,Urbano,0,0,1,0.3259,0.188,0,0
422-003799-A-0161,1.0,Oruro,Urbano,0,0,1,0.4604,0.2528,0,0
422-003799-A-0121,1.0,Oruro,Urbano,0,0,1,0.5089,0.3635,1,0
422-003799-A-0101,1.0,Oruro,Urbano,0,1,1,0.2831,0.1938,0,0
422-003799-A-0141,1.0,Oruro,Urbano,0,0,1,0.4202,0.2589,0,0
422-003799-A-0181,3.0,Oruro,Urbano,0,1,1,0.4044,0.2548,0,0
422-003799-A-0201,1.0,Oruro,Urbano,1,1,1,0.5786,0.5722,1,1
422-003799-A-0221,3.0,Oruro,Urbano,0,0,1,0.4341,0.2097,0,0
422-003799-A-0241,1.0,Oruro,Urbano,0,0,1,0.4556,0.2595,0,0
421-003729-A-0011,1.0,Oruro,Urbano,0,1,1,0.5242,0.338,1,0
421-003729-A-0031,1.0,Oruro,Urbano,0,0,1,0.4852,0.3125,0,0
421-003729-A-0051,3.0,Oruro,Urbano,0,1,1,0.3314,0.1946,0,0
421-003729-A-0061,3.0,Oruro,Urbano,0,0,1,0.3786,0.2571,0,0
421-003729-A-0121,3.0,Oruro,Urbano,0,0,1,0.4379,0.3968,0,0
421-003729-A-0131,1.0,Oruro,Urbano,0,0,1,0.3802,0.2012,0,0
421-003729-A-0101,1.0,Oruro,Urbano,0,0,1,0.4941,0.2434,0,0
421-003729-A-0081,1.0,Oruro,Urbano,0,0,1,0.3977,0.2003,0,0
421-003729-A-0151,1.0,Oruro,Urbano,0,0,1,0.4326,0.3155,0,0
421-003729-A-0201,1.0,Oruro,Urbano,0,0,1,0.6647,0.4681,1,0
421-003729-A-0191,3.0,Oruro,Urbano,0,1,1,0.3283,0.2377,0,0
421-003729-A-0171,3.0,Oruro,Urbano,0,1,1,0.3431,0.2246,0,0
441-006550-D-0011,1.0,Oruro,Rural,0,0,0,0.5051,0.2744,1,0
441-006550-D-0031,1.0,Oruro,Rural,0,0,1,0.6379,0.4292,1,0
441-006550-D-0061,1.0,Oruro,Rural,0,0,0,0.2932,0.1538,0,0
441-006550-D-0081,1.0,Oruro,Rural,0,0,0,0.3496,0.255,0,0
441-006550-D-0151,1.0,Oruro,Rural,0,0,1,0.5744,0.3138,1,0
441-006550-D-0181,1.0,Oruro,Rural,0,0,1,0.501,0.3564,1,0
441-006550-D-0101,3.0,Oruro,Rural,0,0,0,0.4331,0.2901,0,0
441-006550-D-0131,1.0,Oruro,Rural,0,0,1,0.5004,0.2534,1,0
441-006550-D-0201,1.0,Oruro,Rural,0,0,0,0.6397,0.4417,1,0
441-006550-D-0231,1.0,Oruro,Rural,0,0,0,0.5693,0.2722,1,0
441-006550-D-0271,1.0,Oruro,Rural,0,0,0,0.2131,0.1545,0,0
444-005058-A-0011,1.0,Oruro,Rural,0,0,1,0.5835,0.3144,1,0
444-005058-A-0021,1.0,Oruro,Rural,0,0,1,0.4843,0.2763,0,0
444-005058-A-0031,1.0,Oruro,Rural,0,0,1,0.4582,0.2916,0,0
444-005058-A-0041,1.0,Oruro,Rural,0,0,1,0.3144,0.2291,0,0
444-005058-A-0051,1.0,Oruro,Rural,0,0,0,0.4753,0.2214,0,0
444-005058-A-0061,1.0,Oruro,Rural,0,0,1,0.4947,0.4552,0,0
444-005058-A-0081,1.0,Oruro,Rural,0,0,0,0.241,0.1983,0,0
444-005058-A-0091,6.0,Oruro,Rural,0,0,1,0.4696,0.312,0,0
444-005058-A-0121,1.0,Oruro,Rural,0,0,0,0.2559,0.1573,0,0
444-005058-A-0111,2.0,Oruro,Rural,0,0,1,0.3261,0.1593,0,0
444-005058-A-0101,1.0,Oruro,Rural,0,0,0,0.2753,0.1612,0,0
444-005058-A-0131,1.0,Oruro,Rural,0,0,1,0.262,0.1153,0,0
452-006678-D-0011,1.0,Oruro,Rural,0,0,0,0.4026,0.2482,0,0
452-006678-D-0021,1.0,Oruro,Rural,0,0,0,0.5467,0.2864,1,0
452-006678-D-0031,1.0,Oruro,Rural,0,0,0,0.3475,0.2112,0,0
452-006678-D-0041,1.0,Oruro,Rural,0,0,0,0.5535,0.4585,1,0
452-006678-D-0051,3.0,Oruro,Rural,0,0,1,0.3829,0.2239,0,0
452-006678-D-0061,1.0,Oruro,Rural,0,0,1,0.5705,0.3185,1,0
452-006678-D-0071,1.0,Oruro,Rural,0,0,1,0.3403,0.2397,0,0
452-006678-D-0081,1.0,Oruro,Rural,0,0,1,0.4095,0.2677,0,0
452-006678-D-0091,1.0,Oruro,Rural,0,0,0,0.556,0.2713,1,0
452-006678-D-0101,1.0,Oruro,Rural,0,0,0,0.5425,0.3399,1,0
452-006678-D-0111,1.0,Oruro,Rural,0,0,0,0.5554,0.3614,1,0
452-006678-D-0121,1.0,Oruro,Rural,0,0,0,0.5837,0.3213,1,0
432-004178-A-0011,1.0,Oruro,Urbano,0,1,0,0.5892,0.346,1,0
432-004178-A-0021,1.0,Oruro,Urbano,0,0,1,0.5347,0.2994,1,0
432-004178-A-0031,3.0,Oruro,Urbano,0,1,1,0.4306,0.2495,0,0
432-004178-A-0051,1.0,Oruro,Urbano,0,0,0,0.5366,0.2462,1,0
432-004178-A-0061,3.0,Oruro,Urbano,0,0,1,0.6038,0.3612,1,0
432-004178-A-0081,1.0,Oruro,Urbano,0,0,1,0.6794,0.4264,1,0
432-004178-A-0091,1.0,Oruro,Urbano,0,0,1,0.461,0.3099,0,0
432-004178-A-0101,1.0,Oruro,Urbano,0,0,0,0.4913,0.3834,0,0
432-004178-A-0121,3.0,Oruro,Urbano,0,0,0,0.4388,0.2311,0,0
432-004178-A-0111,3.0,Oruro,Urbano,0,0,0,0.4528,0.2977,0,0
432-004178-A-0131,1.0,Oruro,Urbano,0,0,0,0.7274,0.4783,1,0
451-006947-D-0011,1.0,Oruro,Rural,0,0,0,0.7443,0.4023,1,0
451-006947-D-0021,1.0,Oruro,Rural,1,0,0,0.4364,0.6023,0,1
451-006947-D-0031,1.0,Oruro,Rural,0,0,0,0.6934,0.4763,1,0
451-006947-D-0041,1.0,Oruro,Rural,0,0,0,0.4694,0.3333,0,0
451-006947-D-0061,1.0,Oruro,Rural,0,0,0,0.4938,0.249,0,0
451-006947-D-0071,1.0,Oruro,Rural,1,0,0,0.579,0.5807,1,1
451-006947-D-0081,1.0,Oruro,Rural,0,0,0,0.4936,0.3285,0,0
451-006947-D-0051,1.0,Oruro,Rural,0,0,0,0.6271,0.3337,1,0
451-006947-D-0091,1.0,Oruro,Rural,0,0,0,0.497,0.3102,0,0
451-006947-D-0101,1.0,Oruro,Rural,0,0,1,0.5876,0.3237,1,0
451-006947-D-0121,1.0,Oruro,Rural,0,0,0,0.5404,0.3359,1,0
451-006947-D-0111,1.0,Oruro,Rural,0,0,1,0.5314,0.3266,1,0
442-005290-A-0041,1.0,Oruro,Rural,0,0,0,0.2523,0.1762,0,0
442-005290-A-0011,1.0,Oruro,Rural,1,0,0,0.4527,0.5148,0,1
442-005290-A-0021,1.0,Oruro,Rural,0,0,0,0.3921,0.4019,0,0
442-005290-A-0031,1.0,Oruro,Rural,0,0,0,0.3964,0.3544,0,0
442-005290-A-0071,1.0,Oruro,Rural,0,0,0,0.2406,0.2056,0,0
442-005290-A-0101,1.0,Oruro,Rural,0,0,0,0.4983,0.4155,0,0
442-005290-A-0061,1.0,Oruro,Rural,1,1,1,0.427,0.5366,0,1
442-005290-A-0091,1.0,Oruro,Rural,0,0,0,0.4418,0.2528,0,0
442-005290-A-0121,1.0,Oruro,Rural,0,0,1,0.5297,0.2808,1,0
442-005290-A-0051,1.0,Oruro,Rural,0,0,0,0.6162,0.2627,1,0
442-005290-A-0111,1.0,Oruro,Rural,0,0,1,0.4654,0.2273,0,0
442-005290-A-0081,1.0,Oruro,Rural,0,0,1,0.713,0.5123,1,1
443-005398-A-0011,2.0,Oruro,Rural,0,0,0,0.6412,0.3837,1,0
443-005398-A-0021,2.0,Oruro,Rural,1,0,0,0.7214,0.6998,1,1
443-005398-A-0041,1.0,Oruro,Rural,0,0,0,0.6451,0.4722,1,0
443-005398-A-0031,1.0,Oruro,Rural,0,0,0,0.5822,0.4128,1,0
443-005398-A-0051,3.0,Oruro,Rural,0,0,0,0.356,0.2121,0,0
443-005398-A-0061,1.0,Oruro,Rural,0,0,0,0.3668,0.1423,0,0
443-005398-A-0081,3.0,Oruro,Rural,0,0,0,0.4402,0.2488,0,0
443-005398-A-0101,3.0,Oruro,Rural,0,0,0,0.3476,0.2306,0,0
443-005398-A-0091,1.0,Oruro,Rural,0,0,1,0.4301,0.238,0,0
443-005398-A-0121,1.0,Oruro,Rural,0,0,1,0.4678,0.221,0,0
443-005398-A-0111,1.0,Oruro,Rural,0,0,0,0.7392,0.3985,1,0
443-005398-A-0071,1.0,Oruro,Rural,1,0,1,0.5994,0.5774,1,1
444-004911-A-0121,1.0,Oruro,Rural,0,0,0,0.2778,0.282,0,0
444-004911-A-0101,1.0,Oruro,Rural,0,0,0,0.3361,0.2402,0,0
444-004911-A-0021,1.0,Oruro,Rural,0,0,0,0.4897,0.2375,0,0
444-004911-A-0071,1.0,Oruro,Rural,0,0,0,0.7292,0.46,1,0
444-004911-A-0051,1.0,Oruro,Rural,0,0,0,0.4018,0.4113,0,0
444-004911-A-0061,1.0,Oruro,Rural,0,0,0,0.4942,0.2757,0,0
444-004911-A-0081,1.0,Oruro,Rural,0,0,0,0.3109,0.2989,0,0
444-004911-A-0011,1.0,Oruro,Rural,0,0,0,0.2072,0.1459,0,0
444-004911-A-0041,1.0,Oruro,Rural,0,0,0,0.3255,0.2574,0,0
444-004911-A-0111,1.0,Oruro,Rural,0,0,0,0.5942,0.3473,1,0
444-004911-A-0091,1.0,Oruro,Rural,0,0,0,0.4201,0.3576,0,0
444-004911-A-0031,1.0,Oruro,Rural,0,0,0,0.5449,0.3842,1,0
451-007084-D-0031,1.0,Oruro,Rural,0,0,0,0.3873,0.2914,0,0
451-007084-D-0121,1.0,Oruro,Rural,0,0,0,0.3844,0.2011,0,0
451-007084-D-0071,1.0,Oruro,Rural,1,0,0,0.787,0.5986,1,1
451-007084-D-0091,1.0,Oruro,Rural,0,0,0,0.5636,0.3547,1,0
451-007084-D-0011,1.0,Oruro,Rural,0,0,0,0.6589,0.3632,1,0
451-007084-D-0081,1.0,Oruro,Rural,0,0,0,0.4726,0.2743,0,0
451-007084-D-0051,1.0,Oruro,Rural,0,0,0,0.7277,0.2893,1,0
451-007084-D-0041,1.0,Oruro,Rural,0,0,0,0.6388,0.2611,1,0
451-007084-D-0021,1.0,Oruro,Rural,0,0,1,0.5376,0.3372,1,0
451-007084-D-0111,1.0,Oruro,Rural,0,0,0,0.6496,0.3296,1,0
451-007084-D-0101,1.0,Oruro,Rural,0,0,1,0.4696,0.2437,0,0
451-007084-D-0061,1.0,Oruro,Rural,0,0,1,0.3977,0.2591,0,0
451-006410-D-0011,1.0,Oruro,Rural,0,0,1,0.6347,0.4326,1,0
451-006410-D-0031,1.0,Oruro,Rural,0,0,1,0.5463,0.3199,1,0
451-006410-D-0101,2.0,Oruro,Rural,0,0,0,0.6785,0.5403,1,1
451-006410-D-0021,1.0,Oruro,Rural,0,0,1,0.543,0.4122,1,0
451-006410-D-0051,1.0,Oruro,Rural,0,0,0,0.7688,0.4924,1,0
451-006410-D-0071,1.0,Oruro,Rural,1,0,0,0.5828,0.566,1,1
451-006410-D-0041,1.0,Oruro,Rural,0,0,0,0.7231,0.4732,1,0
451-006410-D-0091,1.0,Oruro,Rural,0,0,0,0.5729,0.4126,1,0
451-006410-D-0061,1.0,Oruro,Rural,0,0,1,0.625,0.3618,1,0
451-006410-D-0081,1.0,Oruro,Rural,0,0,0,0.4968,0.3498,0,0
451-006410-D-0111,1.0,Oruro,Rural,0,0,0,0.6095,0.3555,1,0
451-006410-D-0121,1.0,Oruro,Rural,0,0,0,0.4565,0.379,0,0
442-005461-A-0101,2.0,Oruro,Rural,0,0,0,0.3767,0.2338,0,0
442-005461-A-0081,1.0,Oruro,Rural,0,0,0,0.3993,0.2117,0,0
442-005461-A-0061,1.0,Oruro,Rural,0,0,0,0.3276,0.2917,0,0
442-005461-A-0091,1.0,Oruro,Rural,0,0,0,0.3757,0.2847,0,0
442-005461-A-0011,3.0,Oruro,Rural,0,0,1,0.5623,0.4072,1,0
442-005461-A-0031,1.0,Oruro,Rural,0,0,1,0.4202,0.3169,0,0
442-005461-A-0021,1.0,Oruro,Rural,0,1,1,0.5284,0.2997,1,0
442-005461-A-0121,1.0,Oruro,Rural,0,0,0,0.4595,0.2662,0,0
442-005461-A-0041,1.0,Oruro,Rural,0,0,0,0.6005,0.2907,1,0
442-005461-A-0111,1.0,Oruro,Rural,0,0,0,0.53,0.2358,1,0
442-005461-A-0051,3.0,Oruro,Rural,0,0,1,0.4045,0.2405,0,0
433-003651-A-0041,1.0,Oruro,Urbano,0,0,0,0.318,0.1793,0,0
433-003651-A-0061,1.0,Oruro,Urbano,0,0,0,0.405,0.2403,0,0
433-003651-A-0011,3.0,Oruro,Urbano,0,0,0,0.4941,0.3131,0,0
433-003651-A-0121,2.0,Oruro,Urbano,0,0,0,0.7265,0.4202,1,0
433-003651-A-0091,2.0,Oruro,Urbano,0,0,0,0.7653,0.4733,1,0
433-003651-A-0071,1.0,Oruro,Urbano,0,0,0,0.7244,0.4938,1,0
433-003651-A-0101,2.0,Oruro,Urbano,0,0,0,0.6536,0.3621,1,0
433-003651-A-0151,1.0,Oruro,Urbano,0,0,1,0.4165,0.233,0,0
433-003651-A-0181,1.0,Oruro,Urbano,0,0,1,0.4599,0.1762,0,0
433-003651-A-0171,1.0,Oruro,Urbano,0,0,1,0.2536,0.2023,0,0
433-003651-A-0131,2.0,Oruro,Urbano,0,0,1,0.6665,0.3619,1,0
432-003623-A-0041,1.0,Oruro,Urbano,0,0,1,0.5152,0.2228,1,0
432-003623-A-0011,3.0,Oruro,Urbano,0,0,1,0.3362,0.2487,0,0
432-003623-A-0031,4.0,Oruro,Urbano,0,0,0,0.6154,0.3723,1,0
432-003623-A-0021,6.0,Oruro,Urbano,1,0,1,0.4015,0.2527,0,0
432-003623-A-0061,3.0,Oruro,Urbano,0,0,1,0.4165,0.2427,0,0
432-003623-A-0071,3.0,Oruro,Urbano,0,0,0,0.5957,0.3554,1,0
432-003623-A-0051,1.0,Oruro,Urbano,0,0,0,0.6883,0.3171,1,0
432-003623-A-0081,1.0,Oruro,Urbano,0,0,1,0.453,0.2095,0,0
432-003623-A-0111,1.0,Oruro,Urbano,0,0,1,0.7588,0.4115,1,0
432-003623-A-0091,3.0,Oruro,Urbano,0,0,0,0.4031,0.3353,0,0
432-003623-A-0121,1.0,Oruro,Urbano,0,0,1,0.3091,0.2591,0,0
432-003623-A-0101,3.0,Oruro,Urbano,0,0,1,0.3622,0.3138,0,0
451-007258-D-0011,1.0,Oruro,Rural,0,0,0,0.6369,0.4097,1,0
451-007258-D-0021,1.0,Oruro,Rural,0,0,0,0.5688,0.4116,1,0
451-007258-D-0031,1.0,Oruro,Rural,0,0,0,0.59,0.4794,1,0
451-007258-D-0041,1.0,Oruro,Rural,0,0,0,0.5564,0.3843,1,0
451-007258-D-0081,1.0,Oruro,Rural,0,0,0,0.662,0.4474,1,0
451-007258-D-0051,1.0,Oruro,Rural,0,0,0,0.6077,0.3321,1,0
451-007258-D-0061,1.0,Oruro,Rural,0,0,0,0.469,0.3202,0,0
451-007258-D-0071,3.0,Oruro,Rural,1,0,0,0.5752,0.3691,1,0
451-007258-D-0091,3.0,Oruro,Rural,0,0,0,0.318,0.2169,0,0
451-007258-D-0111,1.0,Oruro,Rural,0,0,0,0.5197,0.4666,1,0
451-007258-D-0121,1.0,Oruro,Rural,0,0,0,0.4495,0.2124,0,0
451-007258-D-0101,1.0,Oruro,Rural,1,0,0,0.3131,0.2291,0,0
441-007244-D-0011,1.0,Oruro,Rural,0,0,0,0.5045,0.2665,1,0
441-007244-D-0021,1.0,Oruro,Rural,0,0,0,0.702,0.406,1,0
441-007244-D-0041,1.0,Oruro,Rural,0,0,0,0.6875,0.5203,1,1
441-007244-D-0061,1.0,Oruro,Rural,0,0,0,0.4684,0.365,0,0
441-007244-D-0071,1.0,Oruro,Rural,1,0,0,0.4893,0.5995,0,1
441-007244-D-0091,1.0,Oruro,Rural,1,0,0,0.4915,0.3829,0,0
441-007244-D-0101,1.0,Oruro,Rural,0,0,0,0.6041,0.4838,1,0
441-007244-D-0121,3.0,Oruro,Rural,0,0,0,0.598,0.3642,1,0
441-007244-D-0131,3.0,Oruro,Rural,0,0,1,0.3432,0.1614,0,0
441-007244-D-0151,3.0,Oruro,Rural,1,0,0,0.4636,0.5363,0,1
441-007244-D-0171,1.0,Oruro,Rural,1,0,0,0.6764,0.6,1,1
441-007244-D-0181,4.0,Oruro,Rural,0,0,0,0.3302,0.2213,0,0
442-007200-D-0011,1.0,Oruro,Rural,0,0,0,0.5245,0.4974,1,0
442-007200-D-0021,1.0,Oruro,Rural,0,0,0,0.6192,0.5139,1,1
442-007200-D-0031,1.0,Oruro,Rural,0,0,0,0.6682,0.3181,1,0
442-007200-D-0051,1.0,Oruro,Rural,0,0,0,0.7703,0.1613,1,0
442-007200-D-0061,1.0,Oruro,Rural,1,1,0,0.6647,0.5922,1,1
442-007200-D-0081,2.0,Oruro,Rural,0,0,0,0.3828,0.2754,0,0
442-007200-D-0091,1.0,Oruro,Rural,0,0,0,0.4962,0.3004,0,0
442-007200-D-0101,1.0,Oruro,Rural,1,0,0,0.7359,0.6513,1,1
442-007200-D-0121,1.0,Oruro,Rural,1,0,0,0.6674,0.5079,1,1
442-007200-D-0131,1.0,Oruro,Rural,0,0,0,0.6853,0.4349,1,0
442-007200-D-0151,3.0,Oruro,Rural,0,0,0,0.5723,0.4262,1,0
442-007200-D-0161,3.0,Oruro,Rural,1,0,0,0.5294,0.6318,1,1
443-004584-A-0111,1.0,Oruro,Rural,0,0,1,0.2951,0.1712,0,0
443-004584-A-0121,3.0,Oruro,Rural,0,0,0,0.3807,0.1666,0,0
443-004584-A-0131,1.0,Oruro,Rural,0,0,0,0.5763,0.392,1,0
443-004584-A-0141,3.0,Oruro,Rural,0,1,0,0.2679,0.1552,0,0
443-004584-A-0091,3.0,Oruro,Rural,0,0,0,0.3223,0.2292,0,0
443-004584-A-0071,1.0,Oruro,Rural,1,0,1,0.3658,0.2219,0,0
443-004584-A-0081,2.0,Oruro,Rural,0,0,0,0.6744,0.3759,1,0
443-004584-A-0061,1.0,Oruro,Rural,0,0,1,0.2485,0.1891,0,0
443-004584-A-0011,1.0,Oruro,Rural,0,0,0,0.4073,0.2257,0,0
443-004584-A-0021,1.0,Oruro,Rural,0,0,0,0.2554,0.2164,0,0
443-004584-A-0031,1.0,Oruro,Rural,1,0,0,0.6496,0.4485,1,0
443-004584-A-0041,3.0,Oruro,Rural,0,0,0,0.3104,0.194,0,0
441-006210-D-0011,1.0,Oruro,Rural,0,0,0,0.6449,0.3486,1,0
441-006210-D-0021,1.0,Oruro,Rural,0,0,0,0.4597,0.2569,0,0
441-006210-D-0031,1.0,Oruro,Rural,0,0,0,0.6562,0.4418,1,0
441-006210-D-0041,1.0,Oruro,Rural,0,0,0,0.3161,0.1914,0,0
441-006210-D-0051,1.0,Oruro,Rural,1,0,0,0.6394,0.6347,1,1
441-006210-D-0061,1.0,Oruro,Rural,0,0,0,0.5878,0.4491,1,0
441-006210-D-0071,1.0,Oruro,Rural,0,0,0,0.6009,0.3641,1,0
441-006210-D-0081,1.0,Oruro,Rural,0,0,0,0.5521,0.3545,1,0
441-006210-D-0091,1.0,Oruro,Rural,1,0,0,0.4994,0.511,0,1
441-006210-D-0101,1.0,Oruro,Rural,0,0,0,0.6027,0.3895,1,0
441-006210-D-0111,1.0,Oruro,Rural,1,0,0,0.6324,0.4743,1,0
441-006210-D-0121,1.0,Oruro,Rural,0,0,0,0.6275,0.4323,1,0
452-006242-D-0011,1.0,Oruro,Rural,0,0,0,0.6287,0.3541,1,0
452-006242-D-0021,1.0,Oruro,Rural,0,0,0,0.5046,0.3228,1,0
452-006242-D-0031,1.0,Oruro,Rural,0,0,0,0.5686,0.4129,1,0
452-006242-D-0041,1.0,Oruro,Rural,1,0,0,0.5409,0.6097,1,1
452-006242-D-0051,1.0,Oruro,Rural,1,0,0,0.6038,0.5713,1,1
452-006242-D-0081,1.0,Oruro,Rural,1,0,0,0.7213,0.4376,1,0
452-006242-D-0061,4.0,Oruro,Rural,1,0,0,0.5334,0.6469,1,1
452-006242-D-0071,1.0,Oruro,Rural,1,0,0,0.6864,0.6766,1,1
452-006242-D-0091,1.0,Oruro,Rural,1,0,0,0.5806,0.4107,1,0
452-006242-D-0101,1.0,Oruro,Rural,1,0,0,0.7121,0.6737,1,1
452-006242-D-0111,1.0,Oruro,Rural,0,0,0,0.6611,0.4532,1,0
452-006242-D-0121,1.0,Oruro,Rural,0,0,0,0.6765,0.4264,1,0
453-006231-D-0011,1.0,Oruro,Rural,1,0,0,0.4941,0.3638,0,0
453-006231-D-0021,1.0,Oruro,Rural,0,0,0,0.552,0.3843,1,0
453-006231-D-0031,1.0,Oruro,Rural,1,0,1,0.7062,0.6536,1,1
453-006231-D-0041,3.0,Oruro,Rural,0,0,0,0.4021,0.2489,0,0
453-006231-D-0051,1.0,Oruro,Rural,1,1,0,0.7185,0.5638,1,1
453-006231-D-0061,1.0,Oruro,Rural,1,1,0,0.6665,0.6511,1,1
453-006231-D-0071,3.0,Oruro,Rural,0,0,0,0.5243,0.4988,1,0
453-006231-D-0081,1.0,Oruro,Rural,1,0,0,0.5337,0.5788,1,1
453-006231-D-0091,1.0,Oruro,Rural,1,0,0,0.7076,0.7104,1,1
453-006231-D-0101,1.0,Oruro,Rural,0,0,0,0.455,0.319,0,0
453-006231-D-0111,1.0,Oruro,Rural,0,0,0,0.5534,0.4143,1,0
453-006231-D-0121,1.0,Oruro,Rural,0,0,0,0.5875,0.4629,1,0
443-004549-A-0011,1.0,Oruro,Rural,1,0,0,0.5709,0.6714,1,1
443-004549-A-0021,1.0,Oruro,Rural,0,0,0,0.6951,0.5796,1,1
443-004549-A-0031,1.0,Oruro,Rural,0,0,0,0.6199,0.4469,1,0
443-004549-A-0041,1.0,Oruro,Rural,0,0,0,0.3275,0.2096,0,0
443-004549-A-0091,1.0,Oruro,Rural,1,0,0,0.3433,0.5067,0,1
443-004549-A-0111,3.0,Oruro,Rural,1,0,0,0.4884,0.3809,0,0
443-004549-A-0121,1.0,Oruro,Rural,0,0,0,0.4053,0.3326,0,0
443-004549-A-0101,4.0,Oruro,Rural,1,1,0,0.3507,0.3084,0,0
443-004549-A-0051,1.0,Oruro,Rural,1,0,1,0.406,0.6167,0,1
443-004549-A-0061,1.0,Oruro,Rural,1,0,1,0.3866,0.6011,0,1
443-004549-A-0071,1.0,Oruro,Rural,1,0,0,0.4435,0.5724,0,1
443-004549-A-0081,3.0,Oruro,Rural,0,0,0,0.3733,0.2613,0,0
423-004133-A-0021,3.0,Oruro,Urbano,0,0,1,0.4598,0.2943,0,0
423-004133-A-0041,1.0,Oruro,Urbano,0,0,1,0.4851,0.3968,0,0
423-004133-A-0011,1.0,Oruro,Urbano,0,0,0,0.3102,0.1682,0,0
423-004133-A-0091,1.0,Oruro,Urbano,0,0,0,0.3161,0.1948,0,0
423-004133-A-0061,1.0,Oruro,Urbano,0,0,1,0.3844,0.2751,0,0
423-004133-A-0051,2.0,Oruro,Urbano,0,0,1,0.406,0.2081,0,0
423-004133-A-0081,3.0,Oruro,Urbano,0,0,0,0.3558,0.298,0,0
423-004133-A-0101,3.0,Oruro,Urbano,0,0,1,0.5912,0.3363,1,0
423-004133-A-0131,1.0,Oruro,Urbano,0,0,0,0.3989,0.2693,0,0
423-004133-A-0111,3.0,Oruro,Urbano,0,0,0,0.4512,0.3302,0,0
423-004133-A-0121,1.0,Oruro,Urbano,0,0,1,0.6611,0.2555,1,0
423-004063-A-0011,1.0,Oruro,Urbano,0,0,0,0.2583,0.1658,0,0
423-004063-A-0041,1.0,Oruro,Urbano,0,0,1,0.413,0.3029,0,0
423-004063-A-0061,1.0,Oruro,Urbano,0,0,1,0.5185,0.3643,1,0
423-004063-A-0091,1.0,Oruro,Urbano,0,0,1,0.5776,0.3594,1,0
423-004063-A-0201,2.0,Oruro,Urbano,0,0,1,0.4165,0.2681,0,0
423-004063-A-0121,1.0,Oruro,Urbano,0,0,1,0.5797,0.3373,1,0
423-004063-A-0141,1.0,Oruro,Urbano,0,0,1,0.6352,0.3961,1,0
423-004063-A-0221,1.0,Oruro,Urbano,0,0,1,0.4901,0.3932,0,0
423-004063-A-0281,1.0,Oruro,Urbano,0,0,1,0.6294,0.354,1,0
423-004063-A-0251,1.0,Oruro,Urbano,0,0,1,0.7326,0.529,1,1
423-004063-A-0301,1.0,Oruro,Urbano,0,0,1,0.4667,0.2263,0,0
422-004035-A-0011,1.0,Oruro,Urbano,0,1,1,0.587,0.2963,1,0
422-004035-A-0041,3.0,Oruro,Urbano,0,0,1,0.3219,0.2902,0,0
422-004035-A-0061,1.0,Oruro,Urbano,0,0,1,0.387,0.2341,0,0
422-004035-A-0081,2.0,Oruro,Urbano,1,0,1,0.4892,0.5454,0,1
422-004035-A-0101,1.0,Oruro,Urbano,0,0,0,0.3579,0.1238,0,0
422-004035-A-0121,1.0,Oruro,Urbano,0,0,1,0.4538,0.3552,0,0
422-004035-A-0141,3.0,Oruro,Urbano,0,0,1,0.4302,0.3556,0,0
422-004035-A-0161,4.0,Oruro,Urbano,0,0,1,0.3262,0.2498,0,0
422-004035-A-0181,1.0,Oruro,Urbano,0,0,0,0.4787,0.2553,0,0
422-004035-A-0241,5.0,Oruro,Urbano,0,0,1,0.3892,0.2353,0,0
422-004035-A-0201,3.0,Oruro,Urbano,0,0,0,0.4582,0.2943,0,0
422-004035-A-0221,1.0,Oruro,Urbano,0,0,0,0.5327,0.2867,1,0
442-004400-A-0011,1.0,Oruro,Rural,0,0,0,0.6848,0.3906,1,0
442-004400-A-0021,2.0,Oruro,Rural,0,1,1,0.5702,0.3387,1,0
442-004400-A-0031,2.0,Oruro,Rural,0,0,0,0.3378,0.1934,0,0
442-004400-A-0051,3.0,Oruro,Rural,0,1,0,0.3766,0.2595,0,0
442-004400-A-0091,1.0,Oruro,Rural,1,0,0,0.4998,0.3395,0,0
442-004400-A-0101,2.0,Oruro,Rural,0,0,1,0.498,0.2327,0,0
442-004400-A-0061,3.0,Oruro,Rural,0,1,1,0.3625,0.1997,0,0
442-004400-A-0081,1.0,Oruro,Rural,0,0,1,0.466,0.25,0,0
442-004400-A-0161,1.0,Oruro,Rural,0,0,0,0.5422,0.2621,1,0
442-004400-A-0151,1.0,Oruro,Rural,0,0,0,0.4585,0.193,0,0
442-004400-A-0131,3.0,Oruro,Rural,0,0,0,0.3418,0.2586,0,0
442-004400-A-0121,1.0,Oruro,Rural,0,0,0,0.4371,0.2341,0,0
453-006089-D-0221,1.0,Oruro,Rural,0,0,0,0.5038,0.3578,1,0
453-006089-D-0131,2.0,Oruro,Rural,0,0,0,0.6583,0.5051,1,1
453-006089-D-0191,1.0,Oruro,Rural,0,0,0,0.6027,0.3258,1,0
453-006089-D-0161,1.0,Oruro,Rural,0,0,0,0.5859,0.3031,1,0
453-006089-D-0041,1.0,Oruro,Rural,0,0,0,0.5984,0.4821,1,0
453-006089-D-0011,4.0,Oruro,Rural,1,0,0,0.6895,0.6185,1,1
453-006089-D-0101,2.0,Oruro,Rural,1,1,0,0.536,0.6156,1,1
453-006089-D-0071,1.0,Oruro,Rural,0,0,1,0.4508,0.2274,0,0
453-006089-D-0251,1.0,Oruro,Rural,0,1,1,0.5787,0.4238,1,0
453-006089-D-0281,1.0,Oruro,Rural,0,0,0,0.5063,0.2763,1,0
453-006089-D-0341,1.0,Oruro,Rural,0,0,1,0.5478,0.3011,1,0
453-006089-D-0311,1.0,Oruro,Rural,0,0,0,0.6191,0.2491,1,0
454-005133-A-0081,1.0,Oruro,Rural,0,0,0,0.3779,0.2266,0,0
454-005133-A-0101,1.0,Oruro,Rural,0,0,0,0.1817,0.1284,0,0
454-005133-A-0121,1.0,Oruro,Rural,0,0,0,0.3898,0.2352,0,0
454-005133-A-0141,1.0,Oruro,Rural,0,0,0,0.3169,0.3112,0,0
454-005133-A-0161,1.0,Oruro,Rural,0,0,1,0.2614,0.1297,0,0
454-005133-A-0191,1.0,Oruro,Rural,0,0,0,0.2973,0.2137,0,0
454-005133-A-0171,1.0,Oruro,Rural,0,0,0,0.3366,0.3425,0,0
454-005133-A-0211,1.0,Oruro,Rural,0,0,0,0.2661,0.1348,0,0
454-005133-A-0051,1.0,Oruro,Rural,0,0,0,0.3991,0.2132,0,0
454-005133-A-0061,1.0,Oruro,Rural,0,0,1,0.2585,0.2641,0,0
454-005133-A-0031,1.0,Oruro,Rural,0,0,1,0.1996,0.2076,0,0
454-005133-A-0011,1.0,Oruro,Rural,0,0,1,0.2248,0.2011,0,0
452-006085-D-0131,1.0,Oruro,Rural,0,0,0,0.4471,0.2309,0,0
452-006085-D-0231,1.0,Oruro,Rural,0,1,0,0.4859,0.3049,0,0
452-006085-D-0161,3.0,Oruro,Rural,0,0,0,0.3431,0.2568,0,0
452-006085-D-0191,1.0,Oruro,Rural,0,0,0,0.6934,0.2633,1,0
452-006085-D-0351,1.0,Oruro,Rural,0,0,1,0.575,0.3815,1,0
452-006085-D-0261,1.0,Oruro,Rural,1,1,0,0.6813,0.677,1,1
452-006085-D-0321,3.0,Oruro,Rural,1,0,0,0.5036,0.6469,1,1
452-006085-D-0291,1.0,Oruro,Rural,0,0,0,0.6823,0.4697,1,0
452-006085-D-0071,1.0,Oruro,Rural,0,1,1,0.3456,0.1368,0,0
452-006085-D-0101,1.0,Oruro,Rural,0,0,1,0.4681,0.2585,0,0
452-006085-D-0041,5.0,Oruro,Rural,0,0,0,0.6545,0.3914,1,0
452-006085-D-0011,3.0,Oruro,Rural,0,0,1,0.508,0.4867,1,0
422-003968-A-0051,4.0,Oruro,Urbano,0,0,1,0.3565,0.2368,0,0
422-003968-A-0011,1.0,Oruro,Urbano,0,1,0,0.4764,0.2652,0,0
422-003968-A-0021,1.0,Oruro,Urbano,0,0,0,0.332,0.3106,0,0
422-003968-A-0041,6.0,Oruro,Urbano,0,0,1,0.3636,0.3819,0,0
422-003968-A-0111,3.0,Oruro,Urbano,0,1,1,0.3735,0.2308,0,0
422-003968-A-0081,3.0,Oruro,Urbano,0,1,1,0.3947,0.264,0,0
422-003968-A-0071,5.0,Oruro,Urbano,0,0,0,0.4642,0.3171,0,0
422-003968-A-0101,1.0,Oruro,Urbano,1,0,0,0.3911,0.3145,0,0
422-003968-A-0171,1.0,Oruro,Urbano,0,0,0,0.3835,0.1987,0,0
422-003968-A-0141,1.0,Oruro,Urbano,0,0,1,0.7122,0.4391,1,0
511-000003-A-0151,3.0,Potosí,Urbano,0,0,0,0.5997,0.2816,1,0
511-000003-A-0181,2.0,Potosí,Urbano,0,0,0,0.6942,0.3785,1,0
511-000003-A-0211,2.0,Potosí,Urbano,0,0,0,0.6881,0.3779,1,0
511-000003-A-0251,2.0,Potosí,Urbano,0,0,0,0.3644,0.2567,0,0
511-000003-A-0011,1.0,Potosí,Urbano,1,1,1,0.7073,0.6526,1,1
511-000003-A-0051,1.0,Potosí,Urbano,1,1,1,0.4596,0.504,0,1
511-000003-A-0081,1.0,Potosí,Urbano,1,0,0,0.5084,0.5979,1,1
511-000003-A-0111,1.0,Potosí,Urbano,0,0,0,0.5858,0.394,1,0
511-000003-A-0281,2.0,Potosí,Urbano,1,0,0,0.7837,0.6977,1,1
511-000003-A-0311,2.0,Potosí,Urbano,0,0,0,0.48,0.3021,0,0
511-000003-A-0351,3.0,Potosí,Urbano,0,0,0,0.4526,0.2015,0,0
511-000003-A-0381,1.0,Potosí,Urbano,0,0,0,0.4946,0.433,0,0
513-001030-A-0101,2.0,Potosí,Urbano,0,0,1,0.3658,0.2716,0,0
513-001030-A-0121,1.0,Potosí,Urbano,0,0,1,0.3153,0.3374,0,0
513-001030-A-0151,1.0,Potosí,Urbano,0,0,0,0.4817,0.2444,0,0
513-001030-A-0171,3.0,Potosí,Urbano,0,0,0,0.449,0.2815,0,0
513-001030-A-0011,1.0,Potosí,Urbano,0,0,0,0.3094,0.2015,0,0
513-001030-A-0031,1.0,Potosí,Urbano,0,0,0,0.4173,0.2857,0,0
513-001030-A-0051,1.0,Potosí,Urbano,0,0,0,0.4559,0.2523,0,0
513-001030-A-0081,1.0,Potosí,Urbano,0,0,0,0.4745,0.3358,0,0
513-001030-A-0221,3.0,Potosí,Urbano,0,1,0,0.3562,0.2822,0,0
513-001030-A-0241,1.0,Potosí,Urbano,0,0,0,0.4417,0.1632,0,0
513-001030-A-0261,8.0,Potosí,Urbano,0,0,0,0.4769,0.2281,0,0
513-001030-A-0191,1.0,Potosí,Urbano,0,0,0,0.3453,0.2463,0,0
514-001418-A-0191,1.0,Potosí,Urbano,0,0,0,0.3163,0.2012,0,0
514-001418-A-0131,1.0,Potosí,Urbano,0,0,0,0.4651,0.2702,0,0
514-001418-A-0101,1.0,Potosí,Urbano,0,0,1,0.325,0.1667,0,0
514-001418-A-0071,1.0,Potosí,Urbano,0,0,0,0.4738,0.2831,0,0
514-001418-A-0291,6.0,Potosí,Urbano,1,0,1,0.7218,0.66,1,1
513-000810-A-0191,3.0,Potosí,Urbano,0,1,1,0.6162,0.3095,1,0
513-000810-A-0211,4.0,Potosí,Urbano,0,0,1,0.356,0.2467,0,0
513-000810-A-0231,1.0,Potosí,Urbano,0,1,1,0.303,0.1966,0,0
513-000810-A-0261,1.0,Potosí,Urbano,0,0,1,0.5173,0.281,1,0
513-000810-A-0051,3.0,Potosí,Urbano,1,1,1,0.4709,0.5587,0,1
513-000810-A-0031,3.0,Potosí,Urbano,0,0,1,0.3716,0.26,0,0
513-000810-A-0011,3.0,Potosí,Urbano,0,0,1,0.4168,0.2433,0,0
513-000810-A-0081,1.0,Potosí,Urbano,0,1,1,0.4906,0.4261,0,0
513-000810-A-0101,1.0,Potosí,Urbano,0,0,0,0.3443,0.326,0,0
513-000810-A-0121,1.0,Potosí,Urbano,0,0,1,0.3778,0.2298,0,0
513-000810-A-0141,3.0,Potosí,Urbano,0,0,1,0.4029,0.261,0,0
513-000810-A-0171,1.0,Potosí,Urbano,1,0,1,0.3238,0.2272,0,0
514-001281-A-0471,1.0,Potosí,Urbano,0,0,1,0.4257,0.2359,0,0
514-001281-A-0531,1.0,Potosí,Urbano,0,0,0,0.3467,0.338,0,0
514-001281-A-0591,2.0,Potosí,Urbano,0,0,1,0.3551,0.2352,0,0
514-001281-A-0651,4.0,Potosí,Urbano,0,0,1,0.2975,0.2168,0,0
514-001281-A-0011,1.0,Potosí,Urbano,0,0,0,0.4634,0.3184,0,0
514-001281-A-0071,3.0,Potosí,Urbano,0,0,0,0.4191,0.2919,0,0
514-001281-A-0131,3.0,Potosí,Urbano,0,0,0,0.4182,0.3336,0,0
514-001281-A-0191,1.0,Potosí,Urbano,0,0,0,0.3925,0.3652,0,0
514-001281-A-0301,1.0,Potosí,Urbano,0,0,0,0.6331,0.4391,1,0
514-001281-A-0361,3.0,Potosí,Urbano,1,0,0,0.3234,0.4468,0,0
514-001281-A-0421,1.0,Potosí,Urbano,0,0,0,0.4386,0.2038,0,0
513-000646-A-0011,1.0,Potosí,Urbano,1,0,1,0.4201,0.5083,0,1
513-000646-A-0081,1.0,Potosí,Urbano,0,0,1,0.3913,0.2844,0,0
513-000646-A-0031,1.0,Potosí,Urbano,0,0,0,0.4039,0.3751,0,0
513-000646-A-0061,1.0,Potosí,Urbano,0,1,0,0.4714,0.2487,0,0
513-000646-A-0201,1.0,Potosí,Urbano,0,0,1,0.3916,0.2279,0,0
513-000646-A-0231,3.0,Potosí,Urbano,0,0,1,0.3585,0.2526,0,0
513-000646-A-0251,4.0,Potosí,Urbano,0,1,1,0.3829,0.2739,0,0
513-000646-A-0271,1.0,Potosí,Urbano,0,0,0,0.433,0.3604,0,0
513-000646-A-0101,3.0,Potosí,Urbano,0,0,0,0.3728,0.2394,0,0
513-000646-A-0131,1.0,Potosí,Urbano,0,0,0,0.3134,0.1671,0,0
513-000646-A-0151,1.0,Potosí,Urbano,1,1,1,0.526,0.559,1,1
513-000646-A-0181,3.0,Potosí,Urbano,1,0,0,0.3746,0.4373,0,0
512-000222-A-0441,2.0,Potosí,Urbano,0,0,1,0.7132,0.4444,1,0
512-000222-A-0401,2.0,Potosí,Urbano,0,0,1,0.4158,0.2869,0,0
512-000222-A-0491,3.0,Potosí,Urbano,0,0,1,0.4268,0.2332,0,0
512-000222-A-0181,1.0,Potosí,Urbano,1,0,0,0.6579,0.615,1,1
512-000222-A-0231,3.0,Potosí,Urbano,0,0,1,0.4239,0.3099,0,0
512-000222-A-0271,3.0,Potosí,Urbano,0,0,1,0.4099,0.28,0,0
512-000222-A-0311,1.0,Potosí,Urbano,0,0,1,0.3391,0.2316,0,0
512-000222-A-0051,3.0,Potosí,Urbano,0,1,1,0.3649,0.3515,0,0
512-000222-A-0101,1.0,Potosí,Urbano,0,0,0,0.4572,0.2423,0,0
512-000222-A-0141,1.0,Potosí,Urbano,0,0,1,0.5347,0.2948,1,0
511-000108-A-0101,1.0,Potosí,Urbano,0,0,1,0.5808,0.3182,1,0
511-000108-A-0121,2.0,Potosí,Urbano,0,0,0,0.3584,0.215,0,0
511-000108-A-0131,4.0,Potosí,Urbano,1,0,1,0.4971,0.4787,0,0
511-000108-A-0081,3.0,Potosí,Urbano,0,1,1,0.422,0.2768,0,0
511-000108-A-0011,1.0,Potosí,Urbano,0,0,1,0.6884,0.3839,1,0
511-000108-A-0031,4.0,Potosí,Urbano,0,0,0,0.4859,0.2754,0,0
511-000108-A-0061,1.0,Potosí,Urbano,0,0,0,0.4014,0.3307,0,0
511-000108-A-0151,3.0,Potosí,Urbano,1,0,0,0.5682,0.5699,1,1
511-000108-A-0171,1.0,Potosí,Urbano,0,0,1,0.51,0.289,1,0
511-000108-A-0191,1.0,Potosí,Urbano,1,1,0,0.3645,0.5133,0,1
511-000108-A-0201,1.0,Potosí,Urbano,0,0,0,0.4557,0.3269,0,0
514-001197-A-0391,1.0,Potosí,Urbano,1,0,1,0.3286,0.3308,0,0
514-001197-A-0461,3.0,Potosí,Urbano,0,1,1,0.4836,0.3006,0,0
514-001197-A-0271,1.0,Potosí,Urbano,0,1,1,0.3681,0.345,0,0
514-001197-A-0331,2.0,Potosí,Urbano,1,1,1,0.5033,0.6234,1,1
514-001197-A-0011,1.0,Potosí,Urbano,0,0,0,0.4389,0.2011,0,0
514-001197-A-0081,1.0,Potosí,Urbano,0,0,1,0.4154,0.2227,0,0
514-001197-A-0141,1.0,Potosí,Urbano,1,0,0,0.3104,0.2078,0,0
514-001197-A-0201,1.0,Potosí,Urbano,0,0,1,0.3704,0.2349,0,0
514-001197-A-0521,1.0,Potosí,Urbano,1,0,0,0.2972,0.2509,0,0
514-001197-A-0581,1.0,Potosí,Urbano,0,0,0,0.4771,0.3854,0,0
514-001197-A-0651,1.0,Potosí,Urbano,0,0,0,0.6117,0.4053,1,0
514-001197-A-0711,3.0,Potosí,Urbano,0,0,1,0.3082,0.1737,0,0
512-000496-A-0331,1.0,Potosí,Urbano,0,0,0,0.6805,0.4671,1,0
512-000496-A-0361,1.0,Potosí,Urbano,0,0,0,0.4171,0.3224,0,0
512-000496-A-0401,1.0,Potosí,Urbano,0,0,0,0.6259,0.4112,1,0
512-000496-A-0291,3.0,Potosí,Urbano,1,0,0,0.6968,0.6001,1,1
512-000496-A-0151,4.0,Potosí,Urbano,0,0,0,0.3833,0.335,0,0
512-000496-A-0181,3.0,Potosí,Urbano,1,0,0,0.6282,0.4473,1,0
512-000496-A-0221,1.0,Potosí,Urbano,1,0,0,0.5467,0.5287,1,1
512-000496-A-0261,1.0,Potosí,Urbano,1,0,0,0.694,0.6447,1,1
512-000496-A-0111,1.0,Potosí,Urbano,0,0,0,0.5992,0.2359,1,0
512-000496-A-0081,4.0,Potosí,Urbano,0,0,0,0.5143,0.3383,1,0
512-000496-A-0011,1.0,Potosí,Urbano,1,0,1,0.7673,0.7118,1,1
512-000496-A-0041,1.0,Potosí,Urbano,0,0,0,0.7268,0.4557,1,0
514-001460-A-0221,1.0,Potosí,Urbano,0,0,0,0.6793,0.4501,1,0
514-001460-A-0251,2.0,Potosí,Urbano,0,1,0,0.4747,0.197,0,0
514-001460-A-0171,1.0,Potosí,Urbano,0,0,0,0.5401,0.3095,1,0
514-001460-A-0201,1.0,Potosí,Urbano,0,0,0,0.4264,0.2707,0,0
514-001460-A-0301,1.0,Potosí,Urbano,0,0,1,0.4324,0.2574,0,0
514-001460-A-0281,3.0,Potosí,Urbano,0,0,0,0.3202,0.208,0,0
513-000908-A-0111,2.0,Potosí,Urbano,0,0,0,0.6118,0.4626,1,0
513-000908-A-0101,3.0,Potosí,Urbano,0,0,0,0.3875,0.3192,0,0
513-000908-A-0121,1.0,Potosí,Urbano,0,0,0,0.5026,0.3351,1,0
513-000908-A-0091,1.0,Potosí,Urbano,0,0,0,0.3683,0.1738,0,0
513-000908-A-0071,3.0,Potosí,Urbano,0,0,1,0.5119,0.2844,1,0
513-000908-A-0081,1.0,Potosí,Urbano,0,0,1,0.7318,0.4786,1,0
513-000908-A-0051,1.0,Potosí,Urbano,0,0,1,0.3249,0.2116,0,0
513-000908-A-0061,1.0,Potosí,Urbano,0,0,1,0.4717,0.2698,0,0
513-000908-A-0031,1.0,Potosí,Urbano,0,0,0,0.7041,0.5296,1,1
513-000908-A-0041,3.0,Potosí,Urbano,0,0,0,0.3756,0.317,0,0
513-000908-A-0011,1.0,Potosí,Urbano,0,0,0,0.6345,0.4088,1,0
513-000908-A-0021,1.0,Potosí,Urbano,0,0,0,0.4055,0.2851,0,0
512-000390-A-0241,1.0,Potosí,Urbano,1,1,1,0.7327,0.5301,1,1
512-000390-A-0271,3.0,Potosí,Urbano,0,0,0,0.7217,0.4421,1,0
512-000390-A-0291,1.0,Potosí,Urbano,0,0,0,0.5712,0.2523,1,0
512-000390-A-0321,1.0,Potosí,Urbano,0,0,1,0.5588,0.2986,1,0
512-000390-A-0131,1.0,Potosí,Urbano,0,0,1,0.3901,0.2868,0,0
512-000390-A-0161,1.0,Potosí,Urbano,0,0,1,0.4491,0.3055,0,0
512-000390-A-0181,1.0,Potosí,Urbano,0,0,0,0.5945,0.2763,1,0
512-000390-A-0211,1.0,Potosí,Urbano,0,0,1,0.5866,0.3545,1,0
512-000390-A-0021,3.0,Potosí,Urbano,0,0,0,0.4165,0.2717,0,0
512-000390-A-0051,3.0,Potosí,Urbano,0,0,0,0.4867,0.2598,0,0
512-000390-A-0071,3.0,Potosí,Urbano,0,0,1,0.5154,0.3146,1,0
512-000390-A-0101,1.0,Potosí,Urbano,0,0,1,0.3099,0.2172,0,0
513-001115-A-0291,3.0,Potosí,Urbano,0,0,1,0.3234,0.2763,0,0
513-001115-A-0321,3.0,Potosí,Urbano,0,0,0,0.5149,0.2914,1,0
513-001115-A-0261,1.0,Potosí,Urbano,0,0,0,0.3407,0.1657,0,0
513-001115-A-0231,1.0,Potosí,Urbano,0,0,0,0.3442,0.2762,0,0
513-001115-A-0201,1.0,Potosí,Urbano,1,0,1,0.5519,0.5456,1,1
513-001115-A-0121,3.0,Potosí,Urbano,0,0,0,0.4141,0.2889,0,0
513-001115-A-0151,3.0,Potosí,Urbano,0,0,1,0.3336,0.223,0,0
513-001115-A-0181,1.0,Potosí,Urbano,0,0,0,0.5624,0.2478,1,0
513-001115-A-0061,1.0,Potosí,Urbano,0,0,1,0.3861,0.2909,0,0
513-001115-A-0031,3.0,Potosí,Urbano,0,0,1,0.3473,0.2197,0,0
513-001115-A-0091,1.0,Potosí,Urbano,0,0,1,0.4905,0.3328,0,0
514-001561-A-0131,1.0,Potosí,Urbano,0,0,0,0.412,0.1934,0,0
514-001561-A-0171,1.0,Potosí,Urbano,0,0,1,0.3409,0.3737,0,0
514-001561-A-0181,3.0,Potosí,Urbano,0,0,1,0.5444,0.349,1,0
514-001561-A-0151,3.0,Potosí,Urbano,0,0,1,0.4315,0.3288,0,0
514-001561-A-0071,1.0,Potosí,Urbano,0,0,0,0.3072,0.1987,0,0
514-001561-A-0091,1.0,Potosí,Urbano,0,0,1,0.3298,0.2434,0,0
514-001561-A-0101,1.0,Potosí,Urbano,0,0,0,0.3607,0.1713,0,0
514-001561-A-0121,3.0,Potosí,Urbano,0,0,1,0.3727,0.3022,0,0
514-001561-A-0011,3.0,Potosí,Urbano,0,0,0,0.3037,0.2111,0,0
514-001561-A-0021,1.0,Potosí,Urbano,0,0,0,0.3235,0.2608,0,0
514-001561-A-0061,2.0,Potosí,Urbano,0,0,0,0.4461,0.2222,0,0
514-001561-A-0041,1.0,Potosí,Urbano,0,0,0,0.3145,0.226,0,0
514-001650-A-0451,1.0,Potosí,Urbano,1,0,1,0.5666,0.5405,1,1
514-001650-A-0411,1.0,Potosí,Urbano,0,0,1,0.3714,0.2113,0,0
514-001650-A-0491,4.0,Potosí,Urbano,0,0,1,0.3329,0.2373,0,0
514-001650-A-0371,3.0,Potosí,Urbano,0,0,1,0.3829,0.3364,0,0
514-001650-A-0241,1.0,Potosí,Urbano,0,0,1,0.36,0.1873,0,0
514-001650-A-0321,1.0,Potosí,Urbano,1,0,0,0.3996,0.3109,0,0
514-001650-A-0201,3.0,Potosí,Urbano,0,0,1,0.401,0.2289,0,0
514-001650-A-0031,1.0,Potosí,Urbano,0,0,0,0.313,0.1588,0,0
514-001650-A-0161,4.0,Potosí,Urbano,0,0,1,0.4456,0.2391,0,0
514-001650-A-0071,1.0,Potosí,Urbano,0,0,1,0.6364,0.3973,1,0
512-000305-A-0291,2.0,Potosí,Urbano,0,0,0,0.688,0.4207,1,0
512-000305-A-0241,4.0,Potosí,Urbano,0,0,0,0.3826,0.2219,0,0
512-000305-A-0211,1.0,Potosí,Urbano,0,0,0,0.534,0.3478,1,0
512-000305-A-0261,4.0,Potosí,Urbano,0,0,0,0.412,0.2098,0,0
512-000305-A-0161,1.0,Potosí,Urbano,0,0,0,0.3329,0.1938,0,0
512-000305-A-0111,1.0,Potosí,Urbano,1,0,1,0.7755,0.6508,1,1
512-000305-A-0141,1.0,Potosí,Urbano,0,1,1,0.4559,0.187,0,0
512-000305-A-0191,1.0,Potosí,Urbano,0,0,1,0.3727,0.2443,0,0
512-000305-A-0041,1.0,Potosí,Urbano,0,0,0,0.7297,0.3695,1,0
512-000305-A-0011,1.0,Potosí,Urbano,0,0,0,0.7483,0.4759,1,0
512-000305-A-0091,1.0,Potosí,Urbano,0,0,0,0.465,0.3163,0,0
512-000305-A-0061,2.0,Potosí,Urbano,0,0,0,0.798,0.4404,1,0
513-000724-A-0211,3.0,Potosí,Urbano,0,0,0,0.4984,0.3029,0,0
513-000724-A-0261,1.0,Potosí,Urbano,0,0,1,0.5457,0.3058,1,0
513-000724-A-0231,1.0,Potosí,Urbano,0,0,0,0.3992,0.2565,0,0
513-000724-A-0101,2.0,Potosí,Urbano,0,0,0,0.4849,0.3485,0,0
513-000724-A-0121,3.0,Potosí,Urbano,1,0,1,0.3475,0.4256,0,0
513-000724-A-0171,1.0,Potosí,Urbano,0,0,0,0.3325,0.1992,0,0
513-000724-A-0141,1.0,Potosí,Urbano,0,0,1,0.4947,0.2835,0,0
513-000724-A-0081,4.0,Potosí,Urbano,1,0,1,0.6371,0.4854,1,0
513-000724-A-0011,3.0,Potosí,Urbano,0,0,1,0.3787,0.2202,0,0
513-000724-A-0051,1.0,Potosí,Urbano,0,0,1,0.4803,0.2333,0,0
513-000724-A-0031,1.0,Potosí,Urbano,1,0,0,0.7288,0.6033,1,1
551-008388-D-0071,1.0,Potosí,Rural,0,0,1,0.7309,0.2029,1,0
551-008388-D-0081,1.0,Potosí,Rural,0,0,0,0.7636,0.2147,1,0
551-008388-D-0101,1.0,Potosí,Rural,0,0,1,0.6534,0.4256,1,0
551-008388-D-0111,1.0,Potosí,Rural,0,0,1,0.7134,0.4321,1,0
551-008388-D-0131,1.0,Potosí,Rural,0,0,1,0.6278,0.26,1,0
551-008388-D-0171,3.0,Potosí,Rural,0,0,1,0.2769,0.1894,0,0
551-008388-D-0141,1.0,Potosí,Rural,0,0,0,0.2913,0.2681,0,0
551-008388-D-0161,1.0,Potosí,Rural,1,0,1,0.7006,0.2837,1,0
551-008388-D-0011,2.0,Potosí,Rural,0,0,1,0.4055,0.2925,0,0
551-008388-D-0041,3.0,Potosí,Rural,0,0,1,0.5889,0.3178,1,0
551-008388-D-0051,1.0,Potosí,Rural,0,0,1,0.6662,0.2261,1,0
551-008388-D-0021,1.0,Potosí,Rural,0,0,1,0.4755,0.235,0,0
552-006118-D-0071,2.0,Potosí,Rural,0,0,1,0.5801,0.3148,1,0
552-006118-D-0091,1.0,Potosí,Rural,0,0,0,0.6134,0.2531,1,0
552-006118-D-0101,1.0,Potosí,Rural,1,0,1,0.6645,0.6086,1,1
552-006118-D-0121,1.0,Potosí,Rural,0,0,1,0.5474,0.3994,1,0
552-006118-D-0171,1.0,Potosí,Rural,0,1,0,0.6376,0.3411,1,0
552-006118-D-0131,1.0,Potosí,Rural,0,0,1,0.4746,0.2291,0,0
552-006118-D-0151,1.0,Potosí,Rural,0,0,1,0.5154,0.336,1,0
552-006118-D-0181,3.0,Potosí,Rural,0,0,0,0.3563,0.2273,0,0
552-006118-D-0061,1.0,Potosí,Rural,0,0,0,0.3629,0.2601,0,0
552-006118-D-0021,3.0,Potosí,Rural,0,0,0,0.417,0.3227,0,0
552-006118-D-0011,1.0,Potosí,Rural,0,0,0,0.5863,0.2905,1,0
552-006118-D-0041,1.0,Potosí,Rural,0,0,0,0.4763,0.3893,0,0
532-002531-A-0051,1.0,Potosí,Urbano,0,0,1,0.6413,0.3177,1,0
532-002531-A-0061,1.0,Potosí,Urbano,0,0,1,0.44,0.2628,0,0
532-002531-A-0081,1.0,Potosí,Urbano,0,0,1,0.7778,0.491,1,0
532-002531-A-0091,1.0,Potosí,Urbano,0,0,1,0.4352,0.2285,0,0
532-002531-A-0131,1.0,Potosí,Urbano,0,0,1,0.5605,0.3005,1,0
532-002531-A-0111,4.0,Potosí,Urbano,0,0,1,0.3054,0.311,0,0
532-002531-A-0101,1.0,Potosí,Urbano,0,0,0,0.4802,0.2446,0,0
532-002531-A-0121,1.0,Potosí,Urbano,0,0,1,0.6481,0.3681,1,0
532-002531-A-0011,3.0,Potosí,Urbano,1,0,0,0.4519,0.5617,0,1
532-002531-A-0021,1.0,Potosí,Urbano,0,1,0,0.4514,0.2705,0,0
532-002531-A-0031,1.0,Potosí,Urbano,0,0,0,0.5445,0.2835,1,0
532-002531-A-0041,1.0,Potosí,Urbano,0,1,0,0.356,0.3078,0,0
552-006874-D-0081,1.0,Potosí,Rural,0,0,1,0.5614,0.3845,1,0
552-006874-D-0121,1.0,Potosí,Rural,0,0,1,0.515,0.36,1,0
552-006874-D-0101,1.0,Potosí,Rural,0,0,1,0.634,0.3192,1,0
552-006874-D-0141,1.0,Potosí,Rural,0,0,1,0.4949,0.3278,0,0
552-006874-D-0161,1.0,Potosí,Rural,0,0,0,0.5193,0.3687,1,0
552-006874-D-0171,1.0,Potosí,Rural,1,0,1,0.417,0.4062,0,0
552-006874-D-0191,3.0,Potosí,Rural,1,0,1,0.4665,0.5368,0,1
552-006874-D-0211,3.0,Potosí,Rural,0,0,0,0.4065,0.315,0,0
552-006874-D-0031,3.0,Potosí,Rural,0,0,0,0.476,0.4122,0,0
552-006874-D-0011,1.0,Potosí,Rural,0,0,0,0.5319,0.318,1,0
552-006874-D-0051,1.0,Potosí,Rural,0,0,0,0.3936,0.2849,0,0
552-006874-D-0061,1.0,Potosí,Rural,0,0,0,0.5482,0.3784,1,0
541-006878-D-0101,1.0,Potosí,Rural,0,0,1,0.6491,0.2586,1,0
541-006878-D-0121,1.0,Potosí,Rural,0,0,1,0.521,0.3573,1,0
541-006878-D-0161,1.0,Potosí,Rural,1,0,1,0.5703,0.336,1,0
541-006878-D-0141,1.0,Potosí,Rural,0,0,1,0.4977,0.3865,0,0
541-006878-D-0181,3.0,Potosí,Rural,0,0,0,0.3549,0.2832,0,0
541-006878-D-0201,3.0,Potosí,Rural,0,0,1,0.3112,0.1921,0,0
541-006878-D-0241,3.0,Potosí,Rural,0,0,0,0.2978,0.2583,0,0
541-006878-D-0221,1.0,Potosí,Rural,1,0,0,0.4947,0.6274,0,1
541-006878-D-0011,1.0,Potosí,Rural,0,0,0,0.4752,0.2164,0,0
541-006878-D-0041,1.0,Potosí,Rural,0,0,0,0.6387,0.2522,1,0
541-006878-D-0061,1.0,Potosí,Rural,0,0,0,0.4427,0.3182,0,0
541-006878-D-0081,1.0,Potosí,Rural,0,0,0,0.3951,0.3668,0,0
552-008340-D-0071,1.0,Potosí,Rural,0,0,1,0.7533,0.1934,1,0
552-008340-D-0091,1.0,Potosí,Rural,0,0,1,0.6076,0.376,1,0
552-008340-D-0101,1.0,Potosí,Rural,0,0,1,0.7003,0.3876,1,0
552-008340-D-0121,1.0,Potosí,Rural,0,0,1,0.7199,0.1615,1,0
552-008340-D-0131,1.0,Potosí,Rural,0,0,0,0.5779,0.3622,1,0
552-008340-D-0171,1.0,Potosí,Rural,0,0,0,0.3005,0.1814,0,0
552-008340-D-0181,1.0,Potosí,Rural,0,0,0,0.4492,0.2544,0,0
552-008340-D-0151,1.0,Potosí,Rural,0,0,0,0.4287,0.2177,0,0
552-008340-D-0011,1.0,Potosí,Rural,0,0,0,0.5027,0.3522,1,0
552-008340-D-0041,1.0,Potosí,Rural,0,0,0,0.5071,0.313,1,0
552-008340-D-0061,1.0,Potosí,Rural,0,0,0,0.5228,0.3437,1,0
552-008340-D-0021,1.0,Potosí,Rural,0,0,0,0.4526,0.3208,0,0
544-005206-A-0051,1.0,Potosí,Rural,0,0,1,0.2494,0.1642,0,0
544-005206-A-0061,1.0,Potosí,Rural,0,0,1,0.622,0.4085,1,0
544-005206-A-0071,1.0,Potosí,Rural,0,0,1,0.5024,0.4276,1,0
544-005206-A-0081,1.0,Potosí,Rural,0,0,1,0.2559,0.1577,0,0
544-005206-A-0111,1.0,Potosí,Rural,0,0,0,0.4441,0.2445,0,0
544-005206-A-0091,1.0,Potosí,Rural,0,0,0,0.3094,0.2012,0,0
544-005206-A-0101,1.0,Potosí,Rural,0,0,0,0.3516,0.2311,0,0
544-005206-A-0121,1.0,Potosí,Rural,0,0,0,0.4871,0.2431,0,0
544-005206-A-0021,1.0,Potosí,Rural,0,0,1,0.5162,0.2667,1,0
544-005206-A-0031,1.0,Potosí,Rural,0,0,1,0.2449,0.1377,0,0
544-005206-A-0041,1.0,Potosí,Rural,0,0,1,0.2416,0.1247,0,0
544-005206-A-0011,1.0,Potosí,Rural,0,0,0,0.3066,0.2576,0,0
552-007138-D-0081,1.0,Potosí,Rural,0,0,1,0.4693,0.1733,0,0
552-007138-D-0091,1.0,Potosí,Rural,0,0,1,0.3398,0.094,0,0
552-007138-D-0111,1.0,Potosí,Rural,0,0,1,0.3283,0.2831,0,0
552-007138-D-0131,1.0,Potosí,Rural,0,0,1,0.732,0.2287,1,0
552-007138-D-0141,1.0,Potosí,Rural,0,0,1,0.3962,0.3628,0,0
552-007138-D-0161,1.0,Potosí,Rural,1,0,1,0.6016,0.5526,1,1
552-007138-D-0181,1.0,Potosí,Rural,0,0,0,0.4107,0.3203,0,0
552-007138-D-0191,1.0,Potosí,Rural,0,0,0,0.3652,0.2242,0,0
552-007138-D-0031,1.0,Potosí,Rural,0,0,1,0.454,0.2111,0,0
552-007138-D-0041,1.0,Potosí,Rural,1,1,0,0.4443,0.5035,0,1
552-007138-D-0011,1.0,Potosí,Rural,1,0,1,0.4012,0.6013,0,1
552-007138-D-0061,1.0,Potosí,Rural,0,0,1,0.4808,0.2883,0,0
551-007125-D-0071,1.0,Potosí,Rural,0,0,1,0.5285,0.2847,1,0
551-007125-D-0091,1.0,Potosí,Rural,0,0,1,0.7654,0.1785,1,0
551-007125-D-0101,1.0,Potosí,Rural,0,0,0,0.6598,0.2752,1,0
551-007125-D-0121,1.0,Potosí,Rural,0,0,1,0.5247,0.3539,1,0
551-007125-D-0181,1.0,Potosí,Rural,0,0,0,0.5511,0.2892,1,0
551-007125-D-0151,1.0,Potosí,Rural,0,0,0,0.3927,0.3324,0,0
551-007125-D-0131,1.0,Potosí,Rural,0,0,1,0.49,0.3618,0,0
551-007125-D-0171,1.0,Potosí,Rural,0,0,0,0.2563,0.1039,0,0
551-007125-D-0011,1.0,Potosí,Rural,0,0,1,0.4216,0.2982,0,0
551-007125-D-0021,1.0,Potosí,Rural,0,0,1,0.361,0.3537,0,0
551-007125-D-0041,3.0,Potosí,Rural,0,0,1,0.5052,0.2936,1,0
551-007125-D-0061,2.0,Potosí,Rural,0,0,1,0.5063,0.3068,1,0
542-004197-A-0011,3.0,Potosí,Rural,0,0,0,0.2581,0.1758,0,0
542-004197-A-0031,1.0,Potosí,Rural,0,0,0,0.4206,0.2802,0,0
542-004197-A-0051,1.0,Potosí,Rural,1,0,1,0.3135,0.5717,0,1
542-004197-A-0061,1.0,Potosí,Rural,0,0,0,0.425,0.3767,0,0
542-004197-A-0081,1.0,Potosí,Rural,0,0,0,0.7183,0.5278,1,1
542-004197-A-0101,4.0,Potosí,Rural,0,0,1,0.3833,0.2495,0,0
542-004197-A-0121,2.0,Potosí,Rural,1,0,0,0.5242,0.5892,1,1
542-004197-A-0131,2.0,Potosí,Rural,0,0,1,0.6703,0.3463,1,0
542-004197-A-0151,1.0,Potosí,Rural,0,0,1,0.4494,0.2315,0,0
542-004197-A-0171,2.0,Potosí,Rural,0,0,1,0.6339,0.3928,1,0
542-004197-A-0191,1.0,Potosí,Rural,0,0,0,0.4551,0.2998,0,0
542-004197-A-0201,1.0,Potosí,Rural,0,0,0,0.6829,0.4038,1,0
553-007544-D-0191,1.0,Potosí,Rural,0,0,0,0.5262,0.3215,1,0
553-007544-D-0211,1.0,Potosí,Rural,0,0,0,0.7103,0.1537,1,0
553-007544-D-0231,1.0,Potosí,Rural,0,0,0,0.4985,0.3153,0,0
553-007544-D-0261,1.0,Potosí,Rural,1,0,0,0.3308,0.5201,0,1
553-007544-D-0101,2.0,Potosí,Rural,0,0,0,0.7012,0.4096,1,0
553-007544-D-0121,1.0,Potosí,Rural,0,0,0,0.6329,0.4143,1,0
553-007544-D-0141,2.0,Potosí,Rural,0,0,0,0.5617,0.3978,1,0
553-007544-D-0171,1.0,Potosí,Rural,0,0,0,0.4593,0.3539,0,0
553-007544-D-0011,1.0,Potosí,Rural,0,0,0,0.5029,0.281,1,0
553-007544-D-0031,1.0,Potosí,Rural,0,0,0,0.6665,0.4832,1,0
553-007544-D-0051,1.0,Potosí,Rural,0,0,0,0.4876,0.3857,0,0
553-007544-D-0081,1.0,Potosí,Rural,0,0,0,0.5526,0.3316,1,0
552-005873-D-0181,3.0,Potosí,Rural,0,0,0,0.4764,0.4716,0,0
552-005873-D-0251,1.0,Potosí,Rural,0,0,0,0.6003,0.301,1,0
552-005873-D-0201,1.0,Potosí,Rural,0,0,0,0.3527,0.2328,0,0
552-005873-D-0221,2.0,Potosí,Rural,0,0,0,0.6209,0.3534,1,0
552-005873-D-0121,1.0,Potosí,Rural,0,0,0,0.2912,0.1406,0,0
552-005873-D-0141,1.0,Potosí,Rural,1,0,0,0.581,0.5925,1,1
552-005873-D-0161,1.0,Potosí,Rural,1,0,0,0.6308,0.6839,1,1
552-005873-D-0091,1.0,Potosí,Rural,1,0,0,0.5692,0.4331,1,0
552-005873-D-0051,1.0,Potosí,Rural,1,0,0,0.7329,0.6011,1,1
552-005873-D-0071,3.0,Potosí,Rural,0,0,1,0.5293,0.4636,1,0
552-005873-D-0011,1.0,Potosí,Rural,0,0,0,0.7565,0.2506,1,0
552-005873-D-0031,1.0,Potosí,Rural,0,0,0,0.6303,0.4616,1,0
533-002196-A-0141,1.0,Potosí,Urbano,1,0,1,0.6254,0.5275,1,1
533-002196-A-0181,1.0,Potosí,Urbano,1,0,1,0.3964,0.484,0,0
533-002196-A-0161,2.0,Potosí,Urbano,1,0,1,0.3807,0.3681,0,0
533-002196-A-0191,3.0,Potosí,Urbano,0,0,1,0.3694,0.2309,0,0
533-002196-A-0011,3.0,Potosí,Urbano,0,0,1,0.6791,0.3485,1,0
533-002196-A-0061,1.0,Potosí,Urbano,0,0,1,0.749,0.4819,1,0
533-002196-A-0031,1.0,Potosí,Urbano,1,0,1,0.647,0.3941,1,0
533-002196-A-0041,1.0,Potosí,Urbano,0,1,1,0.5688,0.2806,1,0
533-002196-A-0081,1.0,Potosí,Urbano,1,0,0,0.4473,0.4362,0,0
533-002196-A-0091,1.0,Potosí,Urbano,0,0,1,0.4871,0.33,0,0
533-002196-A-0111,2.0,Potosí,Urbano,0,0,1,0.2994,0.229,0,0
533-002196-A-0131,1.0,Potosí,Urbano,0,0,0,0.4188,0.266,0,0
523-002026-A-0191,1.0,Potosí,Urbano,0,0,1,0.3915,0.2278,0,0
523-002026-A-0211,1.0,Potosí,Urbano,0,0,1,0.6647,0.3731,1,0
523-002026-A-0231,2.0,Potosí,Urbano,0,0,0,0.4586,0.391,0,0
523-002026-A-0261,1.0,Potosí,Urbano,1,0,0,0.391,0.3341,0,0
523-002026-A-0031,1.0,Potosí,Urbano,1,0,0,0.7464,0.6935,1,1
523-002026-A-0051,2.0,Potosí,Urbano,0,1,1,0.4911,0.345,0,0
523-002026-A-0081,1.0,Potosí,Urbano,0,1,1,0.3958,0.261,0,0
523-002026-A-0011,1.0,Potosí,Urbano,1,0,1,0.7754,0.5715,1,1
523-002026-A-0121,1.0,Potosí,Urbano,0,0,1,0.5969,0.3352,1,0
523-002026-A-0141,1.0,Potosí,Urbano,0,0,1,0.3247,0.3224,0,0
523-002026-A-0171,1.0,Potosí,Urbano,0,0,1,0.6108,0.3473,1,0
524-002115-A-0061,3.0,Potosí,Urbano,0,0,0,0.4096,0.2381,0,0
524-002115-A-0101,1.0,Potosí,Urbano,0,1,0,0.4361,0.3494,0,0
524-002115-A-0091,3.0,Potosí,Urbano,0,0,0,0.439,0.2681,0,0
524-002115-A-0081,1.0,Potosí,Urbano,0,0,1,0.4076,0.307,0,0
524-002115-A-0051,3.0,Potosí,Urbano,0,0,1,0.4701,0.3277,0,0
524-002115-A-0011,1.0,Potosí,Urbano,1,0,1,0.7558,0.6421,1,1
524-002115-A-0021,1.0,Potosí,Urbano,1,0,1,0.3729,0.4512,0,0
524-002115-A-0031,1.0,Potosí,Urbano,1,0,1,0.3651,0.4482,0,0
524-002115-A-0121,1.0,Potosí,Urbano,0,0,0,0.5186,0.3957,1,0
524-002115-A-0131,1.0,Potosí,Urbano,0,0,1,0.446,0.3641,0,0
524-002115-A-0151,1.0,Potosí,Urbano,0,0,1,0.4098,0.3296,0,0
524-002115-A-0161,1.0,Potosí,Urbano,0,0,1,0.4704,0.2938,0,0
522-001997-A-0141,1.0,Potosí,Urbano,0,0,0,0.3334,0.3183,0,0
522-001997-A-0191,2.0,Potosí,Urbano,0,0,0,0.5004,0.2326,1,0
522-001997-A-0161,1.0,Potosí,Urbano,0,0,1,0.421,0.2464,0,0
522-001997-A-0181,3.0,Potosí,Urbano,0,0,1,0.475,0.2507,0,0
522-001997-A-0081,1.0,Potosí,Urbano,0,0,1,0.469,0.2401,0,0
522-001997-A-0131,1.0,Potosí,Urbano,0,0,1,0.5803,0.2886,1,0
522-001997-A-0111,1.0,Potosí,Urbano,0,0,1,0.5275,0.3801,1,0
522-001997-A-0011,3.0,Potosí,Urbano,0,0,0,0.3399,0.3404,0,0
522-001997-A-0031,1.0,Potosí,Urbano,1,0,0,0.7498,0.6747,1,1
522-001997-A-0041,4.0,Potosí,Urbano,0,0,0,0.5604,0.2764,1,0
522-001997-A-0061,1.0,Potosí,Urbano,0,0,1,0.5577,0.2797,1,0
521-001875-A-0011,1.0,Potosí,Urbano,1,0,1,0.4855,0.5764,0,1
521-001875-A-0021,1.0,Potosí,Urbano,0,0,1,0.5463,0.2566,1,0
521-001875-A-0081,3.0,Potosí,Urbano,0,1,1,0.5872,0.2595,1,0
521-001875-A-0131,3.0,Potosí,Urbano,0,0,1,0.6633,0.2315,1,0
521-001875-A-0031,1.0,Potosí,Urbano,1,0,1,0.6945,0.6127,1,1
521-001875-A-0041,1.0,Potosí,Urbano,1,0,1,0.6176,0.5807,1,1
521-001875-A-0111,3.0,Potosí,Urbano,1,0,1,0.6649,0.4884,1,0
521-001875-A-0121,1.0,Potosí,Urbano,1,0,0,0.4127,0.519,0,1
521-001875-A-0051,1.0,Potosí,Urbano,0,0,1,0.6358,0.4117,1,0
521-001875-A-0061,1.0,Potosí,Urbano,0,0,1,0.5799,0.3208,1,0
521-001875-A-0091,1.0,Potosí,Urbano,0,0,1,0.7986,0.4624,1,0
521-001875-A-0101,1.0,Potosí,Urbano,0,0,1,0.5164,0.3172,1,0
533-001749-A-0011,3.0,Potosí,Urbano,0,0,1,0.4335,0.3119,0,0
533-001749-A-0041,1.0,Potosí,Urbano,0,0,0,0.5081,0.3217,1,0
533-001749-A-0021,1.0,Potosí,Urbano,0,0,0,0.288,0.2146,0,0
533-001749-A-0051,3.0,Potosí,Urbano,0,0,0,0.4748,0.197,0,0
533-001749-A-0111,3.0,Potosí,Urbano,1,1,1,0.3886,0.3564,0,0
533-001749-A-0081,1.0,Potosí,Urbano,0,0,1,0.3957,0.3225,0,0
533-001749-A-0101,4.0,Potosí,Urbano,1,0,0,0.5548,0.3472,1,0
533-001749-A-0071,4.0,Potosí,Urbano,1,0,1,0.4176,0.3377,0,0
533-001749-A-0131,3.0,Potosí,Urbano,0,0,0,0.4334,0.2905,0,0
533-001749-A-0141,1.0,Potosí,Urbano,0,0,1,0.5617,0.3057,1,0
533-001749-A-0161,1.0,Potosí,Urbano,0,0,0,0.4324,0.2058,0,0
533-001749-A-0171,3.0,Potosí,Urbano,0,0,0,0.4453,0.2929,0,0
544-005911-D-0091,2.0,Potosí,Rural,0,0,0,0.3063,0.1792,0,0
544-005911-D-0031,1.0,Potosí,Rural,0,0,0,0.2431,0.1382,0,0
544-005911-D-0151,1.0,Potosí,Rural,0,0,0,0.2726,0.1598,0,0
544-005911-D-0441,1.0,Potosí,Rural,0,0,0,0.1934,0.1327,0,0
544-005911-D-0381,3.0,Potosí,Rural,0,0,0,0.242,0.2658,0,0
544-005911-D-0271,4.0,Potosí,Rural,0,0,0,0.3334,0.2611,0,0
544-005911-D-0331,1.0,Potosí,Rural,0,0,0,0.1428,0.1413,0,0
544-005911-D-0501,4.0,Potosí,Rural,0,0,0,0.3616,0.2102,0,0
544-005911-D-0561,3.0,Potosí,Rural,0,0,0,0.3254,0.1879,0,0
544-005911-D-0621,2.0,Potosí,Rural,0,0,0,0.3357,0.2621,0,0
544-005911-D-0681,3.0,Potosí,Rural,1,0,0,0.3896,0.2873,0,0
543-008248-D-0071,3.0,Potosí,Rural,0,0,0,0.2909,0.1559,0,0
543-008248-D-0101,1.0,Potosí,Rural,0,0,0,0.414,0.2547,0,0
543-008248-D-0011,1.0,Potosí,Rural,0,1,1,0.2416,0.1406,0,0
543-008248-D-0041,1.0,Potosí,Rural,0,0,0,0.323,0.2164,0,0
543-008248-D-0161,4.0,Potosí,Rural,0,0,0,0.252,0.125,0,0
543-008248-D-0221,1.0,Potosí,Rural,0,0,0,0.468,0.3407,0,0
543-008248-D-0191,1.0,Potosí,Rural,0,0,0,0.3084,0.1598,0,0
543-008248-D-0311,2.0,Potosí,Rural,1,0,0,0.6094,0.3902,1,0
543-008248-D-0341,1.0,Potosí,Rural,0,0,0,0.3703,0.3082,0,0
543-008248-D-0251,1.0,Potosí,Rural,0,0,0,0.5197,0.2572,1,0
543-008248-D-0281,2.0,Potosí,Rural,1,0,1,0.7576,0.4848,1,0
544-005058-A-0021,3.0,Potosí,Rural,0,0,0,0.2128,0.144,0,0
544-005058-A-0041,1.0,Potosí,Rural,0,0,0,0.2335,0.2083,0,0
544-005058-A-0031,1.0,Potosí,Rural,0,0,0,0.4243,0.2871,0,0
544-005058-A-0011,1.0,Potosí,Rural,0,0,0,0.1916,0.1394,0,0
544-005058-A-0081,1.0,Potosí,Rural,0,0,0,0.2282,0.1445,0,0
544-005058-A-0091,1.0,Potosí,Rural,0,0,0,0.2112,0.1387,0,0
544-005058-A-0061,1.0,Potosí,Rural,0,0,0,0.5712,0.2044,1,0
544-005058-A-0071,1.0,Potosí,Rural,0,0,0,0.222,0.1663,0,0
544-005058-A-0111,1.0,Potosí,Rural,0,0,0,0.2829,0.2748,0,0
544-005058-A-0121,1.0,Potosí,Rural,0,0,0,0.396,0.3006,0,0
544-005058-A-0131,1.0,Potosí,Rural,1,0,0,0.2456,0.4208,0,0
544-005058-A-0141,4.0,Potosí,Rural,0,0,0,0.324,0.1256,0,0
542-005018-A-0011,1.0,Potosí,Rural,0,0,0,0.3425,0.2237,0,0
542-005018-A-0041,1.0,Potosí,Rural,0,0,0,0.5109,0.2292,1,0
542-005018-A-0031,1.0,Potosí,Rural,0,0,0,0.491,0.4121,0,0
542-005018-A-0021,1.0,Potosí,Rural,0,0,0,0.3441,0.2015,0,0
542-005018-A-0081,6.0,Potosí,Rural,0,0,0,0.4687,0.42,0,0
542-005018-A-0061,1.0,Potosí,Rural,0,0,0,0.595,0.3843,1,0
542-005018-A-0071,1.0,Potosí,Rural,0,0,0,0.5933,0.3519,1,0
542-005018-A-0051,1.0,Potosí,Rural,0,0,0,0.3042,0.2129,0,0
542-005018-A-0091,1.0,Potosí,Rural,0,0,0,0.46,0.2928,0,0
542-005018-A-0101,1.0,Potosí,Rural,0,0,0,0.5206,0.3186,1,0
542-005018-A-0111,3.0,Potosí,Rural,0,0,0,0.382,0.283,0,0
542-005018-A-0121,1.0,Potosí,Rural,0,0,0,0.2717,0.2074,0,0
543-003994-A-0011,3.0,Potosí,Rural,0,0,0,0.3531,0.3074,0,0
543-003994-A-0021,1.0,Potosí,Rural,0,0,0,0.6817,0.3305,1,0
543-003994-A-0031,4.0,Potosí,Rural,0,1,0,0.6483,0.3008,1,0
543-003994-A-0051,8.0,Potosí,Rural,0,0,0,0.6865,0.3621,1,0
543-003994-A-0061,1.0,Potosí,Rural,0,0,0,0.6413,0.3748,1,0
543-003994-A-0071,3.0,Potosí,Rural,0,0,0,0.297,0.1692,0,0
543-003994-A-0091,1.0,Potosí,Rural,0,0,0,0.5042,0.3633,1,0
543-003994-A-0101,2.0,Potosí,Rural,0,0,0,0.4048,0.2467,0,0
543-003994-A-0111,1.0,Potosí,Rural,0,0,0,0.6215,0.3161,1,0
543-003994-A-0131,1.0,Potosí,Rural,0,0,0,0.6495,0.3272,1,0
543-003994-A-0141,1.0,Potosí,Rural,0,0,0,0.3218,0.2527,0,0
543-003994-A-0151,1.0,Potosí,Rural,0,0,0,0.6359,0.4895,1,0
552-006676-D-0031,3.0,Potosí,Rural,0,0,0,0.6477,0.378,1,0
552-006676-D-0011,1.0,Potosí,Rural,0,0,0,0.5688,0.3688,1,0
552-006676-D-0061,1.0,Potosí,Rural,0,0,0,0.5335,0.4373,1,0
552-006676-D-0051,1.0,Potosí,Rural,0,0,0,0.5774,0.4363,1,0
552-006676-D-0081,1.0,Potosí,Rural,0,0,0,0.5838,0.4742,1,0
552-006676-D-0101,3.0,Potosí,Rural,0,0,0,0.2975,0.2699,0,0
552-006676-D-0121,1.0,Potosí,Rural,0,0,0,0.5813,0.3818,1,0
552-006676-D-0131,1.0,Potosí,Rural,0,0,0,0.5742,0.4817,1,0
552-006676-D-0171,1.0,Potosí,Rural,0,0,0,0.5827,0.3603,1,0
552-006676-D-0151,1.0,Potosí,Rural,0,0,0,0.8506,0.2376,1,0
552-006676-D-0191,1.0,Potosí,Rural,0,0,0,0.4025,0.2412,0,0
552-006676-D-0201,1.0,Potosí,Rural,0,0,0,0.7724,0.2735,1,0
552-006588-D-0091,1.0,Potosí,Rural,0,1,1,0.518,0.3235,1,0
552-006588-D-0061,1.0,Potosí,Rural,0,0,0,0.6241,0.2498,1,0
552-006588-D-0011,1.0,Potosí,Rural,0,0,0,0.6033,0.3365,1,0
552-006588-D-0031,1.0,Potosí,Rural,0,0,0,0.6054,0.3074,1,0
552-006588-D-0181,1.0,Potosí,Rural,0,0,0,0.4181,0.2845,0,0
552-006588-D-0151,1.0,Potosí,Rural,0,0,0,0.5966,0.2742,1,0
552-006588-D-0121,1.0,Potosí,Rural,0,0,0,0.6742,0.2166,1,0
552-006588-D-0201,2.0,Potosí,Rural,0,0,0,0.7003,0.4472,1,0
552-006588-D-0231,1.0,Potosí,Rural,0,0,0,0.6926,0.2928,1,0
552-006588-D-0261,1.0,Potosí,Rural,1,0,0,0.697,0.6684,1,1
552-006588-D-0291,1.0,Potosí,Rural,0,0,0,0.534,0.4852,1,0
552-006588-D-0321,3.0,Potosí,Rural,0,0,0,0.4078,0.2692,0,0
553-006644-D-0011,3.0,Potosí,Rural,0,0,0,0.3116,0.158,0,0
553-006644-D-0021,1.0,Potosí,Rural,0,0,0,0.5843,0.2239,1,0
553-006644-D-0031,1.0,Potosí,Rural,0,0,0,0.3008,0.1609,0,0
553-006644-D-0041,3.0,Potosí,Rural,0,0,0,0.2863,0.1629,0,0
553-006644-D-0061,3.0,Potosí,Rural,0,0,0,0.3257,0.1959,0,0
553-006644-D-0071,4.0,Potosí,Rural,0,0,1,0.4355,0.2915,0,0
553-006644-D-0081,3.0,Potosí,Rural,0,0,0,0.3981,0.2146,0,0
553-006644-D-0091,1.0,Potosí,Rural,0,0,1,0.5062,0.3071,1,0
553-006644-D-0111,1.0,Potosí,Rural,1,0,0,0.6368,0.4657,1,0
553-006644-D-0131,1.0,Potosí,Rural,1,0,0,0.5769,0.321,1,0
553-006644-D-0141,3.0,Potosí,Rural,0,0,0,0.3957,0.2167,0,0
553-006644-D-0121,2.0,Potosí,Rural,0,0,1,0.6831,0.4733,1,0
551-006229-D-0341,1.0,Potosí,Rural,0,0,0,0.5345,0.3805,1,0
551-006229-D-0311,1.0,Potosí,Rural,0,0,0,0.4796,0.3832,0,0
551-006229-D-0251,1.0,Potosí,Rural,0,0,0,0.6586,0.4242,1,0
551-006229-D-0281,1.0,Potosí,Rural,0,0,0,0.4806,0.3219,0,0
551-006229-D-0011,1.0,Potosí,Rural,0,0,1,0.6636,0.4139,1,0
551-006229-D-0041,1.0,Potosí,Rural,0,0,1,0.6982,0.282,1,0
551-006229-D-0101,1.0,Potosí,Rural,0,0,1,0.635,0.2412,1,0
551-006229-D-0071,1.0,Potosí,Rural,1,0,1,0.6116,0.5871,1,1
551-006229-D-0161,1.0,Potosí,Rural,0,0,0,0.7067,0.2725,1,0
551-006229-D-0131,1.0,Potosí,Rural,1,0,1,0.8308,0.1945,1,0
551-006229-D-0191,1.0,Potosí,Rural,0,1,1,0.4808,0.2461,0,0
551-006229-D-0221,1.0,Potosí,Rural,0,0,1,0.6893,0.1486,1,0
543-006393-D-0191,1.0,Potosí,Rural,0,1,0,0.6166,0.3644,1,0
543-006393-D-0171,1.0,Potosí,Rural,0,0,0,0.7049,0.2228,1,0
543-006393-D-0231,1.0,Potosí,Rural,0,0,0,0.7302,0.4042,1,0
543-006393-D-0211,1.0,Potosí,Rural,0,0,0,0.4167,0.2556,0,0
543-006393-D-0011,2.0,Potosí,Rural,0,1,1,0.6343,0.3908,1,0
543-006393-D-0031,1.0,Potosí,Rural,1,0,1,0.5474,0.5777,1,1
543-006393-D-0051,1.0,Potosí,Rural,0,0,1,0.7612,0.2343,1,0
543-006393-D-0071,1.0,Potosí,Rural,0,0,1,0.6808,0.2985,1,0
543-006393-D-0091,3.0,Potosí,Rural,0,0,1,0.6127,0.4017,1,0
543-006393-D-0111,1.0,Potosí,Rural,0,1,1,0.7254,0.124,1,0
543-006393-D-0131,1.0,Potosí,Rural,1,1,1,0.7305,0.4283,1,0
543-006393-D-0151,3.0,Potosí,Rural,0,1,1,0.6431,0.4151,1,0
532-002410-A-0111,8.0,Potosí,Urbano,0,0,1,0.5161,0.2387,1,0
532-002410-A-0131,1.0,Potosí,Urbano,0,0,1,0.5852,0.267,1,0
532-002410-A-0151,2.0,Potosí,Urbano,0,0,0,0.48,0.2698,0,0
532-002410-A-0141,1.0,Potosí,Urbano,0,0,0,0.4228,0.3032,0,0
532-002410-A-0011,1.0,Potosí,Urbano,0,0,1,0.4364,0.2837,0,0
532-002410-A-0021,1.0,Potosí,Urbano,0,0,1,0.7195,0.4964,1,0
532-002410-A-0031,2.0,Potosí,Urbano,0,0,1,0.6857,0.419,1,0
532-002410-A-0061,3.0,Potosí,Urbano,0,0,0,0.2915,0.2177,0,0
532-002410-A-0071,1.0,Potosí,Urbano,0,0,0,0.4351,0.2348,0,0
532-002410-A-0091,3.0,Potosí,Urbano,0,0,0,0.3188,0.1939,0,0
532-002410-A-0101,5.0,Potosí,Urbano,0,0,1,0.5353,0.2578,1,0
531-002403-A-0311,2.0,Potosí,Urbano,0,0,0,0.5306,0.4473,1,0
531-002403-A-0341,2.0,Potosí,Urbano,0,0,0,0.4082,0.3402,0,0
531-002403-A-0101,2.0,Potosí,Urbano,0,0,1,0.7345,0.4531,1,0
531-002403-A-0041,2.0,Potosí,Urbano,0,0,0,0.5738,0.2569,1,0
531-002403-A-0221,2.0,Potosí,Urbano,0,0,1,0.6032,0.4229,1,0
531-002403-A-0011,1.0,Potosí,Urbano,1,0,0,0.604,0.5863,1,1
531-002403-A-0191,1.0,Potosí,Urbano,0,1,1,0.4995,0.2608,0,0
531-002403-A-0161,1.0,Potosí,Urbano,0,1,1,0.5095,0.3311,1,0
531-002403-A-0131,1.0,Potosí,Urbano,0,1,1,0.5176,0.2686,1,0
531-002403-A-0251,1.0,Potosí,Urbano,0,1,1,0.6913,0.3615,1,0
552-006130-D-0101,1.0,Potosí,Rural,0,0,0,0.3796,0.2793,0,0
552-006130-D-0111,3.0,Potosí,Rural,0,0,0,0.3108,0.2907,0,0
552-006130-D-0091,1.0,Potosí,Rural,0,0,0,0.5397,0.3353,1,0
552-006130-D-0121,1.0,Potosí,Rural,0,0,1,0.4701,0.196,0,0
552-006130-D-0031,1.0,Potosí,Rural,0,0,1,0.5397,0.3845,1,0
552-006130-D-0041,1.0,Potosí,Rural,0,0,1,0.5704,0.2285,1,0
552-006130-D-0011,1.0,Potosí,Rural,0,0,0,0.4064,0.2051,0,0
552-006130-D-0021,1.0,Potosí,Rural,1,0,1,0.7184,0.5358,1,1
552-006130-D-0071,1.0,Potosí,Rural,0,0,0,0.5313,0.3201,1,0
552-006130-D-0051,1.0,Potosí,Rural,1,0,0,0.5135,0.5509,1,1
552-006130-D-0081,2.0,Potosí,Rural,0,0,0,0.3467,0.2493,0,0
552-006130-D-0061,1.0,Potosí,Rural,0,0,0,0.4303,0.253,0,0
542-006556-D-0111,1.0,Potosí,Rural,0,0,0,0.4583,0.3033,0,0
542-006556-D-0121,1.0,Potosí,Rural,0,0,0,0.6306,0.3815,1,0
542-006556-D-0131,1.0,Potosí,Rural,0,0,0,0.4542,0.4299,0,0
542-006556-D-0101,1.0,Potosí,Rural,0,0,0,0.5766,0.2746,1,0
542-006556-D-0011,1.0,Potosí,Rural,0,0,1,0.6583,0.2531,1,0
542-006556-D-0021,1.0,Potosí,Rural,1,0,1,0.5038,0.5568,1,1
542-006556-D-0031,1.0,Potosí,Rural,0,0,1,0.5206,0.3065,1,0
542-006556-D-0041,1.0,Potosí,Rural,0,0,1,0.6543,0.3792,1,0
542-006556-D-0051,1.0,Potosí,Rural,1,0,0,0.5372,0.5697,1,1
542-006556-D-0061,1.0,Potosí,Rural,0,0,0,0.6756,0.4019,1,0
542-006556-D-0081,1.0,Potosí,Rural,0,0,0,0.5449,0.462,1,0
542-006556-D-0091,1.0,Potosí,Rural,1,0,0,0.5453,0.5218,1,1
551-006787-D-0111,1.0,Potosí,Rural,0,0,0,0.5904,0.29,1,0
551-006787-D-0101,1.0,Potosí,Rural,0,0,0,0.5698,0.2725,1,0
551-006787-D-0121,1.0,Potosí,Rural,0,0,0,0.6301,0.1964,1,0
551-006787-D-0091,2.0,Potosí,Rural,0,0,0,0.5925,0.3257,1,0
551-006787-D-0021,1.0,Potosí,Rural,0,0,0,0.592,0.3175,1,0
551-006787-D-0011,1.0,Potosí,Rural,0,0,1,0.6258,0.222,1,0
551-006787-D-0041,1.0,Potosí,Rural,0,0,1,0.6284,0.3403,1,0
551-006787-D-0031,1.0,Potosí,Rural,0,0,1,0.5621,0.416,1,0
551-006787-D-0051,1.0,Potosí,Rural,0,0,0,0.6182,0.3638,1,0
551-006787-D-0061,1.0,Potosí,Rural,0,0,0,0.584,0.4685,1,0
551-006787-D-0071,1.0,Potosí,Rural,0,0,1,0.3707,0.2772,0,0
551-006787-D-0081,1.0,Potosí,Rural,0,0,0,0.6867,0.3692,1,0
541-006807-D-0161,3.0,Potosí,Rural,0,0,0,0.4019,0.5004,0,1
541-006807-D-0171,1.0,Potosí,Rural,0,0,0,0.6219,0.3089,1,0
541-006807-D-0131,1.0,Potosí,Rural,1,0,0,0.5556,0.6424,1,1
541-006807-D-0141,1.0,Potosí,Rural,0,0,0,0.7002,0.3447,1,0
541-006807-D-0041,1.0,Potosí,Rural,0,0,1,0.6317,0.2287,1,0
541-006807-D-0051,1.0,Potosí,Rural,1,0,1,0.5089,0.3311,1,0
541-006807-D-0021,1.0,Potosí,Rural,0,0,1,0.5246,0.2844,1,0
541-006807-D-0011,1.0,Potosí,Rural,0,0,1,0.4903,0.3281,0,0
541-006807-D-0071,1.0,Potosí,Rural,0,0,0,0.4927,0.3204,0,0
541-006807-D-0081,3.0,Potosí,Rural,0,0,1,0.294,0.1865,0,0
541-006807-D-0101,2.0,Potosí,Rural,0,0,1,0.6706,0.4302,1,0
541-006807-D-0111,1.0,Potosí,Rural,0,0,0,0.5087,0.3321,1,0
551-006424-D-0101,1.0,Potosí,Rural,0,0,0,0.4165,0.3458,0,0
551-006424-D-0111,3.0,Potosí,Rural,1,0,0,0.2727,0.6082,0,1
551-006424-D-0131,1.0,Potosí,Rural,0,0,0,0.699,0.3785,1,0
551-006424-D-0121,6.0,Potosí,Rural,0,0,0,0.3719,0.2953,0,0
551-006424-D-0021,3.0,Potosí,Rural,1,0,1,0.5478,0.3928,1,0
551-006424-D-0031,3.0,Potosí,Rural,1,0,1,0.354,0.5214,0,1
551-006424-D-0041,3.0,Potosí,Rural,0,0,1,0.5918,0.4221,1,0
551-006424-D-0011,1.0,Potosí,Rural,0,0,1,0.5827,0.4218,1,0
551-006424-D-0051,3.0,Potosí,Rural,0,0,0,0.4723,0.434,0,0
551-006424-D-0061,4.0,Potosí,Rural,0,0,0,0.3711,0.2749,0,0
551-006424-D-0081,3.0,Potosí,Rural,0,0,0,0.4253,0.4694,0,0
551-006424-D-0091,1.0,Potosí,Rural,0,0,0,0.58,0.3558,1,0
544-003946-A-0011,1.0,Potosí,Rural,0,0,1,0.4767,0.2341,0,0
544-003946-A-0021,1.0,Potosí,Rural,1,0,1,0.5377,0.6473,1,1
544-003946-A-0031,1.0,Potosí,Rural,0,0,1,0.503,0.2265,1,0
544-003946-A-0041,4.0,Potosí,Rural,0,0,1,0.6172,0.3276,1,0
544-003946-A-0051,1.0,Potosí,Rural,0,0,0,0.3193,0.2728,0,0
544-003946-A-0061,1.0,Potosí,Rural,0,0,0,0.3355,0.1804,0,0
544-003946-A-0081,1.0,Potosí,Rural,0,0,0,0.357,0.2336,0,0
544-003946-A-0091,1.0,Potosí,Rural,0,0,0,0.4194,0.2026,0,0
544-003946-A-0101,3.0,Potosí,Rural,0,1,1,0.425,0.193,0,0
544-003946-A-0111,1.0,Potosí,Rural,0,0,0,0.4909,0.2357,0,0
544-003946-A-0121,1.0,Potosí,Rural,0,0,0,0.4692,0.1913,0,0
544-003946-A-0131,1.0,Potosí,Rural,0,0,0,0.3069,0.2267,0,0
553-004914-A-0011,1.0,Potosí,Rural,1,0,0,0.5747,0.5255,1,1
553-004914-A-0021,1.0,Potosí,Rural,0,0,1,0.621,0.2553,1,0
553-004914-A-0031,2.0,Potosí,Rural,0,0,0,0.3903,0.2504,0,0
553-004914-A-0041,1.0,Potosí,Rural,0,0,1,0.3733,0.179,0,0
553-004914-A-0051,1.0,Potosí,Rural,0,0,0,0.2622,0.1908,0,0
553-004914-A-0061,1.0,Potosí,Rural,0,0,0,0.363,0.2353,0,0
553-004914-A-0071,1.0,Potosí,Rural,0,0,0,0.4255,0.3754,0,0
553-004914-A-0081,3.0,Potosí,Rural,0,0,1,0.4004,0.227,0,0
553-004914-A-0091,3.0,Potosí,Rural,0,0,0,0.5088,0.2989,1,0
553-004914-A-0101,3.0,Potosí,Rural,0,0,0,0.4558,0.4489,0,0
553-004914-A-0111,1.0,Potosí,Rural,0,0,0,0.6531,0.3299,1,0
553-004914-A-0121,1.0,Potosí,Rural,0,0,0,0.5885,0.3433,1,0
552-008033-D-0011,1.0,Potosí,Rural,1,0,0,0.6172,0.3531,1,0
552-008033-D-0021,2.0,Potosí,Rural,1,0,1,0.5034,0.326,1,0
552-008033-D-0041,3.0,Potosí,Rural,1,0,0,0.4228,0.6445,0,1
552-008033-D-0051,1.0,Potosí,Rural,0,0,0,0.6465,0.405,1,0
552-008033-D-0071,3.0,Potosí,Rural,0,0,0,0.313,0.2857,0,0
552-008033-D-0081,1.0,Potosí,Rural,0,0,0,0.5573,0.2867,1,0
552-008033-D-0101,1.0,Potosí,Rural,0,0,0,0.7382,0.2814,1,0
552-008033-D-0111,1.0,Potosí,Rural,0,0,0,0.7748,0.4712,1,0
552-008033-D-0131,1.0,Potosí,Rural,0,0,0,0.6053,0.425,1,0
552-008033-D-0141,1.0,Potosí,Rural,0,0,0,0.685,0.3824,1,0
552-008033-D-0161,1.0,Potosí,Rural,0,0,0,0.4739,0.3569,0,0
552-008033-D-0171,3.0,Potosí,Rural,0,0,0,0.5143,0.3797,1,0
553-006047-D-0011,1.0,Potosí,Rural,0,0,1,0.4268,0.2997,0,0
553-006047-D-0031,1.0,Potosí,Rural,0,0,1,0.2635,0.1546,0,0
553-006047-D-0061,1.0,Potosí,Rural,0,0,1,0.5274,0.2328,1,0
553-006047-D-0091,1.0,Potosí,Rural,0,0,1,0.6713,0.2554,1,0
553-006047-D-0121,3.0,Potosí,Rural,0,0,0,0.4434,0.226,0,0
553-006047-D-0151,1.0,Potosí,Rural,0,0,0,0.4666,0.2805,0,0
553-006047-D-0181,1.0,Potosí,Rural,0,0,0,0.4664,0.3627,0,0
553-006047-D-0201,1.0,Potosí,Rural,0,0,0,0.4378,0.3621,0,0
553-006047-D-0231,1.0,Potosí,Rural,0,0,0,0.6334,0.378,1,0
553-006047-D-0261,3.0,Potosí,Rural,0,0,0,0.4094,0.3149,0,0
553-006047-D-0291,3.0,Potosí,Rural,0,0,0,0.374,0.2872,0,0
553-006047-D-0321,5.0,Potosí,Rural,0,0,0,0.5404,0.3516,1,0
542-006003-D-0021,1.0,Potosí,Rural,0,0,1,0.7182,0.3363,1,0
542-006003-D-0051,1.0,Potosí,Rural,1,0,0,0.4917,0.5438,0,1
542-006003-D-0091,1.0,Potosí,Rural,0,0,0,0.6711,0.3687,1,0
542-006003-D-0121,1.0,Potosí,Rural,1,0,1,0.4144,0.6129,0,1
542-006003-D-0161,1.0,Potosí,Rural,0,0,0,0.4507,0.3202,0,0
542-006003-D-0191,1.0,Potosí,Rural,0,0,0,0.3887,0.2668,0,0
542-006003-D-0231,1.0,Potosí,Rural,0,0,0,0.2726,0.2123,0,0
542-006003-D-0261,1.0,Potosí,Rural,0,0,0,0.3813,0.225,0,0
542-006003-D-0291,1.0,Potosí,Rural,1,0,0,0.5264,0.2256,1,0
542-006003-D-0331,1.0,Potosí,Rural,0,0,0,0.7792,0.3185,1,0
542-006003-D-0361,1.0,Potosí,Rural,0,0,0,0.6343,0.3547,1,0
542-006003-D-0401,1.0,Potosí,Rural,0,0,0,0.6725,0.2537,1,0
544-004148-A-0011,1.0,Potosí,Rural,0,0,0,0.7162,0.3463,1,0
544-004148-A-0021,1.0,Potosí,Rural,0,0,0,0.4094,0.2924,0,0
544-004148-A-0031,2.0,Potosí,Rural,0,0,1,0.4849,0.2816,0,0
544-004148-A-0041,1.0,Potosí,Rural,0,0,0,0.4625,0.3984,0,0
544-004148-A-0051,1.0,Potosí,Rural,0,0,0,0.7015,0.2747,1,0
544-004148-A-0061,1.0,Potosí,Rural,0,0,0,0.5265,0.3366,1,0
544-004148-A-0081,1.0,Potosí,Rural,0,0,0,0.4126,0.1823,0,0
544-004148-A-0091,1.0,Potosí,Rural,0,0,0,0.3689,0.277,0,0
544-004148-A-0111,1.0,Potosí,Rural,0,0,0,0.5322,0.4047,1,0
544-004148-A-0121,1.0,Potosí,Rural,1,0,0,0.5832,0.617,1,1
544-004148-A-0131,1.0,Potosí,Rural,0,0,0,0.5827,0.3403,1,0
544-004148-A-0101,1.0,Potosí,Rural,0,0,0,0.6432,0.3801,1,0
543-006060-D-0011,1.0,Potosí,Rural,0,0,0,0.696,0.2624,1,0
543-006060-D-0031,1.0,Potosí,Rural,0,0,0,0.662,0.4262,1,0
543-006060-D-0051,1.0,Potosí,Rural,0,0,0,0.455,0.3638,0,0
543-006060-D-0081,1.0,Potosí,Rural,0,0,0,0.7452,0.464,1,0
543-006060-D-0101,1.0,Potosí,Rural,0,0,0,0.4177,0.3458,0,0
543-006060-D-0121,1.0,Potosí,Rural,0,0,0,0.644,0.2616,1,0
543-006060-D-0141,1.0,Potosí,Rural,0,0,0,0.4957,0.2542,0,0
543-006060-D-0171,1.0,Potosí,Rural,0,0,0,0.5312,0.2905,1,0
543-006060-D-0191,1.0,Potosí,Rural,1,0,0,0.6644,0.644,1,1
543-006060-D-0211,3.0,Potosí,Rural,0,0,0,0.3673,0.2608,0,0
543-006060-D-0231,3.0,Potosí,Rural,0,0,0,0.3716,0.2398,0,0
543-006060-D-0261,1.0,Potosí,Rural,0,0,0,0.6023,0.26,1,0
542-005943-D-0011,1.0,Potosí,Rural,0,0,0,0.3739,0.2527,0,0
542-005943-D-0061,1.0,Potosí,Rural,0,0,0,0.4069,0.2366,0,0
542-005943-D-0041,1.0,Potosí,Rural,1,0,0,0.2534,0.2564,0,0
542-005943-D-0081,1.0,Potosí,Rural,0,0,0,0.7205,0.2768,1,0
542-005943-D-0101,1.0,Potosí,Rural,0,0,1,0.487,0.2781,0,0
542-005943-D-0121,1.0,Potosí,Rural,0,0,0,0.4176,0.2566,0,0
542-005943-D-0141,1.0,Potosí,Rural,0,0,0,0.4218,0.3459,0,0
542-005943-D-0161,1.0,Potosí,Rural,0,0,0,0.5484,0.3085,1,0
542-005943-D-0181,1.0,Potosí,Rural,1,0,1,0.657,0.5936,1,1
542-005943-D-0201,1.0,Potosí,Rural,0,0,1,0.577,0.4332,1,0
542-005943-D-0221,3.0,Potosí,Rural,0,0,1,0.4787,0.2636,0,0
542-005943-D-0241,1.0,Potosí,Rural,0,0,0,0.7726,0.3213,1,0
551-005415-D-0011,1.0,Potosí,Rural,0,0,0,0.6495,0.3056,1,0
551-005415-D-0031,1.0,Potosí,Rural,0,0,0,0.7331,0.2146,1,0
551-005415-D-0021,1.0,Potosí,Rural,0,0,0,0.6381,0.4516,1,0
551-005415-D-0041,1.0,Potosí,Rural,0,0,0,0.5223,0.3662,1,0
551-005415-D-0081,1.0,Potosí,Rural,0,0,0,0.6328,0.2458,1,0
551-005415-D-0091,1.0,Potosí,Rural,0,0,0,0.5473,0.3233,1,0
551-005415-D-0071,1.0,Potosí,Rural,0,0,0,0.4891,0.2361,0,0
551-005415-D-0061,1.0,Potosí,Rural,0,0,0,0.5379,0.257,1,0
551-005415-D-0111,1.0,Potosí,Rural,0,0,0,0.6907,0.4682,1,0
551-005415-D-0121,3.0,Potosí,Rural,0,0,0,0.6682,0.4307,1,0
551-005415-D-0131,1.0,Potosí,Rural,0,1,1,0.6887,0.3333,1,0
551-005415-D-0141,1.0,Potosí,Rural,0,0,0,0.3785,0.1957,0,0
553-007778-D-0121,1.0,Potosí,Rural,0,0,0,0.4253,0.2204,0,0
553-007778-D-0101,1.0,Potosí,Rural,0,0,0,0.4707,0.2023,0,0
553-007778-D-0071,3.0,Potosí,Rural,0,0,0,0.2323,0.2035,0,0
553-007778-D-0091,2.0,Potosí,Rural,1,0,1,0.4094,0.3124,0,0
553-007778-D-0011,1.0,Potosí,Rural,0,0,1,0.3836,0.2547,0,0
553-007778-D-0041,1.0,Potosí,Rural,0,0,1,0.6308,0.3503,1,0
553-007778-D-0021,1.0,Potosí,Rural,0,0,0,0.5335,0.3035,1,0
553-007778-D-0061,1.0,Potosí,Rural,0,0,0,0.4296,0.2786,0,0
553-007778-D-0171,1.0,Potosí,Rural,0,0,1,0.4363,0.2843,0,0
553-007778-D-0181,1.0,Potosí,Rural,0,0,1,0.4611,0.2026,0,0
553-007778-D-0151,1.0,Potosí,Rural,0,0,0,0.3099,0.1663,0,0
553-007778-D-0131,1.0,Potosí,Rural,0,0,1,0.385,0.2251,0,0
542-005159-A-0061,1.0,Potosí,Rural,0,0,0,0.474,0.2996,0,0
542-005159-A-0071,4.0,Potosí,Rural,0,0,0,0.4197,0.1871,0,0
542-005159-A-0091,1.0,Potosí,Rural,0,0,0,0.288,0.2319,0,0
542-005159-A-0101,1.0,Potosí,Rural,0,0,0,0.4713,0.2203,0,0
542-005159-A-0011,1.0,Potosí,Rural,0,0,0,0.6212,0.3169,1,0
542-005159-A-0021,1.0,Potosí,Rural,0,0,0,0.5431,0.398,1,0
542-005159-A-0031,1.0,Potosí,Rural,1,1,0,0.6138,0.4237,1,0
542-005159-A-0051,1.0,Potosí,Rural,0,0,0,0.4701,0.3181,0,0
542-005159-A-0111,1.0,Potosí,Rural,0,0,0,0.5719,0.3031,1,0
542-005159-A-0131,1.0,Potosí,Rural,1,0,1,0.5448,0.3038,1,0
542-005159-A-0141,1.0,Potosí,Rural,0,0,0,0.342,0.3363,0,0
542-005159-A-0151,1.0,Potosí,Rural,0,0,0,0.2909,0.2101,0,0
544-004728-A-0071,1.0,Potosí,Rural,0,0,0,0.1628,0.2009,0,0
544-004728-A-0061,3.0,Potosí,Rural,0,0,0,0.4065,0.2294,0,0
544-004728-A-0091,1.0,Potosí,Rural,0,0,0,0.3488,0.2358,0,0
544-004728-A-0101,1.0,Potosí,Rural,0,0,0,0.3043,0.3094,0,0
544-004728-A-0051,1.0,Potosí,Rural,0,0,0,0.4357,0.1986,0,0
544-004728-A-0011,1.0,Potosí,Rural,0,0,0,0.2621,0.1532,0,0
544-004728-A-0031,1.0,Potosí,Rural,0,0,0,0.3327,0.2503,0,0
544-004728-A-0021,1.0,Potosí,Rural,0,0,0,0.2582,0.1994,0,0
544-004728-A-0111,1.0,Potosí,Rural,0,0,0,0.3671,0.315,0,0
544-004728-A-0131,1.0,Potosí,Rural,0,0,0,0.2747,0.273,0,0
544-004728-A-0141,1.0,Potosí,Rural,0,0,0,0.255,0.1433,0,0
544-004728-A-0151,1.0,Potosí,Rural,0,0,0,0.3245,0.2297,0,0
544-004706-A-0051,1.0,Potosí,Rural,0,0,0,0.2957,0.2734,0,0
544-004706-A-0061,1.0,Potosí,Rural,0,0,0,0.7555,0.2486,1,0
544-004706-A-0071,1.0,Potosí,Rural,0,0,0,0.2923,0.2266,0,0
544-004706-A-0081,1.0,Potosí,Rural,0,0,1,0.2307,0.1905,0,0
544-004706-A-0041,1.0,Potosí,Rural,0,0,0,0.2595,0.2094,0,0
544-004706-A-0021,1.0,Potosí,Rural,0,0,0,0.3013,0.2645,0,0
544-004706-A-0031,1.0,Potosí,Rural,0,0,0,0.2387,0.2622,0,0
544-004706-A-0011,1.0,Potosí,Rural,0,0,0,0.4471,0.2785,0,0
544-004706-A-0091,1.0,Potosí,Rural,0,0,0,0.3204,0.3238,0,0
544-004706-A-0101,1.0,Potosí,Rural,0,0,0,0.3328,0.2297,0,0
544-004706-A-0111,1.0,Potosí,Rural,0,0,1,0.5182,0.2977,1,0
544-004706-A-0121,1.0,Potosí,Rural,0,0,0,0.4021,0.241,0,0
552-004707-A-0071,1.0,Potosí,Rural,0,0,0,0.5526,0.3893,1,0
552-004707-A-0081,1.0,Potosí,Rural,0,0,0,0.2227,0.174,0,0
552-004707-A-0091,1.0,Potosí,Rural,1,1,0,0.4998,0.5315,0,1
552-004707-A-0061,1.0,Potosí,Rural,1,0,0,0.5939,0.5327,1,1
552-004707-A-0031,1.0,Potosí,Rural,0,0,1,0.4496,0.3049,0,0
552-004707-A-0021,1.0,Potosí,Rural,0,0,0,0.6054,0.3028,1,0
552-004707-A-0011,1.0,Potosí,Rural,0,0,0,0.6071,0.2867,1,0
552-004707-A-0041,1.0,Potosí,Rural,0,0,0,0.3818,0.318,0,0
552-004707-A-0141,1.0,Potosí,Rural,0,0,0,0.2953,0.1999,0,0
552-004707-A-0111,1.0,Potosí,Rural,0,0,1,0.4836,0.2303,0,0
552-004707-A-0121,1.0,Potosí,Rural,0,0,0,0.3727,0.2196,0,0
552-004707-A-0131,1.0,Potosí,Rural,0,0,1,0.3267,0.1504,0,0
524-003207-A-0091,1.0,Potosí,Urbano,0,0,0,0.3097,0.1374,0,0
524-003207-A-0081,1.0,Potosí,Urbano,0,0,1,0.6046,0.5019,1,1
524-003207-A-0071,1.0,Potosí,Urbano,0,0,1,0.4137,0.4024,0,0
524-003207-A-0061,1.0,Potosí,Urbano,0,1,1,0.4514,0.2837,0,0
524-003207-A-0011,1.0,Potosí,Urbano,0,0,1,0.2967,0.1471,0,0
524-003207-A-0021,1.0,Potosí,Urbano,0,0,1,0.6481,0.3226,1,0
524-003207-A-0041,1.0,Potosí,Urbano,0,0,1,0.4521,0.2255,0,0
524-003207-A-0031,1.0,Potosí,Urbano,0,0,1,0.2893,0.2744,0,0
524-003207-A-0131,1.0,Potosí,Urbano,0,0,1,0.4179,0.2204,0,0
524-003207-A-0111,1.0,Potosí,Urbano,0,0,1,0.3854,0.2607,0,0
524-003207-A-0121,1.0,Potosí,Urbano,0,0,0,0.3961,0.2998,0,0
524-003207-A-0141,1.0,Potosí,Urbano,0,0,0,0.4342,0.2477,0,0
522-003060-A-0101,1.0,Potosí,Urbano,0,0,1,0.3845,0.2763,0,0
522-003060-A-0081,1.0,Potosí,Urbano,0,1,1,0.6151,0.4832,1,0
522-003060-A-0071,1.0,Potosí,Urbano,0,0,1,0.4686,0.309,0,0
522-003060-A-0111,1.0,Potosí,Urbano,0,0,1,0.428,0.3074,0,0
522-003060-A-0041,1.0,Potosí,Urbano,0,0,1,0.5903,0.4061,1,0
522-003060-A-0011,1.0,Potosí,Urbano,0,0,1,0.4514,0.3182,0,0
522-003060-A-0051,3.0,Potosí,Urbano,0,0,1,0.3753,0.2432,0,0
522-003060-A-0021,1.0,Potosí,Urbano,0,0,1,0.4628,0.26,0,0
522-003060-A-0141,3.0,Potosí,Urbano,0,0,0,0.5024,0.3662,1,0
522-003060-A-0171,1.0,Potosí,Urbano,0,0,1,0.653,0.3788,1,0
522-003060-A-0161,3.0,Potosí,Urbano,0,0,1,0.3594,0.2856,0,0
522-003060-A-0131,4.0,Potosí,Urbano,0,0,0,0.3228,0.2753,0,0
523-003144-A-0101,1.0,Potosí,Urbano,0,1,1,0.3839,0.2583,0,0
523-003144-A-0091,3.0,Potosí,Urbano,0,0,1,0.3285,0.2455,0,0
523-003144-A-0061,3.0,Potosí,Urbano,0,0,1,0.3464,0.3348,0,0
523-003144-A-0071,1.0,Potosí,Urbano,0,0,0,0.4912,0.252,0,0
523-003144-A-0021,3.0,Potosí,Urbano,0,0,1,0.5588,0.3863,1,0
523-003144-A-0011,3.0,Potosí,Urbano,0,0,1,0.62,0.3805,1,0
523-003144-A-0031,3.0,Potosí,Urbano,0,0,1,0.5377,0.3304,1,0
523-003144-A-0051,1.0,Potosí,Urbano,0,0,0,0.4332,0.286,0,0
523-003144-A-0111,1.0,Potosí,Urbano,0,0,1,0.5255,0.2878,1,0
523-003144-A-0141,1.0,Potosí,Urbano,0,0,0,0.6294,0.4894,1,0
523-003144-A-0131,3.0,Potosí,Urbano,0,0,0,0.422,0.2637,0,0
523-003144-A-0151,4.0,Potosí,Urbano,0,0,1,0.4235,0.3049,0,0
523-003162-A-0071,1.0,Potosí,Urbano,0,0,0,0.4627,0.3189,0,0
523-003162-A-0081,1.0,Potosí,Urbano,0,0,0,0.3655,0.2521,0,0
523-003162-A-0041,4.0,Potosí,Urbano,1,0,0,0.4159,0.5309,0,1
523-003162-A-0092,1.0,Potosí,Urbano,0,0,0,0.3573,0.2025,0,0
523-003162-A-0031,1.0,Potosí,Urbano,1,0,1,0.6539,0.5974,1,1
523-003162-A-0091,1.0,Potosí,Urbano,0,0,0,0.3262,0.2309,0,0
523-003162-A-0021,1.0,Potosí,Urbano,0,0,1,0.3572,0.2799,0,0
523-003162-A-0121,1.0,Potosí,Urbano,0,0,0,0.5018,0.3181,1,0
523-003162-A-0131,3.0,Potosí,Urbano,0,0,1,0.4792,0.2895,0,0
523-003162-A-0111,1.0,Potosí,Urbano,0,1,0,0.4094,0.3016,0,0
523-003162-A-0141,5.0,Potosí,Urbano,0,0,0,0.4366,0.272,0,0
552-007272-D-0011,3.0,Potosí,Rural,0,1,1,0.4441,0.3846,0,0
552-007272-D-0051,1.0,Potosí,Rural,0,0,0,0.5843,0.2794,1,0
552-007272-D-0021,1.0,Potosí,Rural,0,0,0,0.716,0.4299,1,0
552-007272-D-0031,1.0,Potosí,Rural,0,0,0,0.5887,0.5029,1,1
552-007272-D-0081,1.0,Potosí,Rural,0,1,0,0.637,0.3886,1,0
552-007272-D-0101,1.0,Potosí,Rural,0,0,0,0.3934,0.2451,0,0
552-007272-D-0061,1.0,Potosí,Rural,1,0,0,0.495,0.5585,0,1
552-007272-D-0091,1.0,Potosí,Rural,0,0,0,0.429,0.2486,0,0
552-007272-D-0161,1.0,Potosí,Rural,0,0,0,0.5636,0.2502,1,0
552-007272-D-0121,1.0,Potosí,Rural,0,0,0,0.4487,0.2787,0,0
552-007272-D-0131,1.0,Potosí,Rural,0,1,1,0.4865,0.2529,0,0
552-007272-D-0151,1.0,Potosí,Rural,0,0,0,0.5878,0.3048,1,0
532-003322-A-0151,3.0,Potosí,Urbano,0,0,0,0.5174,0.222,1,0
532-003322-A-0171,4.0,Potosí,Urbano,0,1,1,0.4623,0.2605,0,0
532-003322-A-0191,3.0,Potosí,Urbano,0,0,1,0.4674,0.2369,0,0
532-003322-A-0201,3.0,Potosí,Urbano,1,0,1,0.4916,0.3336,0,0
532-003322-A-0081,1.0,Potosí,Urbano,0,0,1,0.5842,0.3903,1,0
532-003322-A-0101,2.0,Potosí,Urbano,0,0,1,0.7232,0.4883,1,0
532-003322-A-0121,2.0,Potosí,Urbano,0,0,1,0.7292,0.4443,1,0
532-003322-A-0131,2.0,Potosí,Urbano,0,0,1,0.6538,0.3124,1,0
532-003322-A-0011,3.0,Potosí,Urbano,0,0,1,0.5322,0.2824,1,0
532-003322-A-0031,2.0,Potosí,Urbano,0,0,0,0.5697,0.2566,1,0
532-003322-A-0051,1.0,Potosí,Urbano,0,0,0,0.4439,0.3269,0,0
532-003322-A-0061,1.0,Potosí,Urbano,1,0,1,0.5937,0.3338,1,0
542-007314-D-0011,1.0,Potosí,Rural,0,0,0,0.3561,0.3024,0,0
542-007314-D-0041,1.0,Potosí,Rural,0,0,0,0.5709,0.2892,1,0
542-007314-D-0061,1.0,Potosí,Rural,0,0,1,0.69,0.5114,1,1
542-007314-D-0081,3.0,Potosí,Rural,0,0,0,0.4453,0.4033,0,0
542-007314-D-0221,1.0,Potosí,Rural,0,0,0,0.4039,0.2597,0,0
542-007314-D-0201,1.0,Potosí,Rural,0,0,0,0.5924,0.3061,1,0
542-007314-D-0181,3.0,Potosí,Rural,0,0,0,0.4438,0.3012,0,0
542-007314-D-0241,1.0,Potosí,Rural,0,0,0,0.4982,0.3427,0,0
542-007314-D-0101,1.0,Potosí,Rural,1,0,1,0.712,0.3326,1,0
542-007314-D-0141,1.0,Potosí,Rural,0,0,0,0.6816,0.1893,1,0
542-007314-D-0121,3.0,Potosí,Rural,1,0,0,0.4175,0.5091,0,1
533-002475-A-0161,1.0,Potosí,Urbano,0,0,1,0.3206,0.2459,0,0
533-002475-A-0151,1.0,Potosí,Urbano,0,0,0,0.607,0.2602,1,0
533-002475-A-0121,1.0,Potosí,Urbano,0,0,0,0.4127,0.2521,0,0
533-002475-A-0131,1.0,Potosí,Urbano,0,0,0,0.457,0.2405,0,0
533-002475-A-0101,1.0,Potosí,Urbano,0,0,0,0.4379,0.2593,0,0
533-002475-A-0081,1.0,Potosí,Urbano,0,0,1,0.5672,0.2601,1,0
533-002475-A-0091,1.0,Potosí,Urbano,0,0,0,0.6287,0.3183,1,0
533-002475-A-0061,1.0,Potosí,Urbano,0,0,0,0.415,0.2908,0,0
533-002475-A-0021,1.0,Potosí,Urbano,0,0,0,0.5561,0.2042,1,0
533-002475-A-0011,3.0,Potosí,Urbano,0,0,0,0.4404,0.3477,0,0
533-002475-A-0031,1.0,Potosí,Urbano,0,0,0,0.6117,0.3774,1,0
533-002475-A-0051,1.0,Potosí,Urbano,0,0,1,0.5741,0.3061,1,0
552-007221-D-0191,1.0,Potosí,Rural,0,1,0,0.5588,0.3229,1,0
552-007221-D-0131,1.0,Potosí,Rural,0,0,0,0.498,0.3303,0,0
552-007221-D-0161,1.0,Potosí,Rural,0,0,1,0.533,0.2512,1,0
552-007221-D-0221,1.0,Potosí,Rural,0,1,0,0.5526,0.2615,1,0
552-007221-D-0101,1.0,Potosí,Rural,0,0,0,0.5664,0.204,1,0
552-007221-D-0041,1.0,Potosí,Rural,0,0,0,0.3654,0.2249,0,0
552-007221-D-0011,3.0,Potosí,Rural,0,0,0,0.5174,0.223,1,0
552-007221-D-0071,1.0,Potosí,Rural,0,0,0,0.4588,0.2653,0,0
552-007221-D-0341,1.0,Potosí,Rural,1,0,0,0.3974,0.5176,0,1
552-007221-D-0251,1.0,Potosí,Rural,0,0,0,0.6446,0.2286,1,0
552-007221-D-0281,1.0,Potosí,Rural,0,0,0,0.4199,0.2185,0,0
552-007221-D-0311,1.0,Potosí,Rural,0,0,0,0.5055,0.3047,1,0
552-007239-D-0081,2.0,Potosí,Rural,0,0,0,0.6009,0.3731,1,0
552-007239-D-0101,1.0,Potosí,Rural,0,0,0,0.5894,0.4387,1,0
552-007239-D-0111,1.0,Potosí,Rural,0,0,0,0.714,0.4245,1,0
552-007239-D-0091,1.0,Potosí,Rural,0,0,0,0.4366,0.2747,0,0
552-007239-D-0121,1.0,Potosí,Rural,0,0,0,0.6887,0.3157,1,0
552-007239-D-0071,1.0,Potosí,Rural,0,0,0,0.7466,0.1188,1,0
552-007239-D-0051,6.0,Potosí,Rural,0,0,1,0.6143,0.3986,1,0
552-007239-D-0061,2.0,Potosí,Rural,0,0,1,0.5869,0.3762,1,0
552-007239-D-0011,1.0,Potosí,Rural,0,0,1,0.5431,0.1786,1,0
552-007239-D-0021,1.0,Potosí,Rural,0,0,1,0.5857,0.1714,1,0
552-007239-D-0031,1.0,Potosí,Rural,0,0,1,0.706,0.1527,1,0
552-007239-D-0041,3.0,Potosí,Rural,0,0,1,0.3983,0.1712,0,0
544-004936-A-0011,4.0,Potosí,Rural,0,1,1,0.4343,0.2409,0,0
544-004936-A-0061,1.0,Potosí,Rural,0,0,0,0.244,0.2337,0,0
544-004936-A-0021,1.0,Potosí,Rural,0,1,0,0.44,0.3433,0,0
544-004936-A-0041,1.0,Potosí,Rural,0,0,0,0.2888,0.1989,0,0
544-004936-A-0151,1.0,Potosí,Rural,0,0,1,0.3587,0.2852,0,0
544-004936-A-0131,1.0,Potosí,Rural,0,0,0,0.6246,0.2361,1,0
544-004936-A-0171,1.0,Potosí,Rural,0,0,0,0.3466,0.383,0,0
544-004936-A-0121,1.0,Potosí,Rural,0,0,1,0.3721,0.2472,0,0
544-004936-A-0091,1.0,Potosí,Rural,0,0,1,0.4148,0.2816,0,0
544-004936-A-0101,1.0,Potosí,Rural,0,0,0,0.2644,0.167,0,0
544-004936-A-0071,1.0,Potosí,Rural,0,0,1,0.3176,0.2294,0,0
552-007982-D-0011,1.0,Potosí,Rural,0,0,1,0.3921,0.2958,0,0
552-007982-D-0061,1.0,Potosí,Rural,0,0,0,0.421,0.1997,0,0
552-007982-D-0091,1.0,Potosí,Rural,0,0,0,0.3154,0.1247,0,0
552-007982-D-0321,3.0,Potosí,Rural,0,0,0,0.4315,0.4462,0,0
552-007982-D-0291,1.0,Potosí,Rural,1,1,0,0.7102,0.65,1,1
552-007982-D-0261,1.0,Potosí,Rural,0,0,0,0.6197,0.4612,1,0
552-007982-D-0231,1.0,Potosí,Rural,0,0,0,0.6956,0.1825,1,0
552-007982-D-0121,1.0,Potosí,Rural,0,0,1,0.3715,0.1468,0,0
552-007982-D-0151,1.0,Potosí,Rural,0,0,1,0.4066,0.2082,0,0
552-007982-D-0201,4.0,Potosí,Rural,0,0,0,0.4945,0.4689,0,0
552-007982-D-0181,1.0,Potosí,Rural,0,1,0,0.6037,0.178,1,0
534-002993-A-0121,1.0,Potosí,Urbano,0,0,0,0.36,0.236,0,0
534-002993-A-0091,1.0,Potosí,Urbano,0,0,0,0.5169,0.2216,1,0
534-002993-A-0101,1.0,Potosí,Urbano,0,0,0,0.4353,0.1824,0,0
534-002993-A-0111,1.0,Potosí,Urbano,0,0,0,0.3135,0.1578,0,0
534-002993-A-0051,1.0,Potosí,Urbano,0,0,0,0.34,0.1815,0,0
534-002993-A-0061,1.0,Potosí,Urbano,0,0,0,0.358,0.2591,0,0
534-002993-A-0071,1.0,Potosí,Urbano,0,0,0,0.4349,0.2947,0,0
534-002993-A-0081,1.0,Potosí,Urbano,0,0,0,0.4414,0.2074,0,0
534-002993-A-0011,1.0,Potosí,Urbano,0,0,0,0.384,0.253,0,0
534-002993-A-0021,1.0,Potosí,Urbano,0,0,0,0.3879,0.2136,0,0
534-002993-A-0031,1.0,Potosí,Urbano,0,0,0,0.3065,0.2128,0,0
534-002993-A-0041,1.0,Potosí,Urbano,1,0,0,0.4033,0.5046,0,1
543-003915-A-0121,1.0,Potosí,Rural,0,0,0,0.6197,0.1622,1,0
543-003915-A-0131,1.0,Potosí,Rural,0,0,0,0.5373,0.3552,1,0
543-003915-A-0151,3.0,Potosí,Rural,0,0,0,0.3777,0.2723,0,0
543-003915-A-0161,3.0,Potosí,Rural,0,0,0,0.2301,0.2214,0,0
543-003915-A-0101,1.0,Potosí,Rural,0,0,0,0.6287,0.1469,1,0
543-003915-A-0061,3.0,Potosí,Rural,0,0,0,0.3658,0.1895,0,0
543-003915-A-0081,1.0,Potosí,Rural,0,0,0,0.4899,0.2897,0,0
543-003915-A-0091,3.0,Potosí,Rural,0,0,0,0.2552,0.25,0,0
543-003915-A-0021,3.0,Potosí,Rural,0,0,1,0.4553,0.345,0,0
543-003915-A-0031,1.0,Potosí,Rural,1,0,1,0.3389,0.4005,0,0
543-003915-A-0051,1.0,Potosí,Rural,0,0,1,0.4496,0.2592,0,0
543-003915-A-0011,1.0,Potosí,Rural,0,0,1,0.4826,0.2089,0,0
524-003751-A-0091,1.0,Potosí,Urbano,0,0,1,0.3824,0.2683,0,0
524-003751-A-0101,3.0,Potosí,Urbano,0,0,1,0.382,0.2457,0,0
524-003751-A-0111,1.0,Potosí,Urbano,0,1,1,0.4358,0.2819,0,0
524-003751-A-0121,1.0,Potosí,Urbano,0,0,1,0.3844,0.2663,0,0
524-003751-A-0051,1.0,Potosí,Urbano,0,0,0,0.3418,0.2664,0,0
524-003751-A-0061,1.0,Potosí,Urbano,0,0,0,0.4676,0.3115,0,0
524-003751-A-0071,1.0,Potosí,Urbano,1,0,0,0.3847,0.4481,0,0
524-003751-A-0081,1.0,Potosí,Urbano,0,0,1,0.4503,0.3158,0,0
524-003751-A-0011,1.0,Potosí,Urbano,0,0,1,0.496,0.2763,0,0
524-003751-A-0021,1.0,Potosí,Urbano,0,0,1,0.5633,0.3434,1,0
524-003751-A-0031,1.0,Potosí,Urbano,0,0,1,0.3946,0.2551,0,0
524-003751-A-0041,1.0,Potosí,Urbano,0,0,1,0.5087,0.349,1,0
523-003597-A-0121,1.0,Potosí,Urbano,0,0,1,0.3861,0.2439,0,0
523-003597-A-0131,1.0,Potosí,Urbano,0,0,1,0.5488,0.3548,1,0
523-003597-A-0151,1.0,Potosí,Urbano,0,0,1,0.322,0.2985,0,0
523-003597-A-0161,3.0,Potosí,Urbano,1,0,1,0.3412,0.4909,0,0
523-003597-A-0081,3.0,Potosí,Urbano,0,0,1,0.286,0.2158,0,0
523-003597-A-0091,1.0,Potosí,Urbano,0,0,1,0.3206,0.2077,0,0
523-003597-A-0101,2.0,Potosí,Urbano,0,0,1,0.5158,0.3368,1,0
523-003597-A-0061,1.0,Potosí,Urbano,0,0,1,0.4983,0.2843,0,0
523-003597-A-0011,1.0,Potosí,Urbano,0,0,1,0.4603,0.2887,0,0
523-003597-A-0021,3.0,Potosí,Urbano,1,0,1,0.452,0.4952,0,0
523-003597-A-0051,1.0,Potosí,Urbano,1,0,1,0.4919,0.363,0,0
522-003465-A-0091,1.0,Potosí,Urbano,0,0,1,0.3889,0.3524,0,0
522-003465-A-0101,1.0,Potosí,Urbano,0,0,1,0.3899,0.2765,0,0
522-003465-A-0111,5.0,Potosí,Urbano,0,0,1,0.5204,0.312,1,0
522-003465-A-0121,3.0,Potosí,Urbano,0,0,1,0.4024,0.2776,0,0
522-003465-A-0061,3.0,Potosí,Urbano,0,0,1,0.3667,0.2679,0,0
522-003465-A-0071,3.0,Potosí,Urbano,0,0,1,0.3508,0.1931,0,0
522-003465-A-0081,1.0,Potosí,Urbano,1,0,1,0.4605,0.3217,0,0
522-003465-A-0051,3.0,Potosí,Urbano,0,0,1,0.3996,0.2355,0,0
522-003465-A-0011,4.0,Potosí,Urbano,0,0,1,0.3933,0.3156,0,0
522-003465-A-0021,1.0,Potosí,Urbano,0,0,1,0.3447,0.3165,0,0
522-003465-A-0031,1.0,Potosí,Urbano,0,0,1,0.4512,0.3279,0,0
522-003465-A-0041,1.0,Potosí,Urbano,1,0,1,0.4558,0.5153,0,1
523-003690-A-0111,3.0,Potosí,Urbano,0,1,1,0.2402,0.256,0,0
523-003690-A-0131,1.0,Potosí,Urbano,0,0,1,0.496,0.3699,0,0
523-003690-A-0141,1.0,Potosí,Urbano,0,1,1,0.5599,0.3946,1,0
523-003690-A-0151,1.0,Potosí,Urbano,0,0,1,0.4881,0.2726,0,0
523-003690-A-0061,3.0,Potosí,Urbano,0,0,1,0.2955,0.215,0,0
523-003690-A-0071,1.0,Potosí,Urbano,0,0,1,0.3407,0.2673,0,0
523-003690-A-0091,3.0,Potosí,Urbano,0,0,1,0.3527,0.2498,0,0
523-003690-A-0101,1.0,Potosí,Urbano,1,0,1,0.3269,0.2074,0,0
523-003690-A-0011,3.0,Potosí,Urbano,0,0,1,0.4392,0.2593,0,0
523-003690-A-0021,2.0,Potosí,Urbano,1,0,1,0.5426,0.5543,1,1
523-003690-A-0031,5.0,Potosí,Urbano,1,1,1,0.611,0.5138,1,1
523-003690-A-0051,1.0,Potosí,Urbano,0,0,1,0.4092,0.2957,0,0
522-003535-A-0131,1.0,Potosí,Urbano,0,1,1,0.4733,0.2632,0,0
522-003535-A-0111,3.0,Potosí,Urbano,0,0,1,0.5258,0.3107,1,0
522-003535-A-0141,1.0,Potosí,Urbano,0,1,1,0.5294,0.4199,1,0
522-003535-A-0151,1.0,Potosí,Urbano,0,0,1,0.491,0.1943,0,0
522-003535-A-0061,1.0,Potosí,Urbano,1,0,1,0.3238,0.4273,0,0
522-003535-A-0071,4.0,Potosí,Urbano,0,0,1,0.3194,0.2803,0,0
522-003535-A-0091,3.0,Potosí,Urbano,0,0,1,0.2641,0.2331,0,0
522-003535-A-0101,1.0,Potosí,Urbano,0,0,1,0.4243,0.2911,0,0
522-003535-A-0011,3.0,Potosí,Urbano,0,0,1,0.4803,0.3127,0,0
522-003535-A-0021,3.0,Potosí,Urbano,0,0,1,0.4736,0.3092,0,0
522-003535-A-0031,1.0,Potosí,Urbano,1,1,1,0.4571,0.4426,0,0
522-003535-A-0051,1.0,Potosí,Urbano,1,1,1,0.4821,0.5477,0,1
543-007660-D-0121,1.0,Potosí,Rural,0,0,0,0.3443,0.2347,0,0
543-007660-D-0131,3.0,Potosí,Rural,0,0,0,0.3015,0.1927,0,0
543-007660-D-0151,1.0,Potosí,Rural,0,0,0,0.4414,0.2235,0,0
543-007660-D-0161,3.0,Potosí,Rural,0,0,1,0.3529,0.2381,0,0
543-007660-D-0061,1.0,Potosí,Rural,0,0,0,0.5066,0.3073,1,0
543-007660-D-0081,1.0,Potosí,Rural,0,0,0,0.386,0.2572,0,0
543-007660-D-0091,1.0,Potosí,Rural,0,0,0,0.4578,0.2812,0,0
543-007660-D-0101,1.0,Potosí,Rural,1,0,1,0.6514,0.4824,1,0
543-007660-D-0011,1.0,Potosí,Rural,0,0,0,0.376,0.2538,0,0
543-007660-D-0021,1.0,Potosí,Rural,0,0,0,0.2532,0.2805,0,0
543-007660-D-0031,1.0,Potosí,Rural,0,1,1,0.3981,0.2702,0,0
543-007660-D-0051,1.0,Potosí,Rural,1,0,0,0.411,0.4686,0,0
523-002742-A-0091,2.0,Potosí,Urbano,0,0,1,0.5627,0.4112,1,0
523-002742-A-0101,1.0,Potosí,Urbano,0,0,0,0.4342,0.2122,0,0
523-002742-A-0111,1.0,Potosí,Urbano,0,0,0,0.4763,0.2965,0,0
523-002742-A-0121,4.0,Potosí,Urbano,0,1,0,0.3143,0.2697,0,0
523-002742-A-0071,3.0,Potosí,Urbano,0,0,1,0.4835,0.2869,0,0
523-002742-A-0081,1.0,Potosí,Urbano,0,0,0,0.5515,0.3773,1,0
523-002742-A-0051,1.0,Potosí,Urbano,1,0,1,0.3694,0.3394,0,0
523-002742-A-0061,3.0,Potosí,Urbano,0,0,0,0.3173,0.2628,0,0
523-002742-A-0021,3.0,Potosí,Urbano,1,0,0,0.4505,0.3118,0,0
523-002742-A-0031,1.0,Potosí,Urbano,0,0,0,0.4399,0.2587,0,0
523-002742-A-0041,1.0,Potosí,Urbano,1,0,0,0.7512,0.6095,1,1
523-002742-A-0011,3.0,Potosí,Urbano,0,0,0,0.5104,0.3674,1,0
614-001747-A-0111,3.0,Tarija,Urbano,0,0,0,0.2974,0.1493,0,0
614-001747-A-0121,1.0,Tarija,Urbano,0,0,0,0.355,0.3063,0,0
614-001747-A-0131,1.0,Tarija,Urbano,0,0,0,0.3355,0.3147,0,0
614-001747-A-0101,1.0,Tarija,Urbano,0,0,0,0.3979,0.2575,0,0
614-001747-A-0051,1.0,Tarija,Urbano,0,0,0,0.538,0.3247,1,0
614-001747-A-0061,1.0,Tarija,Urbano,0,0,0,0.3722,0.2756,0,0
614-001747-A-0081,3.0,Tarija,Urbano,0,0,0,0.4075,0.2739,0,0
614-001747-A-0091,3.0,Tarija,Urbano,0,0,1,0.398,0.3228,0,0
614-001747-A-0011,2.0,Tarija,Urbano,0,0,0,0.5331,0.2729,1,0
614-001747-A-0021,1.0,Tarija,Urbano,0,0,0,0.6124,0.414,1,0
614-001747-A-0031,1.0,Tarija,Urbano,0,0,0,0.4218,0.2528,0,0
614-001747-A-0041,2.0,Tarija,Urbano,0,0,0,0.3678,0.2422,0,0
613-001018-A-0151,1.0,Tarija,Urbano,0,0,0,0.3168,0.1806,0,0
613-001018-A-0101,1.0,Tarija,Urbano,0,0,0,0.3415,0.1564,0,0
613-001018-A-0131,6.0,Tarija,Urbano,0,0,1,0.4464,0.2859,0,0
613-001018-A-0181,4.0,Tarija,Urbano,0,0,1,0.4282,0.2478,0,0
613-001018-A-0201,1.0,Tarija,Urbano,0,0,1,0.464,0.2958,0,0
613-001018-A-0251,1.0,Tarija,Urbano,0,0,1,0.5394,0.3103,1,0
613-001018-A-0271,1.0,Tarija,Urbano,0,0,0,0.4707,0.3911,0,0
613-001018-A-0231,3.0,Tarija,Urbano,0,0,0,0.3263,0.2508,0,0
613-001018-A-0011,1.0,Tarija,Urbano,0,0,0,0.6192,0.403,1,0
613-001018-A-0061,1.0,Tarija,Urbano,0,0,1,0.3599,0.2378,0,0
613-001018-A-0081,1.0,Tarija,Urbano,0,0,1,0.3854,0.2198,0,0
612-000210-A-0011,1.0,Tarija,Urbano,0,0,1,0.5639,0.4463,1,0
612-000210-A-0061,1.0,Tarija,Urbano,0,0,1,0.317,0.1838,0,0
612-000210-A-0031,3.0,Tarija,Urbano,0,0,0,0.3999,0.25,0,0
612-000210-A-0091,3.0,Tarija,Urbano,0,0,1,0.4178,0.3524,0,0
612-000210-A-0231,3.0,Tarija,Urbano,0,0,1,0.4306,0.3001,0,0
612-000210-A-0261,3.0,Tarija,Urbano,0,0,0,0.3963,0.2573,0,0
612-000210-A-0291,1.0,Tarija,Urbano,0,0,1,0.3628,0.2787,0,0
612-000210-A-0321,3.0,Tarija,Urbano,0,0,0,0.3294,0.2139,0,0
612-000210-A-0121,1.0,Tarija,Urbano,0,0,0,0.3971,0.2736,0,0
612-000210-A-0151,3.0,Tarija,Urbano,0,0,0,0.4369,0.3415,0,0
612-000210-A-0181,1.0,Tarija,Urbano,0,0,0,0.465,0.2397,0,0
612-000210-A-0201,1.0,Tarija,Urbano,0,0,0,0.4059,0.3433,0,0
613-000966-A-0101,1.0,Tarija,Urbano,0,0,1,0.4752,0.2993,0,0
613-000966-A-0121,3.0,Tarija,Urbano,0,0,1,0.4454,0.2381,0,0
613-000966-A-0081,3.0,Tarija,Urbano,0,0,1,0.346,0.2904,0,0
613-000966-A-0141,1.0,Tarija,Urbano,0,0,1,0.4398,0.2493,0,0
613-000966-A-0161,1.0,Tarija,Urbano,0,0,0,0.3604,0.1477,0,0
613-000966-A-0171,1.0,Tarija,Urbano,0,0,0,0.4101,0.2946,0,0
613-000966-A-0191,1.0,Tarija,Urbano,0,0,1,0.3753,0.161,0,0
613-000966-A-0211,1.0,Tarija,Urbano,0,0,0,0.3328,0.1949,0,0
613-000966-A-0011,3.0,Tarija,Urbano,0,0,0,0.3726,0.2501,0,0
613-000966-A-0031,3.0,Tarija,Urbano,0,0,0,0.3419,0.2502,0,0
613-000966-A-0051,4.0,Tarija,Urbano,0,0,0,0.3888,0.2429,0,0
613-000966-A-0061,1.0,Tarija,Urbano,0,0,0,0.3058,0.2012,0,0
613-001069-A-0091,1.0,Tarija,Urbano,0,0,1,0.3536,0.2278,0,0
613-001069-A-0151,1.0,Tarija,Urbano,0,0,1,0.5023,0.3462,1,0
613-001069-A-0111,2.0,Tarija,Urbano,0,0,1,0.3557,0.2385,0,0
613-001069-A-0131,2.0,Tarija,Urbano,0,0,1,0.5207,0.3023,1,0
613-001069-A-0171,3.0,Tarija,Urbano,0,0,0,0.3864,0.3382,0,0
613-001069-A-0191,1.0,Tarija,Urbano,0,0,0,0.3005,0.2795,0,0
613-001069-A-0211,4.0,Tarija,Urbano,0,0,1,0.3945,0.2407,0,0
613-001069-A-0051,1.0,Tarija,Urbano,0,0,0,0.4903,0.3003,0,0
613-001069-A-0031,1.0,Tarija,Urbano,0,0,0,0.4527,0.3719,0,0
613-001069-A-0071,4.0,Tarija,Urbano,0,0,0,0.4279,0.2385,0,0
613-001069-A-0011,3.0,Tarija,Urbano,0,0,0,0.3332,0.2445,0,0
612-000365-A-0201,6.0,Tarija,Urbano,0,0,1,0.4756,0.246,0,0
612-000365-A-0251,2.0,Tarija,Urbano,0,0,1,0.4069,0.2109,0,0
612-000365-A-0301,3.0,Tarija,Urbano,0,0,1,0.3961,0.2414,0,0
612-000365-A-0341,3.0,Tarija,Urbano,0,0,0,0.383,0.2653,0,0
612-000365-A-0071,1.0,Tarija,Urbano,0,0,1,0.379,0.1618,0,0
612-000365-A-0021,1.0,Tarija,Urbano,0,0,0,0.3636,0.2356,0,0
612-000365-A-0111,1.0,Tarija,Urbano,0,0,0,0.4078,0.232,0,0
612-000365-A-0161,3.0,Tarija,Urbano,0,0,1,0.5947,0.2753,1,0
612-000365-A-0391,1.0,Tarija,Urbano,0,0,0,0.5366,0.2408,1,0
612-000365-A-0431,3.0,Tarija,Urbano,0,0,0,0.3857,0.3184,0,0
612-000365-A-0481,5.0,Tarija,Urbano,0,0,0,0.5563,0.287,1,0
612-000365-A-0521,1.0,Tarija,Urbano,1,0,0,0.4721,0.5849,0,1
612-000313-A-0091,1.0,Tarija,Urbano,0,0,1,0.5874,0.4041,1,0
612-000313-A-0051,3.0,Tarija,Urbano,0,0,1,0.3931,0.2281,0,0
612-000313-A-0061,1.0,Tarija,Urbano,0,0,1,0.429,0.2569,0,0
612-000313-A-0081,1.0,Tarija,Urbano,0,0,1,0.4869,0.3018,0,0
612-000313-A-0101,4.0,Tarija,Urbano,0,0,1,0.4635,0.2607,0,0
612-000313-A-0111,3.0,Tarija,Urbano,0,0,0,0.4281,0.2847,0,0
612-000313-A-0121,2.0,Tarija,Urbano,0,0,1,0.4621,0.2554,0,0
612-000313-A-0131,3.0,Tarija,Urbano,0,0,1,0.392,0.3208,0,0
612-000313-A-0011,1.0,Tarija,Urbano,0,0,0,0.3716,0.2092,0,0
612-000313-A-0021,3.0,Tarija,Urbano,1,0,0,0.2656,0.2234,0,0
612-000313-A-0031,4.0,Tarija,Urbano,0,0,0,0.399,0.2835,0,0
612-000313-A-0041,3.0,Tarija,Urbano,1,0,1,0.494,0.2474,0,0
612-000265-A-0091,1.0,Tarija,Urbano,0,0,1,0.4517,0.2307,0,0
612-000265-A-0061,1.0,Tarija,Urbano,0,0,1,0.3744,0.2043,0,0
612-000265-A-0071,1.0,Tarija,Urbano,0,0,0,0.5065,0.2257,1,0
612-000265-A-0081,1.0,Tarija,Urbano,0,0,0,0.4194,0.2276,0,0
612-000265-A-0111,1.0,Tarija,Urbano,0,0,1,0.2913,0.2802,0,0
612-000265-A-0121,3.0,Tarija,Urbano,0,0,1,0.4753,0.2981,0,0
612-000265-A-0131,1.0,Tarija,Urbano,0,1,1,0.6774,0.4072,1,0
612-000265-A-0141,1.0,Tarija,Urbano,1,1,1,0.6087,0.3648,1,0
612-000265-A-0031,3.0,Tarija,Urbano,0,0,0,0.4675,0.3249,0,0
612-000265-A-0021,1.0,Tarija,Urbano,0,0,1,0.3841,0.2523,0,0
612-000265-A-0041,1.0,Tarija,Urbano,0,0,0,0.7305,0.5138,1,1
612-000265-A-0011,1.0,Tarija,Urbano,0,0,1,0.4727,0.2831,0,0
614-001863-A-0081,1.0,Tarija,Urbano,0,0,0,0.3447,0.1734,0,0
614-001863-A-0091,2.0,Tarija,Urbano,0,0,0,0.3322,0.2968,0,0
614-001863-A-0111,1.0,Tarija,Urbano,0,0,1,0.4102,0.3785,0,0
614-001863-A-0131,1.0,Tarija,Urbano,0,0,0,0.3221,0.2897,0,0
614-001863-A-0181,1.0,Tarija,Urbano,0,0,1,0.4029,0.244,0,0
614-001863-A-0191,1.0,Tarija,Urbano,0,1,1,0.3383,0.1949,0,0
614-001863-A-0141,1.0,Tarija,Urbano,0,0,1,0.3771,0.3416,0,0
614-001863-A-0061,1.0,Tarija,Urbano,1,0,1,0.3651,0.3594,0,0
614-001863-A-0041,1.0,Tarija,Urbano,0,0,1,0.4042,0.2665,0,0
614-001863-A-0011,1.0,Tarija,Urbano,0,0,0,0.4354,0.4479,0,0
614-001863-A-0031,1.0,Tarija,Urbano,0,0,1,0.3083,0.1724,0,0
613-000645-A-0111,1.0,Tarija,Urbano,0,0,0,0.3233,0.1873,0,0
613-000645-A-0131,1.0,Tarija,Urbano,0,0,1,0.4721,0.3239,0,0
613-000645-A-0141,1.0,Tarija,Urbano,0,0,1,0.3886,0.2524,0,0
613-000645-A-0151,3.0,Tarija,Urbano,0,0,0,0.3721,0.1972,0,0
613-000645-A-0101,1.0,Tarija,Urbano,0,0,1,0.3436,0.2106,0,0
613-000645-A-0071,1.0,Tarija,Urbano,0,0,0,0.3435,0.2641,0,0
613-000645-A-0061,1.0,Tarija,Urbano,0,0,0,0.5172,0.373,1,0
613-000645-A-0091,1.0,Tarija,Urbano,0,0,1,0.5661,0.3405,1,0
613-000645-A-0051,1.0,Tarija,Urbano,0,0,1,0.348,0.1784,0,0
613-000645-A-0011,1.0,Tarija,Urbano,0,0,0,0.3349,0.2516,0,0
613-000645-A-0031,1.0,Tarija,Urbano,0,0,1,0.4145,0.2533,0,0
613-000645-A-0021,3.0,Tarija,Urbano,0,0,1,0.4591,0.2876,0,0
651-004218-D-0091,1.0,Tarija,Rural,0,0,0,0.3507,0.1752,0,0
651-004218-D-0111,1.0,Tarija,Rural,0,0,0,0.3212,0.1904,0,0
651-004218-D-0121,1.0,Tarija,Rural,0,0,0,0.4065,0.2266,0,0
651-004218-D-0051,1.0,Tarija,Rural,0,0,1,0.2816,0.2651,0,0
651-004218-D-0081,1.0,Tarija,Rural,0,1,1,0.2907,0.1944,0,0
651-004218-D-0071,1.0,Tarija,Rural,0,0,0,0.2173,0.2046,0,0
651-004218-D-0061,1.0,Tarija,Rural,0,0,1,0.439,0.272,0,0
651-004218-D-0011,1.0,Tarija,Rural,0,0,1,0.2238,0.2059,0,0
651-004218-D-0031,1.0,Tarija,Rural,0,0,1,0.5386,0.4938,1,0
651-004218-D-0041,1.0,Tarija,Rural,0,0,1,0.3561,0.2631,0,0
651-004218-D-0021,1.0,Tarija,Rural,0,0,0,0.3296,0.2698,0,0
654-003675-D-0251,1.0,Tarija,Rural,0,0,0,0.4161,0.2324,0,0
654-003675-D-0181,1.0,Tarija,Rural,0,0,1,0.2836,0.1892,0,0
654-003675-D-0151,1.0,Tarija,Rural,0,0,0,0.3483,0.1871,0,0
654-003675-D-0211,3.0,Tarija,Rural,0,1,0,0.3399,0.2332,0,0
654-003675-D-0051,1.0,Tarija,Rural,0,0,0,0.3765,0.2943,0,0
654-003675-D-0111,3.0,Tarija,Rural,0,0,1,0.2955,0.233,0,0
654-003675-D-0081,1.0,Tarija,Rural,0,1,1,0.1422,0.162,0,0
654-003675-D-0011,1.0,Tarija,Rural,0,0,0,0.3905,0.3288,0,0
654-003675-D-0351,4.0,Tarija,Rural,0,0,0,0.2811,0.1825,0,0
654-003675-D-0281,3.0,Tarija,Rural,0,0,1,0.2567,0.2017,0,0
654-003675-D-0311,3.0,Tarija,Rural,0,0,1,0.2736,0.2731,0,0
654-003675-D-0381,1.0,Tarija,Rural,0,0,0,0.3143,0.1997,0,0
643-004170-D-0641,1.0,Tarija,Rural,0,0,0,0.528,0.3246,1,0
643-004170-D-0461,1.0,Tarija,Rural,0,0,1,0.34,0.2711,0,0
643-004170-D-0551,1.0,Tarija,Rural,0,0,0,0.3274,0.2248,0,0
643-004170-D-0371,3.0,Tarija,Rural,0,0,1,0.213,0.228,0,0
643-004170-D-0911,1.0,Tarija,Rural,0,0,0,0.3095,0.2311,0,0
643-004170-D-1001,1.0,Tarija,Rural,0,0,0,0.502,0.2331,1,0
643-004170-D-0731,2.0,Tarija,Rural,0,0,1,0.2306,0.2062,0,0
643-004170-D-0821,1.0,Tarija,Rural,0,0,0,0.2583,0.1528,0,0
643-004170-D-0191,1.0,Tarija,Rural,0,0,0,0.4268,0.1498,0,0
643-004170-D-0281,1.0,Tarija,Rural,0,0,0,0.3235,0.1691,0,0
643-004170-D-0101,3.0,Tarija,Rural,0,0,1,0.2824,0.27,0,0
643-004170-D-0011,1.0,Tarija,Rural,0,0,0,0.2495,0.1466,0,0
644-004156-D-0011,3.0,Tarija,Rural,0,0,0,0.2048,0.2208,0,0
644-004156-D-0071,1.0,Tarija,Rural,0,0,0,0.2942,0.1979,0,0
644-004156-D-0131,3.0,Tarija,Rural,0,0,0,0.2201,0.2003,0,0
644-004156-D-0191,1.0,Tarija,Rural,0,0,0,0.2449,0.2055,0,0
644-004156-D-0251,1.0,Tarija,Rural,1,1,1,0.2731,0.2282,0,0
644-004156-D-0431,1.0,Tarija,Rural,0,0,1,0.2046,0.1231,0,0
644-004156-D-0371,1.0,Tarija,Rural,0,0,0,0.3071,0.2894,0,0
644-004156-D-0311,1.0,Tarija,Rural,0,0,0,0.3564,0.1939,0,0
644-004156-D-0551,3.0,Tarija,Rural,0,0,0,0.2586,0.2514,0,0
644-004156-D-0491,1.0,Tarija,Rural,0,0,0,0.6587,0.3603,1,0
644-004156-D-0671,3.0,Tarija,Rural,0,0,0,0.4369,0.2881,0,0
644-004156-D-0611,1.0,Tarija,Rural,0,0,0,0.3478,0.1512,0,0
652-004213-D-0201,1.0,Tarija,Rural,0,0,0,0.4446,0.2223,0,0
652-004213-D-0231,1.0,Tarija,Rural,0,0,0,0.4907,0.2395,0,0
652-004213-D-0251,1.0,Tarija,Rural,0,0,0,0.4677,0.2825,0,0
652-004213-D-0271,1.0,Tarija,Rural,0,0,0,0.3321,0.2197,0,0
652-004213-D-0101,1.0,Tarija,Rural,0,1,1,0.417,0.373,0,0
652-004213-D-0181,1.0,Tarija,Rural,0,0,0,0.6065,0.3203,1,0
652-004213-D-0151,1.0,Tarija,Rural,0,0,0,0.3388,0.2451,0,0
652-004213-D-0081,1.0,Tarija,Rural,0,0,0,0.385,0.2306,0,0
652-004213-D-0011,1.0,Tarija,Rural,0,0,0,0.532,0.315,1,0
652-004213-D-0061,1.0,Tarija,Rural,1,0,1,0.3452,0.5386,0,1
652-004213-D-0031,1.0,Tarija,Rural,0,0,1,0.4132,0.2836,0,0
643-003384-A-0091,3.0,Tarija,Rural,0,0,0,0.288,0.2752,0,0
643-003384-A-0101,3.0,Tarija,Rural,0,0,0,0.2954,0.3245,0,0
643-003384-A-0111,1.0,Tarija,Rural,0,0,0,0.1873,0.1394,0,0
643-003384-A-0121,1.0,Tarija,Rural,0,0,0,0.2244,0.1887,0,0
643-003384-A-0081,2.0,Tarija,Rural,0,0,1,0.3,0.1882,0,0
643-003384-A-0071,1.0,Tarija,Rural,0,0,1,0.2179,0.1528,0,0
643-003384-A-0061,1.0,Tarija,Rural,1,0,1,0.4339,0.5535,0,1
643-003384-A-0051,1.0,Tarija,Rural,0,0,0,0.2804,0.2363,0,0
643-003384-A-0011,1.0,Tarija,Rural,1,0,1,0.5621,0.3516,1,0
643-003384-A-0031,3.0,Tarija,Rural,0,0,0,0.279,0.1968,0,0
643-003384-A-0021,1.0,Tarija,Rural,0,0,0,0.3949,0.3327,0,0
643-003384-A-0041,3.0,Tarija,Rural,0,0,1,0.4007,0.2585,0,0
652-004259-D-0021,1.0,Tarija,Rural,0,0,0,0.2891,0.181,0,0
652-004259-D-0031,3.0,Tarija,Rural,1,0,0,0.3661,0.3684,0,0
652-004259-D-0051,1.0,Tarija,Rural,0,0,0,0.3374,0.2422,0,0
652-004259-D-0011,3.0,Tarija,Rural,0,0,1,0.3375,0.2715,0,0
652-004259-D-0091,1.0,Tarija,Rural,0,0,0,0.4176,0.271,0,0
652-004259-D-0061,1.0,Tarija,Rural,0,0,0,0.2624,0.1144,0,0
652-004259-D-0081,4.0,Tarija,Rural,1,0,0,0.3105,0.4314,0,0
652-004259-D-0101,1.0,Tarija,Rural,0,1,1,0.4835,0.3597,0,0
652-004259-D-0161,1.0,Tarija,Rural,0,0,0,0.5467,0.3656,1,0
652-004259-D-0121,1.0,Tarija,Rural,0,0,1,0.5642,0.3928,1,0
652-004259-D-0151,1.0,Tarija,Rural,0,0,0,0.3156,0.3014,0,0
652-004259-D-0131,1.0,Tarija,Rural,0,0,0,0.4639,0.2287,0,0
651-004228-D-0051,1.0,Tarija,Rural,0,0,0,0.462,0.2773,0,0
651-004228-D-0061,1.0,Tarija,Rural,0,0,0,0.3599,0.2914,0,0
651-004228-D-0081,1.0,Tarija,Rural,0,0,1,0.5201,0.343,1,0
651-004228-D-0091,1.0,Tarija,Rural,0,0,0,0.4662,0.3307,0,0
651-004228-D-0031,3.0,Tarija,Rural,0,0,0,0.4512,0.3277,0,0
651-004228-D-0011,1.0,Tarija,Rural,0,0,0,0.4715,0.239,0,0
651-004228-D-0021,1.0,Tarija,Rural,0,0,0,0.4821,0.3082,0,0
651-004228-D-0041,1.0,Tarija,Rural,0,0,0,0.5019,0.2589,1,0
651-004228-D-0101,1.0,Tarija,Rural,0,0,0,0.6133,0.3165,1,0
651-004228-D-0121,1.0,Tarija,Rural,1,0,0,0.4973,0.5663,0,1
651-004228-D-0111,1.0,Tarija,Rural,0,0,0,0.5209,0.3484,1,0
651-004228-D-0131,3.0,Tarija,Rural,0,0,0,0.4046,0.2368,0,0
622-002984-A-0111,1.0,Tarija,Urbano,0,0,1,0.4993,0.3003,0,0
622-002984-A-0131,1.0,Tarija,Urbano,0,0,0,0.4296,0.2482,0,0
622-002984-A-0141,1.0,Tarija,Urbano,0,0,0,0.4796,0.3049,0,0
622-002984-A-0151,1.0,Tarija,Urbano,0,0,0,0.446,0.2545,0,0
622-002984-A-0011,1.0,Tarija,Urbano,0,0,0,0.3469,0.3127,0,0
622-002984-A-0051,1.0,Tarija,Urbano,0,0,1,0.3896,0.186,0,0
622-002984-A-0071,1.0,Tarija,Urbano,0,0,0,0.394,0.2969,0,0
622-002984-A-0091,1.0,Tarija,Urbano,0,1,0,0.4354,0.2149,0,0
622-002984-A-0061,1.0,Tarija,Urbano,0,0,0,0.2927,0.2326,0,0
622-002984-A-0101,1.0,Tarija,Urbano,0,0,0,0.3805,0.1725,0,0
623-003051-A-0031,1.0,Tarija,Urbano,0,0,0,0.4899,0.3491,0,0
623-003051-A-0021,2.0,Tarija,Urbano,0,0,0,0.4156,0.345,0,0
623-003051-A-0051,1.0,Tarija,Urbano,0,1,1,0.4285,0.2808,0,0
623-003051-A-0011,1.0,Tarija,Urbano,0,0,0,0.4362,0.3168,0,0
623-003051-A-0151,5.0,Tarija,Urbano,0,0,1,0.3882,0.265,0,0
623-003051-A-0111,1.0,Tarija,Urbano,0,0,1,0.3536,0.1756,0,0
623-003051-A-0131,1.0,Tarija,Urbano,0,0,1,0.3516,0.2329,0,0
623-003051-A-0141,3.0,Tarija,Urbano,0,0,1,0.3645,0.2908,0,0
623-003051-A-0071,1.0,Tarija,Urbano,0,1,1,0.5037,0.3428,1,0
623-003051-A-0101,1.0,Tarija,Urbano,0,0,1,0.4321,0.3064,0,0
623-003051-A-0091,3.0,Tarija,Urbano,0,0,0,0.4152,0.2711,0,0
623-003051-A-0061,1.0,Tarija,Urbano,0,0,1,0.4645,0.3539,0,0
624-003208-A-0151,1.0,Tarija,Urbano,0,0,0,0.4614,0.2647,0,0
624-003208-A-0111,2.0,Tarija,Urbano,0,0,1,0.4326,0.2573,0,0
624-003208-A-0131,1.0,Tarija,Urbano,0,0,0,0.4972,0.3876,0,0
624-003208-A-0091,1.0,Tarija,Urbano,0,1,0,0.4153,0.2886,0,0
624-003208-A-0211,2.0,Tarija,Urbano,0,0,0,0.4807,0.3741,0,0
624-003208-A-0171,1.0,Tarija,Urbano,0,0,0,0.3455,0.1977,0,0
624-003208-A-0191,1.0,Tarija,Urbano,0,0,0,0.3777,0.3998,0,0
624-003208-A-0221,1.0,Tarija,Urbano,0,0,0,0.3609,0.2845,0,0
624-003208-A-0031,1.0,Tarija,Urbano,0,0,0,0.4106,0.2879,0,0
624-003208-A-0071,3.0,Tarija,Urbano,0,0,0,0.4939,0.4175,0,0
624-003208-A-0011,1.0,Tarija,Urbano,0,0,0,0.4083,0.2298,0,0
624-003208-A-0051,2.0,Tarija,Urbano,0,0,0,0.4649,0.3012,0,0
614-001634-A-0141,1.0,Tarija,Urbano,0,0,0,0.5289,0.3179,1,0
614-001634-A-0181,1.0,Tarija,Urbano,0,0,0,0.4521,0.2402,0,0
614-001634-A-0091,1.0,Tarija,Urbano,0,1,1,0.3586,0.2023,0,0
614-001634-A-0041,1.0,Tarija,Urbano,0,0,0,0.3956,0.2678,0,0
614-001634-A-0331,1.0,Tarija,Urbano,0,0,1,0.4337,0.3211,0,0
614-001634-A-0231,1.0,Tarija,Urbano,0,0,1,0.4012,0.2664,0,0
614-001634-A-0371,1.0,Tarija,Urbano,0,0,1,0.4787,0.3783,0,0
614-001634-A-0281,1.0,Tarija,Urbano,0,0,1,0.3459,0.1884,0,0
614-001634-A-0471,6.0,Tarija,Urbano,1,0,0,0.4834,0.5062,0,1
614-001634-A-0521,1.0,Tarija,Urbano,0,1,1,0.4383,0.3455,0,0
614-001634-A-0561,3.0,Tarija,Urbano,0,0,1,0.4558,0.2521,0,0
614-001634-A-0421,2.0,Tarija,Urbano,0,0,1,0.5865,0.3349,1,0
622-002928-A-0031,1.0,Tarija,Urbano,0,0,0,0.589,0.2927,1,0
622-002928-A-0081,1.0,Tarija,Urbano,0,0,0,0.445,0.2389,0,0
622-002928-A-0011,1.0,Tarija,Urbano,0,0,0,0.469,0.3463,0,0
622-002928-A-0051,1.0,Tarija,Urbano,0,0,0,0.3603,0.206,0,0
622-002928-A-0261,1.0,Tarija,Urbano,0,0,1,0.4332,0.3036,0,0
622-002928-A-0221,1.0,Tarija,Urbano,0,0,1,0.4718,0.3082,0,0
622-002928-A-0191,1.0,Tarija,Urbano,0,0,1,0.4926,0.3349,0,0
622-002928-A-0241,1.0,Tarija,Urbano,0,0,1,0.4851,0.37,0,0
622-002928-A-0121,1.0,Tarija,Urbano,0,1,0,0.548,0.2586,1,0
622-002928-A-0151,1.0,Tarija,Urbano,0,1,0,0.4255,0.3562,0,0
622-002928-A-0171,1.0,Tarija,Urbano,0,0,0,0.5035,0.3475,1,0
622-002928-A-0101,1.0,Tarija,Urbano,0,1,1,0.5059,0.2757,1,0
623-003116-A-0151,1.0,Tarija,Urbano,0,0,0,0.4097,0.2293,0,0
623-003116-A-0181,1.0,Tarija,Urbano,0,0,0,0.3551,0.1898,0,0
623-003116-A-0121,1.0,Tarija,Urbano,1,0,0,0.4995,0.3716,0,0
623-003116-A-0201,2.0,Tarija,Urbano,0,0,0,0.3374,0.1975,0,0
623-003116-A-0091,1.0,Tarija,Urbano,0,1,1,0.5878,0.4407,1,0
623-003116-A-0031,1.0,Tarija,Urbano,0,1,0,0.4387,0.2964,0,0
623-003116-A-0061,3.0,Tarija,Urbano,0,0,1,0.4391,0.3101,0,0
623-003116-A-0011,4.0,Tarija,Urbano,0,0,1,0.3623,0.2518,0,0
623-003116-A-0261,1.0,Tarija,Urbano,0,0,0,0.5491,0.2329,1,0
623-003116-A-0291,5.0,Tarija,Urbano,0,0,0,0.4514,0.2778,0,0
623-003116-A-0321,1.0,Tarija,Urbano,1,0,0,0.5406,0.5648,1,1
623-003116-A-0231,1.0,Tarija,Urbano,0,0,0,0.3403,0.2761,0,0
652-004137-D-0101,1.0,Tarija,Rural,0,0,0,0.6631,0.3864,1,0
652-004137-D-0141,1.0,Tarija,Rural,0,0,0,0.3392,0.2562,0,0
652-004137-D-0121,1.0,Tarija,Rural,0,0,0,0.4121,0.3407,0,0
652-004137-D-0161,1.0,Tarija,Rural,0,0,0,0.4183,0.2063,0,0
652-004137-D-0241,1.0,Tarija,Rural,0,0,0,0.2335,0.1135,0,0
652-004137-D-0221,1.0,Tarija,Rural,0,0,0,0.3525,0.2854,0,0
652-004137-D-0201,1.0,Tarija,Rural,0,1,1,0.3869,0.2692,0,0
652-004137-D-0181,1.0,Tarija,Rural,0,1,1,0.5338,0.2976,1,0
652-004137-D-0011,3.0,Tarija,Rural,0,0,0,0.2696,0.2,0,0
652-004137-D-0061,1.0,Tarija,Rural,0,0,0,0.5613,0.3525,1,0
652-004137-D-0081,1.0,Tarija,Rural,0,0,0,0.4668,0.2583,0,0
652-004137-D-0041,1.0,Tarija,Rural,0,1,0,0.4082,0.2373,0,0
643-004096-D-0511,1.0,Tarija,Rural,0,0,0,0.4923,0.341,0,0
643-004096-D-0701,1.0,Tarija,Rural,0,0,0,0.5001,0.3997,1,0
643-004096-D-0421,1.0,Tarija,Rural,0,0,0,0.344,0.1888,0,0
643-004096-D-0611,3.0,Tarija,Rural,0,0,0,0.3105,0.1955,0,0
643-004096-D-1071,4.0,Tarija,Rural,0,0,0,0.3811,0.3594,0,0
643-004096-D-0981,1.0,Tarija,Rural,0,1,0,0.4027,0.2951,0,0
643-004096-D-0891,1.0,Tarija,Rural,0,0,0,0.4002,0.2817,0,0
643-004096-D-0791,1.0,Tarija,Rural,0,0,0,0.574,0.2688,1,0
643-004096-D-0331,3.0,Tarija,Rural,0,0,0,0.4796,0.356,0,0
643-004096-D-0231,4.0,Tarija,Rural,0,0,0,0.2278,0.217,0,0
643-004096-D-0051,1.0,Tarija,Rural,0,0,0,0.5914,0.2644,1,0
643-004096-D-0141,3.0,Tarija,Rural,0,0,0,0.2825,0.1927,0,0
642-003569-A-0021,1.0,Tarija,Rural,0,0,0,0.3289,0.2742,0,0
642-003569-A-0031,1.0,Tarija,Rural,0,0,0,0.3444,0.2265,0,0
642-003569-A-0011,1.0,Tarija,Rural,0,0,0,0.2887,0.1997,0,0
642-003569-A-0041,1.0,Tarija,Rural,0,0,0,0.2592,0.1821,0,0
642-003569-A-0051,2.0,Tarija,Rural,0,0,0,0.4327,0.2059,0,0
642-003569-A-0081,1.0,Tarija,Rural,0,0,0,0.4837,0.2675,0,0
642-003569-A-0061,1.0,Tarija,Rural,0,0,0,0.724,0.2676,1,0
642-003569-A-0071,1.0,Tarija,Rural,0,0,0,0.532,0.2895,1,0
642-003569-A-0121,1.0,Tarija,Rural,0,0,1,0.4648,0.2557,0,0
642-003569-A-0101,1.0,Tarija,Rural,0,0,0,0.3889,0.2316,0,0
642-003569-A-0091,1.0,Tarija,Rural,0,0,0,0.2915,0.2549,0,0
642-003569-A-0111,7.0,Tarija,Rural,0,0,0,0.4272,0.2595,0,0
643-004014-D-0241,1.0,Tarija,Rural,0,0,0,0.3394,0.1858,0,0
643-004014-D-0271,1.0,Tarija,Rural,0,0,0,0.2514,0.2042,0,0
643-004014-D-0291,1.0,Tarija,Rural,0,0,1,0.2592,0.384,0,0
643-004014-D-0321,3.0,Tarija,Rural,0,0,0,0.2115,0.1701,0,0
643-004014-D-0021,4.0,Tarija,Rural,0,0,1,0.3339,0.1738,0,0
643-004014-D-0051,1.0,Tarija,Rural,0,0,0,0.4672,0.3126,0,0
643-004014-D-0101,1.0,Tarija,Rural,0,0,1,0.5101,0.2507,1,0
643-004014-D-0071,5.0,Tarija,Rural,0,0,1,0.269,0.2126,0,0
643-004014-D-0181,4.0,Tarija,Rural,0,0,1,0.3822,0.243,0,0
643-004014-D-0131,3.0,Tarija,Rural,1,0,0,0.3557,0.4249,0,0
643-004014-D-0161,5.0,Tarija,Rural,1,1,1,0.4328,0.561,0,1
643-004014-D-0211,3.0,Tarija,Rural,0,0,1,0.7393,0.2607,1,0
613-000701-A-0121,1.0,Tarija,Urbano,0,0,1,0.3566,0.2783,0,0
613-000701-A-0161,1.0,Tarija,Urbano,0,0,1,0.2906,0.2065,0,0
613-000701-A-0151,1.0,Tarija,Urbano,1,0,1,0.4433,0.4723,0,0
613-000701-A-0131,1.0,Tarija,Urbano,0,0,0,0.342,0.3435,0,0
613-000701-A-0061,1.0,Tarija,Urbano,0,0,0,0.2934,0.2112,0,0
613-000701-A-0091,1.0,Tarija,Urbano,0,0,0,0.4854,0.297,0,0
613-000701-A-0081,2.0,Tarija,Urbano,0,0,0,0.3814,0.2648,0,0
613-000701-A-0051,1.0,Tarija,Urbano,0,0,1,0.4112,0.2776,0,0
613-000701-A-0021,1.0,Tarija,Urbano,0,0,1,0.4934,0.234,0,0
613-000701-A-0011,3.0,Tarija,Urbano,0,0,1,0.4518,0.2341,0,0
613-000701-A-0031,4.0,Tarija,Urbano,0,0,1,0.3527,0.2765,0,0
622-002370-A-0181,1.0,Tarija,Urbano,0,0,0,0.2883,0.1885,0,0
622-002370-A-0151,3.0,Tarija,Urbano,0,0,1,0.4037,0.2362,0,0
622-002370-A-0171,5.0,Tarija,Urbano,0,0,1,0.3803,0.2348,0,0
622-002370-A-0131,3.0,Tarija,Urbano,0,1,1,0.4469,0.2751,0,0
622-002370-A-0011,3.0,Tarija,Urbano,0,0,0,0.3175,0.2441,0,0
622-002370-A-0041,1.0,Tarija,Urbano,1,1,1,0.5333,0.577,1,1
622-002370-A-0061,1.0,Tarija,Urbano,0,0,1,0.3311,0.2796,0,0
622-002370-A-0021,2.0,Tarija,Urbano,0,0,1,0.5662,0.3467,1,0
622-002370-A-0121,3.0,Tarija,Urbano,0,0,1,0.359,0.2705,0,0
622-002370-A-0091,1.0,Tarija,Urbano,0,0,1,0.5365,0.275,1,0
622-002370-A-0071,1.0,Tarija,Urbano,0,0,0,0.436,0.2256,0,0
622-002370-A-0101,3.0,Tarija,Urbano,0,0,1,0.5743,0.2815,1,0
623-002671-A-0121,1.0,Tarija,Urbano,0,0,0,0.3193,0.1482,0,0
623-002671-A-0161,3.0,Tarija,Urbano,0,0,0,0.3842,0.2875,0,0
623-002671-A-0151,1.0,Tarija,Urbano,0,0,0,0.338,0.2153,0,0
623-002671-A-0131,3.0,Tarija,Urbano,0,0,1,0.3466,0.2534,0,0
623-002671-A-0081,4.0,Tarija,Urbano,0,0,0,0.3892,0.2432,0,0
623-002671-A-0091,4.0,Tarija,Urbano,0,0,0,0.3717,0.2671,0,0
623-002671-A-0061,1.0,Tarija,Urbano,0,0,1,0.481,0.3284,0,0
623-002671-A-0101,3.0,Tarija,Urbano,0,0,0,0.4817,0.4017,0,0
623-002671-A-0031,4.0,Tarija,Urbano,0,0,1,0.358,0.2798,0,0
623-002671-A-0021,1.0,Tarija,Urbano,0,0,1,0.4595,0.3197,0,0
623-002671-A-0051,1.0,Tarija,Urbano,0,0,0,0.4498,0.2727,0,0
623-002671-A-0011,5.0,Tarija,Urbano,0,1,1,0.4736,0.2745,0,0
621-002192-A-0031,1.0,Tarija,Urbano,0,1,1,0.334,0.1904,0,0
621-002192-A-0051,3.0,Tarija,Urbano,1,0,1,0.4615,0.3998,0,0
621-002192-A-0081,1.0,Tarija,Urbano,0,0,1,0.4388,0.2911,0,0
621-002192-A-0011,1.0,Tarija,Urbano,0,0,1,0.3393,0.185,0,0
621-002192-A-0101,4.0,Tarija,Urbano,0,0,1,0.494,0.4076,0,0
621-002192-A-0141,1.0,Tarija,Urbano,0,0,0,0.3382,0.2097,0,0
621-002192-A-0121,1.0,Tarija,Urbano,0,0,0,0.4056,0.2482,0,0
621-002192-A-0171,2.0,Tarija,Urbano,0,0,1,0.4419,0.3074,0,0
621-002192-A-0191,1.0,Tarija,Urbano,0,0,1,0.4428,0.2849,0,0
621-002192-A-0261,1.0,Tarija,Urbano,0,0,1,0.4333,0.2848,0,0
621-002192-A-0231,3.0,Tarija,Urbano,0,1,1,0.3519,0.2761,0,0
621-002192-A-0211,3.0,Tarija,Urbano,0,0,1,0.3939,0.2039,0,0
632-002789-A-0101,1.0,Tarija,Urbano,0,0,0,0.2912,0.1874,0,0
632-002789-A-0171,1.0,Tarija,Urbano,0,0,0,0.6131,0.372,1,0
632-002789-A-0121,1.0,Tarija,Urbano,0,0,1,0.3387,0.2138,0,0
632-002789-A-0141,1.0,Tarija,Urbano,0,0,1,0.4475,0.2045,0,0
632-002789-A-0261,1.0,Tarija,Urbano,0,0,0,0.615,0.3695,1,0
632-002789-A-0231,1.0,Tarija,Urbano,0,0,0,0.4027,0.2685,0,0
632-002789-A-0211,4.0,Tarija,Urbano,0,0,0,0.4638,0.1946,0,0
632-002789-A-0191,1.0,Tarija,Urbano,0,0,0,0.4831,0.3024,0,0
632-002789-A-0011,1.0,Tarija,Urbano,0,1,0,0.3727,0.3051,0,0
632-002789-A-0031,1.0,Tarija,Urbano,0,0,0,0.4015,0.2399,0,0
632-002789-A-0051,1.0,Tarija,Urbano,0,0,1,0.4118,0.2508,0,0
632-002789-A-0081,3.0,Tarija,Urbano,0,0,1,0.4056,0.265,0,0
643-004019-D-0301,4.0,Tarija,Rural,0,0,0,0.2713,0.2003,0,0
643-004019-D-0361,1.0,Tarija,Rural,0,0,0,0.2654,0.2015,0,0
643-004019-D-0411,1.0,Tarija,Rural,0,0,1,0.5662,0.3563,1,0
643-004019-D-0251,3.0,Tarija,Rural,0,0,0,0.4944,0.3128,0,0
643-004019-D-0041,3.0,Tarija,Rural,0,0,1,0.54,0.2489,1,0
643-004019-D-0091,1.0,Tarija,Rural,0,0,1,0.4154,0.2355,0,0
643-004019-D-0151,1.0,Tarija,Rural,0,0,0,0.406,0.2989,0,0
643-004019-D-0201,1.0,Tarija,Rural,0,0,0,0.3864,0.3062,0,0
643-004019-D-0571,1.0,Tarija,Rural,0,1,0,0.4757,0.304,0,0
643-004019-D-0621,1.0,Tarija,Rural,0,1,0,0.5423,0.3023,1,0
643-004019-D-0511,1.0,Tarija,Rural,0,1,0,0.4622,0.2588,0,0
643-004019-D-0461,1.0,Tarija,Rural,0,0,0,0.5058,0.2832,1,0
633-002834-A-0191,1.0,Tarija,Urbano,0,0,0,0.6928,0.399,1,0
633-002834-A-0171,1.0,Tarija,Urbano,0,1,1,0.4329,0.2836,0,0
633-002834-A-0151,1.0,Tarija,Urbano,0,0,1,0.4246,0.273,0,0
633-002834-A-0201,3.0,Tarija,Urbano,0,0,1,0.394,0.2775,0,0
633-002834-A-0061,2.0,Tarija,Urbano,0,0,0,0.4825,0.2817,0,0
633-002834-A-0031,2.0,Tarija,Urbano,0,0,0,0.5293,0.2987,1,0
633-002834-A-0051,1.0,Tarija,Urbano,0,0,0,0.4934,0.1789,0,0
633-002834-A-0011,2.0,Tarija,Urbano,0,0,0,0.5425,0.4988,1,0
633-002834-A-0131,3.0,Tarija,Urbano,0,0,0,0.4204,0.2809,0,0
633-002834-A-0121,1.0,Tarija,Urbano,0,0,0,0.4859,0.2842,0,0
633-002834-A-0081,3.0,Tarija,Urbano,0,0,0,0.5123,0.2447,1,0
633-002834-A-0101,1.0,Tarija,Urbano,0,0,0,0.5831,0.4169,1,0
622-002234-A-0221,1.0,Tarija,Urbano,0,0,0,0.3463,0.2641,0,0
622-002234-A-0241,3.0,Tarija,Urbano,0,0,1,0.3689,0.2521,0,0
622-002234-A-0201,1.0,Tarija,Urbano,0,0,1,0.3924,0.2487,0,0
622-002234-A-0181,4.0,Tarija,Urbano,0,0,1,0.4432,0.2617,0,0
622-002234-A-0061,1.0,Tarija,Urbano,0,0,1,0.4025,0.2586,0,0
622-002234-A-0081,1.0,Tarija,Urbano,0,0,1,0.4743,0.2679,0,0
622-002234-A-0011,1.0,Tarija,Urbano,0,0,1,0.3794,0.3021,0,0
622-002234-A-0041,1.0,Tarija,Urbano,0,0,1,0.5329,0.2495,1,0
622-002234-A-0101,2.0,Tarija,Urbano,0,0,1,0.5079,0.299,1,0
622-002234-A-0121,1.0,Tarija,Urbano,1,0,1,0.5607,0.351,1,0
622-002234-A-0141,3.0,Tarija,Urbano,0,0,0,0.4458,0.304,0,0
623-002467-A-0131,3.0,Tarija,Urbano,0,0,0,0.4887,0.2481,0,0
623-002467-A-0141,4.0,Tarija,Urbano,0,0,0,0.3893,0.2251,0,0
623-002467-A-0171,1.0,Tarija,Urbano,0,0,0,0.4991,0.35,0,0
623-002467-A-0161,1.0,Tarija,Urbano,0,0,0,0.4872,0.2848,0,0
623-002467-A-0101,3.0,Tarija,Urbano,0,1,1,0.3968,0.2651,0,0
623-002467-A-0111,3.0,Tarija,Urbano,0,0,1,0.4659,0.2,0,0
623-002467-A-0071,1.0,Tarija,Urbano,0,0,1,0.4531,0.2672,0,0
623-002467-A-0081,1.0,Tarija,Urbano,0,0,1,0.3451,0.2504,0,0
623-002467-A-0051,3.0,Tarija,Urbano,0,0,1,0.5429,0.2395,1,0
623-002467-A-0011,4.0,Tarija,Urbano,0,0,0,0.4883,0.2716,0,0
623-002467-A-0041,1.0,Tarija,Urbano,1,0,1,0.6446,0.6705,1,1
623-002467-A-0021,1.0,Tarija,Urbano,0,0,0,0.4249,0.231,0,0
623-002511-A-0311,1.0,Tarija,Urbano,1,0,1,0.5616,0.4681,1,0
623-002511-A-0251,3.0,Tarija,Urbano,0,0,1,0.445,0.2997,0,0
623-002511-A-0281,1.0,Tarija,Urbano,0,0,1,0.2862,0.237,0,0
623-002511-A-0341,3.0,Tarija,Urbano,0,0,0,0.3595,0.2073,0,0
623-002511-A-0071,3.0,Tarija,Urbano,0,0,1,0.4626,0.2603,0,0
623-002511-A-0041,3.0,Tarija,Urbano,0,0,1,0.4209,0.2436,0,0
623-002511-A-0011,1.0,Tarija,Urbano,0,0,1,0.4496,0.4124,0,0
623-002511-A-0101,1.0,Tarija,Urbano,0,0,0,0.5325,0.3222,1,0
623-002511-A-0221,1.0,Tarija,Urbano,1,0,1,0.6994,0.6477,1,1
623-002511-A-0191,1.0,Tarija,Urbano,0,0,1,0.5738,0.3473,1,0
623-002511-A-0161,4.0,Tarija,Urbano,0,0,1,0.3271,0.2193,0,0
623-002511-A-0131,1.0,Tarija,Urbano,0,0,1,0.3845,0.2245,0,0
622-002273-A-0191,1.0,Tarija,Urbano,0,0,1,0.3755,0.2001,0,0
622-002273-A-0171,1.0,Tarija,Urbano,1,0,1,0.4591,0.2373,0,0
622-002273-A-0201,3.0,Tarija,Urbano,1,0,1,0.4205,0.3802,0,0
622-002273-A-0151,3.0,Tarija,Urbano,0,0,0,0.3416,0.2351,0,0
622-002273-A-0121,3.0,Tarija,Urbano,0,0,1,0.4869,0.3357,0,0
622-002273-A-0101,3.0,Tarija,Urbano,0,0,1,0.5343,0.3522,1,0
622-002273-A-0131,1.0,Tarija,Urbano,0,0,1,0.6666,0.3377,1,0
622-002273-A-0081,5.0,Tarija,Urbano,0,0,0,0.4642,0.331,0,0
622-002273-A-0051,4.0,Tarija,Urbano,0,0,1,0.4827,0.304,0,0
622-002273-A-0011,3.0,Tarija,Urbano,0,0,1,0.6364,0.4089,1,0
622-002273-A-0031,3.0,Tarija,Urbano,0,0,1,0.5725,0.4359,1,0
622-002273-A-0061,1.0,Tarija,Urbano,0,0,1,0.6351,0.4264,1,0
624-002741-A-0051,3.0,Tarija,Urbano,0,0,0,0.372,0.2625,0,0
624-002741-A-0011,1.0,Tarija,Urbano,0,0,0,0.3227,0.1588,0,0
624-002741-A-0071,1.0,Tarija,Urbano,0,0,0,0.4533,0.3112,0,0
624-002741-A-0031,1.0,Tarija,Urbano,0,0,0,0.3625,0.2989,0,0
624-002741-A-0201,1.0,Tarija,Urbano,0,0,1,0.3875,0.2572,0,0
624-002741-A-0181,1.0,Tarija,Urbano,0,1,1,0.3523,0.2474,0,0
624-002741-A-0251,1.0,Tarija,Urbano,0,0,0,0.3408,0.3354,0,0
624-002741-A-0221,1.0,Tarija,Urbano,0,0,1,0.3351,0.1752,0,0
624-002741-A-0091,1.0,Tarija,Urbano,1,0,1,0.4828,0.465,0,0
624-002741-A-0161,1.0,Tarija,Urbano,0,1,1,0.4486,0.2384,0,0
624-002741-A-0121,1.0,Tarija,Urbano,0,0,0,0.4081,0.3562,0,0
623-002558-A-0171,1.0,Tarija,Urbano,0,0,1,0.3746,0.1486,0,0
623-002558-A-0161,1.0,Tarija,Urbano,1,0,1,0.4288,0.5902,0,1
623-002558-A-0211,2.0,Tarija,Urbano,0,0,0,0.4021,0.2831,0,0
623-002558-A-0191,1.0,Tarija,Urbano,0,0,1,0.4879,0.2475,0,0
623-002558-A-0081,4.0,Tarija,Urbano,1,0,0,0.3728,0.5086,0,1
623-002558-A-0121,1.0,Tarija,Urbano,0,0,1,0.4724,0.3828,0,0
623-002558-A-0141,1.0,Tarija,Urbano,0,0,0,0.5044,0.4071,1,0
623-002558-A-0101,1.0,Tarija,Urbano,0,0,1,0.315,0.2209,0,0
623-002558-A-0031,1.0,Tarija,Urbano,0,0,1,0.4656,0.2705,0,0
623-002558-A-0051,2.0,Tarija,Urbano,0,0,1,0.4479,0.2739,0,0
623-002558-A-0061,1.0,Tarija,Urbano,0,0,1,0.6189,0.401,1,0
623-002558-A-0011,1.0,Tarija,Urbano,0,0,0,0.4516,0.2539,0,0
622-002323-A-0171,4.0,Tarija,Urbano,1,0,1,0.6343,0.5834,1,1
622-002323-A-0191,1.0,Tarija,Urbano,0,0,0,0.343,0.1932,0,0
622-002323-A-0201,1.0,Tarija,Urbano,0,0,1,0.3928,0.3122,0,0
622-002323-A-0151,1.0,Tarija,Urbano,1,0,0,0.4859,0.2704,0,0
622-002323-A-0011,1.0,Tarija,Urbano,0,0,1,0.3369,0.2721,0,0
622-002323-A-0031,1.0,Tarija,Urbano,0,0,1,0.4853,0.3455,0,0
622-002323-A-0051,3.0,Tarija,Urbano,0,0,1,0.3813,0.2364,0,0
622-002323-A-0061,3.0,Tarija,Urbano,0,0,1,0.352,0.2555,0,0
622-002323-A-0101,1.0,Tarija,Urbano,0,0,1,0.6128,0.4049,1,0
622-002323-A-0121,3.0,Tarija,Urbano,0,0,1,0.3369,0.2407,0,0
622-002323-A-0081,1.0,Tarija,Urbano,0,0,1,0.5054,0.3534,1,0
622-002323-A-0131,1.0,Tarija,Urbano,0,0,1,0.4412,0.2118,0,0
623-002612-A-0051,1.0,Tarija,Urbano,0,0,0,0.3873,0.2505,0,0
623-002612-A-0091,1.0,Tarija,Urbano,0,0,1,0.7664,0.3471,1,0
623-002612-A-0061,1.0,Tarija,Urbano,0,0,0,0.4822,0.3097,0,0
623-002612-A-0081,1.0,Tarija,Urbano,0,0,1,0.4338,0.2075,0,0
623-002612-A-0101,1.0,Tarija,Urbano,0,0,1,0.5242,0.3949,1,0
623-002612-A-0121,1.0,Tarija,Urbano,0,0,1,0.3745,0.3041,0,0
623-002612-A-0111,1.0,Tarija,Urbano,0,0,0,0.3446,0.1871,0,0
623-002612-A-0131,1.0,Tarija,Urbano,0,0,1,0.3834,0.1517,0,0
623-002612-A-0031,3.0,Tarija,Urbano,0,0,1,0.2921,0.2442,0,0
623-002612-A-0041,1.0,Tarija,Urbano,1,0,1,0.6602,0.5068,1,1
623-002612-A-0021,1.0,Tarija,Urbano,0,0,1,0.4385,0.2398,0,0
651-003951-D-0051,5.0,Tarija,Rural,0,0,0,0.4922,0.1897,0,0
651-003951-D-0011,2.0,Tarija,Rural,0,0,0,0.3934,0.18,0,0
651-003951-D-0031,3.0,Tarija,Rural,0,0,0,0.4373,0.2583,0,0
651-003951-D-0081,2.0,Tarija,Rural,1,0,0,0.5397,0.3609,1,0
651-003951-D-0191,1.0,Tarija,Rural,0,0,0,0.4124,0.3142,0,0
651-003951-D-0211,1.0,Tarija,Rural,0,0,0,0.4017,0.2055,0,0
651-003951-D-0231,1.0,Tarija,Rural,0,0,0,0.387,0.1625,0,0
651-003951-D-0101,1.0,Tarija,Rural,0,0,0,0.4363,0.2497,0,0
651-003951-D-0171,2.0,Tarija,Rural,0,0,0,0.4278,0.3223,0,0
651-003951-D-0141,1.0,Tarija,Rural,0,0,0,0.301,0.1805,0,0
651-003951-D-0121,1.0,Tarija,Rural,0,0,0,0.4422,0.3691,0,0
623-002010-A-0131,1.0,Tarija,Urbano,1,0,1,0.39,0.225,0,0
623-002010-A-0101,3.0,Tarija,Urbano,0,0,0,0.387,0.3055,0,0
623-002010-A-0081,3.0,Tarija,Urbano,0,1,0,0.309,0.2054,0,0
623-002010-A-0121,1.0,Tarija,Urbano,0,0,0,0.3797,0.2484,0,0
623-002010-A-0201,1.0,Tarija,Urbano,0,0,0,0.5802,0.4575,1,0
623-002010-A-0171,2.0,Tarija,Urbano,0,0,0,0.4463,0.4168,0,0
623-002010-A-0151,1.0,Tarija,Urbano,0,0,1,0.4962,0.3121,0,0
623-002010-A-0051,2.0,Tarija,Urbano,1,0,1,0.4329,0.5184,0,1
623-002010-A-0031,1.0,Tarija,Urbano,0,0,0,0.4088,0.3313,0,0
623-002010-A-0061,4.0,Tarija,Urbano,0,0,1,0.357,0.2487,0,0
623-002010-A-0011,1.0,Tarija,Urbano,0,0,1,0.4397,0.277,0,0
613-000753-A-0041,1.0,Tarija,Urbano,0,0,0,0.4599,0.2416,0,0
613-000753-A-0081,1.0,Tarija,Urbano,0,0,0,0.3236,0.2045,0,0
613-000753-A-0011,3.0,Tarija,Urbano,0,0,1,0.5192,0.3992,1,0
613-000753-A-0241,1.0,Tarija,Urbano,0,0,1,0.4901,0.4275,0,0
613-000753-A-0201,1.0,Tarija,Urbano,0,0,0,0.5829,0.3728,1,0
613-000753-A-0221,1.0,Tarija,Urbano,0,0,0,0.3912,0.2683,0,0
613-000753-A-0101,4.0,Tarija,Urbano,0,0,1,0.3549,0.2478,0,0
613-000753-A-0121,1.0,Tarija,Urbano,0,0,1,0.4118,0.3086,0,0
613-000753-A-0141,1.0,Tarija,Urbano,0,1,1,0.4055,0.1549,0,0
613-000753-A-0161,2.0,Tarija,Urbano,0,0,1,0.4795,0.3866,0,0
614-001801-A-0181,3.0,Tarija,Urbano,0,1,1,0.2957,0.2438,0,0
614-001801-A-0151,4.0,Tarija,Urbano,0,1,1,0.3381,0.2417,0,0
614-001801-A-0101,1.0,Tarija,Urbano,0,0,0,0.3516,0.2381,0,0
614-001801-A-0131,1.0,Tarija,Urbano,0,0,0,0.383,0.241,0,0
614-001801-A-0011,1.0,Tarija,Urbano,0,0,1,0.3869,0.3926,0,0
614-001801-A-0031,1.0,Tarija,Urbano,0,0,1,0.2605,0.215,0,0
614-001801-A-0201,3.0,Tarija,Urbano,1,0,1,0.3987,0.237,0,0
614-001801-A-0231,4.0,Tarija,Urbano,0,0,1,0.3402,0.2443,0,0
614-001801-A-0251,2.0,Tarija,Urbano,0,0,1,0.4384,0.3136,0,0
614-001801-A-0271,1.0,Tarija,Urbano,1,1,1,0.5344,0.6139,1,1
623-001965-A-0221,1.0,Tarija,Urbano,0,1,0,0.4019,0.3659,0,0
623-001965-A-0201,1.0,Tarija,Urbano,0,1,1,0.3243,0.2744,0,0
623-001965-A-0181,1.0,Tarija,Urbano,0,0,0,0.2665,0.1985,0,0
623-001965-A-0251,1.0,Tarija,Urbano,0,0,0,0.4997,0.4035,0,0
623-001965-A-0121,3.0,Tarija,Urbano,1,0,1,0.487,0.5963,0,1
623-001965-A-0091,1.0,Tarija,Urbano,0,0,0,0.364,0.2754,0,0
623-001965-A-0161,1.0,Tarija,Urbano,0,0,0,0.3918,0.3572,0,0
623-001965-A-0071,2.0,Tarija,Urbano,0,0,1,0.4244,0.4426,0,0
623-001965-A-0051,1.0,Tarija,Urbano,0,0,0,0.4512,0.2201,0,0
623-001965-A-0011,1.0,Tarija,Urbano,0,0,0,0.4419,0.2081,0,0
623-001965-A-0031,1.0,Tarija,Urbano,0,0,0,0.3405,0.2637,0,0
622-001897-A-0151,3.0,Tarija,Urbano,0,0,0,0.3959,0.273,0,0
622-001897-A-0121,1.0,Tarija,Urbano,0,0,0,0.3539,0.2134,0,0
622-001897-A-0201,3.0,Tarija,Urbano,0,0,0,0.3234,0.224,0,0
622-001897-A-0181,3.0,Tarija,Urbano,0,0,0,0.3052,0.2165,0,0
622-001897-A-0011,1.0,Tarija,Urbano,0,0,0,0.4315,0.2753,0,0
622-001897-A-0061,1.0,Tarija,Urbano,0,0,1,0.4278,0.1969,0,0
622-001897-A-0091,1.0,Tarija,Urbano,0,1,1,0.4531,0.3621,0,0
622-001897-A-0261,2.0,Tarija,Urbano,0,0,0,0.4463,0.328,0,0
622-001897-A-0291,4.0,Tarija,Urbano,0,0,0,0.31,0.2433,0,0
622-001897-A-0321,3.0,Tarija,Urbano,0,0,0,0.4113,0.3167,0,0
622-001897-A-0231,1.0,Tarija,Urbano,0,0,1,0.4839,0.2696,0,0
624-002163-A-0261,1.0,Tarija,Urbano,0,0,0,0.4122,0.3709,0,0
624-002163-A-0221,1.0,Tarija,Urbano,0,1,0,0.3189,0.3283,0,0
624-002163-A-0301,1.0,Tarija,Urbano,0,0,0,0.2907,0.2081,0,0
624-002163-A-0451,1.0,Tarija,Urbano,0,0,0,0.2912,0.1889,0,0
624-002163-A-0381,1.0,Tarija,Urbano,1,0,0,0.5007,0.2661,1,0
624-002163-A-0421,3.0,Tarija,Urbano,0,0,0,0.4514,0.3553,0,0
624-002163-A-0341,3.0,Tarija,Urbano,0,1,1,0.3149,0.1765,0,0
624-002163-A-0151,1.0,Tarija,Urbano,0,1,0,0.3187,0.1638,0,0
624-002163-A-0111,2.0,Tarija,Urbano,0,0,0,0.3611,0.2444,0,0
624-002163-A-0031,1.0,Tarija,Urbano,0,0,0,0.3626,0.1964,0,0
624-002163-A-0071,1.0,Tarija,Urbano,0,0,0,0.3298,0.2606,0,0
623-002067-A-0201,1.0,Tarija,Urbano,0,0,0,0.5645,0.49,1,0
623-002067-A-0141,1.0,Tarija,Urbano,0,1,1,0.4768,0.316,0,0
623-002067-A-0171,1.0,Tarija,Urbano,0,0,0,0.3874,0.3023,0,0
623-002067-A-0121,3.0,Tarija,Urbano,0,0,0,0.3925,0.2551,0,0
623-002067-A-0041,1.0,Tarija,Urbano,0,0,0,0.5156,0.2774,1,0
623-002067-A-0011,1.0,Tarija,Urbano,0,0,0,0.4148,0.2241,0,0
623-002067-A-0091,1.0,Tarija,Urbano,1,1,0,0.3517,0.4578,0,0
623-002067-A-0061,1.0,Tarija,Urbano,0,1,0,0.3752,0.1823,0,0
623-002067-A-0301,4.0,Tarija,Urbano,0,0,0,0.3361,0.2583,0,0
623-002067-A-0281,1.0,Tarija,Urbano,1,0,1,0.585,0.6213,1,1
623-002067-A-0221,1.0,Tarija,Urbano,0,0,1,0.3713,0.2602,0,0
622-001950-A-0511,1.0,Tarija,Urbano,1,0,0,0.7139,0.5999,1,1
622-001950-A-0571,1.0,Tarija,Urbano,0,0,0,0.3668,0.2061,0,0
622-001950-A-0621,3.0,Tarija,Urbano,0,0,0,0.3458,0.2353,0,0
622-001950-A-0461,3.0,Tarija,Urbano,0,1,1,0.3622,0.2727,0,0
622-001950-A-0091,1.0,Tarija,Urbano,0,0,0,0.4498,0.2704,0,0
622-001950-A-0041,1.0,Tarija,Urbano,0,0,0,0.3978,0.2686,0,0
622-001950-A-0151,1.0,Tarija,Urbano,0,0,0,0.6287,0.3249,1,0
622-001950-A-0201,1.0,Tarija,Urbano,0,0,0,0.5156,0.284,1,0
622-001950-A-0251,1.0,Tarija,Urbano,0,0,1,0.6166,0.4058,1,0
622-001950-A-0301,1.0,Tarija,Urbano,0,0,1,0.4232,0.2514,0,0
622-001950-A-0411,3.0,Tarija,Urbano,0,0,1,0.392,0.3883,0,0
622-001950-A-0361,1.0,Tarija,Urbano,0,0,1,0.4847,0.2431,0,0
623-002124-A-0191,1.0,Tarija,Urbano,0,0,0,0.4667,0.2497,0,0
623-002124-A-0231,1.0,Tarija,Urbano,0,0,0,0.3839,0.2464,0,0
623-002124-A-0131,1.0,Tarija,Urbano,0,0,0,0.477,0.3851,0,0
623-002124-A-0161,1.0,Tarija,Urbano,1,0,0,0.3915,0.4533,0,0
623-002124-A-0071,1.0,Tarija,Urbano,0,0,0,0.6367,0.4194,1,0
623-002124-A-0041,3.0,Tarija,Urbano,0,0,0,0.382,0.254,0,0
623-002124-A-0011,1.0,Tarija,Urbano,0,0,0,0.4282,0.248,0,0
623-002124-A-0101,1.0,Tarija,Urbano,0,1,1,0.3834,0.2949,0,0
623-002124-A-0261,3.0,Tarija,Urbano,0,0,0,0.4256,0.2329,0,0
623-002124-A-0351,1.0,Tarija,Urbano,0,0,0,0.4441,0.2659,0,0
623-002124-A-0291,1.0,Tarija,Urbano,0,0,0,0.4184,0.353,0,0
623-002124-A-0321,1.0,Tarija,Urbano,1,1,0,0.4254,0.5442,0,1
714-010972-A-0021,1.0,Santa Cruz,Urbano,0,1,1,0.4219,0.4076,0,0
714-010972-A-0031,1.0,Santa Cruz,Urbano,0,1,1,0.3944,0.348,0,0
714-010972-A-0011,1.0,Santa Cruz,Urbano,0,0,1,0.4282,0.3311,0,0
714-010972-A-0051,1.0,Santa Cruz,Urbano,0,1,1,0.3769,0.2788,0,0
714-010972-A-0091,2.0,Santa Cruz,Urbano,0,0,1,0.5258,0.3569,1,0
714-010972-A-0101,1.0,Santa Cruz,Urbano,1,0,1,0.4438,0.4593,0,0
714-010972-A-0061,1.0,Santa Cruz,Urbano,0,0,1,0.4295,0.3223,0,0
714-010972-A-0081,1.0,Santa Cruz,Urbano,0,0,0,0.312,0.1837,0,0
714-010972-A-0121,1.0,Santa Cruz,Urbano,0,0,0,0.3534,0.2563,0,0
714-010972-A-0131,1.0,Santa Cruz,Urbano,0,0,1,0.3127,0.1728,0,0
714-010972-A-0151,3.0,Santa Cruz,Urbano,0,0,1,0.3794,0.2962,0,0
714-010972-A-0161,1.0,Santa Cruz,Urbano,0,0,1,0.3893,0.3245,0,0
712-003902-A-0301,1.0,Santa Cruz,Urbano,0,0,0,0.6811,0.532,1,1
712-003902-A-0441,1.0,Santa Cruz,Urbano,0,0,1,0.4343,0.3333,0,0
712-003902-A-0031,1.0,Santa Cruz,Urbano,0,0,0,0.3845,0.3109,0,0
712-003902-A-0171,3.0,Santa Cruz,Urbano,0,0,0,0.7021,0.368,1,0
712-003902-A-0851,2.0,Santa Cruz,Urbano,0,0,0,0.4531,0.3918,0,0
712-003902-A-0711,3.0,Santa Cruz,Urbano,0,0,1,0.4243,0.3667,0,0
712-003902-A-0581,1.0,Santa Cruz,Urbano,0,0,0,0.4747,0.3526,0,0
712-003902-A-0981,1.0,Santa Cruz,Urbano,1,1,0,0.5534,0.5823,1,1
712-003902-A-1121,1.0,Santa Cruz,Urbano,0,0,1,0.3779,0.2124,0,0
712-003902-A-1261,2.0,Santa Cruz,Urbano,0,0,1,0.3858,0.3504,0,0
712-003902-A-1391,1.0,Santa Cruz,Urbano,0,0,1,0.3046,0.1739,0,0
712-003902-A-1531,1.0,Santa Cruz,Urbano,0,0,1,0.3116,0.209,0,0
713-008743-A-0101,1.0,Santa Cruz,Urbano,0,0,1,0.5634,0.3554,1,0
713-008743-A-0021,6.0,Santa Cruz,Urbano,0,1,1,0.4185,0.2484,0,0
713-008743-A-0071,1.0,Santa Cruz,Urbano,0,1,1,0.4958,0.3773,0,0
713-008743-A-0051,1.0,Santa Cruz,Urbano,0,0,1,0.3887,0.2816,0,0
713-008743-A-0131,4.0,Santa Cruz,Urbano,0,0,0,0.4555,0.2944,0,0
713-008743-A-0161,2.0,Santa Cruz,Urbano,0,0,0,0.6516,0.2917,1,0
713-008743-A-0181,2.0,Santa Cruz,Urbano,0,0,1,0.4187,0.2985,0,0
713-008743-A-0211,1.0,Santa Cruz,Urbano,0,0,1,0.4411,0.2378,0,0
713-008743-A-0241,3.0,Santa Cruz,Urbano,0,0,1,0.5213,0.3818,1,0
713-008743-A-0271,1.0,Santa Cruz,Urbano,0,0,1,0.4558,0.2622,0,0
713-008743-A-0291,1.0,Santa Cruz,Urbano,0,0,0,0.6208,0.3775,1,0
713-008743-A-0321,4.0,Santa Cruz,Urbano,0,0,0,0.4566,0.3287,0,0
714-012195-A-0021,1.0,Santa Cruz,Urbano,1,0,0,0.3721,0.4043,0,0
714-012195-A-0061,3.0,Santa Cruz,Urbano,0,0,0,0.3953,0.372,0,0
714-012195-A-0101,1.0,Santa Cruz,Urbano,0,0,0,0.2382,0.2779,0,0
714-012195-A-0141,3.0,Santa Cruz,Urbano,0,0,0,0.3714,0.245,0,0
714-012195-A-0171,5.0,Santa Cruz,Urbano,0,0,0,0.2385,0.2617,0,0
714-012195-A-0211,3.0,Santa Cruz,Urbano,0,1,0,0.2954,0.3525,0,0
714-012195-A-0251,1.0,Santa Cruz,Urbano,0,0,0,0.3001,0.2711,0,0
714-012195-A-0291,1.0,Santa Cruz,Urbano,0,0,0,0.433,0.3439,0,0
714-012195-A-0331,3.0,Santa Cruz,Urbano,1,1,1,0.3775,0.4792,0,0
714-012195-A-0371,3.0,Santa Cruz,Urbano,0,0,1,0.4319,0.3423,0,0
714-012195-A-0411,1.0,Santa Cruz,Urbano,0,0,1,0.3376,0.2139,0,0
714-012195-A-0451,1.0,Santa Cruz,Urbano,0,0,1,0.3431,0.3244,0,0
722-013982-A-0061,3.0,Santa Cruz,Urbano,1,0,0,0.3412,0.3214,0,0
722-013982-A-0011,1.0,Santa Cruz,Urbano,0,1,0,0.3975,0.2894,0,0
722-013982-A-0081,1.0,Santa Cruz,Urbano,0,0,0,0.4465,0.3314,0,0
722-013982-A-0031,1.0,Santa Cruz,Urbano,1,0,1,0.4736,0.3712,0,0
722-013982-A-0101,1.0,Santa Cruz,Urbano,0,0,0,0.4151,0.2479,0,0
722-013982-A-0131,3.0,Santa Cruz,Urbano,1,1,1,0.3588,0.5292,0,1
722-013982-A-0151,3.0,Santa Cruz,Urbano,1,1,1,0.3796,0.2757,0,0
722-013982-A-0181,2.0,Santa Cruz,Urbano,1,0,0,0.3712,0.3824,0,0
722-013982-A-0201,4.0,Santa Cruz,Urbano,0,0,1,0.3697,0.2586,0,0
722-013982-A-0231,4.0,Santa Cruz,Urbano,1,0,1,0.4741,0.4324,0,0
722-013982-A-0251,1.0,Santa Cruz,Urbano,0,0,1,0.3669,0.2686,0,0
722-013982-A-0271,1.0,Santa Cruz,Urbano,1,0,1,0.3798,0.3147,0,0
721-013718-A-0061,3.0,Santa Cruz,Urbano,0,0,1,0.3557,0.229,0,0
721-013718-A-0011,3.0,Santa Cruz,Urbano,1,0,1,0.6023,0.58,1,1
721-013718-A-0021,3.0,Santa Cruz,Urbano,0,0,0,0.4041,0.3761,0,0
721-013718-A-0041,2.0,Santa Cruz,Urbano,1,0,0,0.4367,0.5121,0,1
721-013718-A-0071,3.0,Santa Cruz,Urbano,0,1,1,0.5195,0.368,1,0
721-013718-A-0101,2.0,Santa Cruz,Urbano,0,0,0,0.482,0.2671,0,0
721-013718-A-0121,2.0,Santa Cruz,Urbano,0,0,0,0.4421,0.2705,0,0
721-013718-A-0091,1.0,Santa Cruz,Urbano,0,1,0,0.5819,0.4371,1,0
721-013718-A-0151,2.0,Santa Cruz,Urbano,0,0,1,0.6319,0.3664,1,0
721-013718-A-0171,2.0,Santa Cruz,Urbano,0,0,1,0.5987,0.379,1,0
721-013718-A-0181,1.0,Santa Cruz,Urbano,0,1,1,0.4853,0.3217,0,0
721-013718-A-0131,1.0,Santa Cruz,Urbano,1,0,1,0.4302,0.4005,0,0
722-014146-A-0051,2.0,Santa Cruz,Urbano,0,0,1,0.4021,0.2796,0,0
722-014146-A-0121,3.0,Santa Cruz,Urbano,1,0,1,0.7154,0.6174,1,1
722-014146-A-0191,1.0,Santa Cruz,Urbano,1,0,0,0.4053,0.4373,0,0
722-014146-A-0261,1.0,Santa Cruz,Urbano,0,0,1,0.7343,0.4445,1,0
722-014146-A-0331,1.0,Santa Cruz,Urbano,0,1,0,0.3543,0.2836,0,0
722-014146-A-0401,1.0,Santa Cruz,Urbano,1,1,1,0.4637,0.5343,0,1
722-014146-A-0471,1.0,Santa Cruz,Urbano,1,0,0,0.4698,0.3576,0,0
722-014146-A-0541,1.0,Santa Cruz,Urbano,0,1,0,0.6052,0.3709,1,0
722-014146-A-0611,1.0,Santa Cruz,Urbano,1,0,1,0.623,0.6545,1,1
722-014146-A-0671,1.0,Santa Cruz,Urbano,1,1,1,0.403,0.4852,0,0
722-014146-A-0811,1.0,Santa Cruz,Urbano,0,1,1,0.6269,0.4096,1,0
721-013867-A-0021,2.0,Santa Cruz,Urbano,1,0,1,0.4931,0.4155,0,0
721-013867-A-0071,3.0,Santa Cruz,Urbano,1,0,1,0.4483,0.4089,0,0
721-013867-A-0101,2.0,Santa Cruz,Urbano,0,0,1,0.6102,0.3688,1,0
721-013867-A-0121,1.0,Santa Cruz,Urbano,0,0,0,0.5743,0.4328,1,0
721-013867-A-0151,1.0,Santa Cruz,Urbano,0,0,0,0.408,0.2683,0,0
721-013867-A-0171,1.0,Santa Cruz,Urbano,0,0,0,0.5199,0.2991,1,0
721-013867-A-0201,3.0,Santa Cruz,Urbano,0,1,0,0.4314,0.2323,0,0
721-013867-A-0251,2.0,Santa Cruz,Urbano,0,0,1,0.5191,0.3308,1,0
721-013867-A-0301,2.0,Santa Cruz,Urbano,0,0,0,0.6151,0.4153,1,0
721-013867-A-0281,6.0,Santa Cruz,Urbano,0,1,1,0.5565,0.2799,1,0
712-003993-A-0411,2.0,Santa Cruz,Urbano,0,0,0,0.3216,0.2983,0,0
712-003993-A-0011,1.0,Santa Cruz,Urbano,1,1,1,0.5896,0.5434,1,1
712-003993-A-0051,4.0,Santa Cruz,Urbano,0,0,1,0.3707,0.3243,0,0
712-003993-A-0081,1.0,Santa Cruz,Urbano,0,0,0,0.2758,0.1824,0,0
712-003993-A-0121,1.0,Santa Cruz,Urbano,0,0,1,0.4482,0.2912,0,0
712-003993-A-0161,2.0,Santa Cruz,Urbano,0,0,1,0.4131,0.2616,0,0
712-003993-A-0191,1.0,Santa Cruz,Urbano,1,0,1,0.4499,0.4718,0,0
712-003993-A-0231,3.0,Santa Cruz,Urbano,0,0,0,0.367,0.2994,0,0
712-003993-A-0271,1.0,Santa Cruz,Urbano,1,0,1,0.4506,0.3814,0,0
712-003993-A-0301,2.0,Santa Cruz,Urbano,0,1,1,0.4311,0.4003,0,0
712-003993-A-0341,1.0,Santa Cruz,Urbano,0,0,1,0.3479,0.2176,0,0
714-010525-A-0021,2.0,Santa Cruz,Urbano,1,0,1,0.4158,0.4605,0,0
714-010525-A-0071,1.0,Santa Cruz,Urbano,0,0,1,0.3395,0.2147,0,0
714-010525-A-0131,2.0,Santa Cruz,Urbano,0,0,1,0.3579,0.282,0,0
714-010525-A-0191,3.0,Santa Cruz,Urbano,0,0,1,0.2845,0.2062,0,0
714-010525-A-0241,2.0,Santa Cruz,Urbano,0,0,0,0.4635,0.3193,0,0
714-010525-A-0361,2.0,Santa Cruz,Urbano,0,0,0,0.4065,0.3818,0,0
714-010525-A-0411,1.0,Santa Cruz,Urbano,0,0,0,0.272,0.2887,0,0
714-010525-A-0471,1.0,Santa Cruz,Urbano,0,0,0,0.522,0.4391,1,0
714-010525-A-0531,1.0,Santa Cruz,Urbano,0,0,0,0.2727,0.2501,0,0
714-010525-A-0581,1.0,Santa Cruz,Urbano,0,0,0,0.2944,0.1811,0,0
714-010525-A-0641,1.0,Santa Cruz,Urbano,0,0,1,0.4817,0.3106,0,0
714-011725-A-0021,1.0,Santa Cruz,Urbano,0,0,0,0.2866,0.3009,0,0
714-011725-A-0061,1.0,Santa Cruz,Urbano,0,0,0,0.2365,0.1994,0,0
714-011725-A-0101,1.0,Santa Cruz,Urbano,0,0,0,0.4733,0.3622,0,0
714-011725-A-0141,1.0,Santa Cruz,Urbano,0,0,1,0.4845,0.4133,0,0
714-011725-A-0261,1.0,Santa Cruz,Urbano,0,0,0,0.3967,0.2367,0,0
714-011725-A-0301,1.0,Santa Cruz,Urbano,0,0,0,0.526,0.2595,1,0
714-011725-A-0181,1.0,Santa Cruz,Urbano,0,0,1,0.3773,0.2795,0,0
714-011725-A-0221,1.0,Santa Cruz,Urbano,0,0,0,0.4763,0.3374,0,0
714-011725-A-0341,1.0,Santa Cruz,Urbano,0,0,0,0.3682,0.3215,0,0
714-011725-A-0381,1.0,Santa Cruz,Urbano,0,0,0,0.4967,0.3596,0,0
714-011725-A-0461,3.0,Santa Cruz,Urbano,0,0,0,0.3152,0.3158,0,0
714-011725-A-0421,2.0,Santa Cruz,Urbano,0,0,0,0.3702,0.3496,0,0
714-012095-A-0021,2.0,Santa Cruz,Urbano,0,0,0,0.3761,0.2864,0,0
714-012095-A-0101,1.0,Santa Cruz,Urbano,0,0,0,0.4805,0.3201,0,0
714-012095-A-0051,1.0,Santa Cruz,Urbano,0,0,0,0.3709,0.3044,0,0
714-012095-A-0071,1.0,Santa Cruz,Urbano,0,0,0,0.506,0.314,1,0
714-012095-A-0131,2.0,Santa Cruz,Urbano,0,0,1,0.4689,0.2859,0,0
714-012095-A-0181,1.0,Santa Cruz,Urbano,0,0,1,0.2679,0.2008,0,0
714-012095-A-0211,1.0,Santa Cruz,Urbano,0,0,0,0.3824,0.309,0,0
714-012095-A-0321,1.0,Santa Cruz,Urbano,0,0,0,0.3095,0.217,0,0
714-012095-A-0291,1.0,Santa Cruz,Urbano,0,0,0,0.2958,0.1819,0,0
714-012095-A-0271,1.0,Santa Cruz,Urbano,0,0,1,0.3437,0.3411,0,0
714-012095-A-0241,2.0,Santa Cruz,Urbano,0,1,0,0.464,0.3132,0,0
714-011920-A-0021,1.0,Santa Cruz,Urbano,0,0,0,0.3252,0.2647,0,0
714-011920-A-0051,1.0,Santa Cruz,Urbano,0,0,0,0.392,0.2093,0,0
714-011920-A-0071,1.0,Santa Cruz,Urbano,0,0,0,0.3694,0.318,0,0
714-011920-A-0101,1.0,Santa Cruz,Urbano,0,0,0,0.2755,0.27,0,0
714-011920-A-0131,2.0,Santa Cruz,Urbano,0,0,0,0.347,0.2635,0,0
714-011920-A-0181,1.0,Santa Cruz,Urbano,0,0,0,0.2997,0.2619,0,0
714-011920-A-0211,1.0,Santa Cruz,Urbano,1,0,0,0.353,0.3354,0,0
714-011920-A-0241,3.0,Santa Cruz,Urbano,0,0,0,0.2873,0.2497,0,0
714-011920-A-0271,1.0,Santa Cruz,Urbano,0,0,0,0.4349,0.2889,0,0
714-011920-A-0291,1.0,Santa Cruz,Urbano,0,0,0,0.3244,0.2074,0,0
714-011920-A-0321,1.0,Santa Cruz,Urbano,0,0,0,0.2988,0.1971,0,0
713-008406-A-0021,1.0,Santa Cruz,Urbano,0,0,1,0.6456,0.4884,1,0
713-008406-A-0071,1.0,Santa Cruz,Urbano,0,0,1,0.3243,0.2144,0,0
713-008406-A-0111,1.0,Santa Cruz,Urbano,0,0,0,0.3681,0.2978,0,0
713-008406-A-0161,1.0,Santa Cruz,Urbano,0,0,1,0.4263,0.3164,0,0
713-008406-A-0201,1.0,Santa Cruz,Urbano,0,0,0,0.2912,0.2379,0,0
713-008406-A-0251,1.0,Santa Cruz,Urbano,0,0,1,0.3294,0.2464,0,0
713-008406-A-0301,4.0,Santa Cruz,Urbano,0,0,1,0.3344,0.295,0,0
713-008406-A-0341,3.0,Santa Cruz,Urbano,0,0,1,0.4555,0.3598,0,0
713-008406-A-0391,1.0,Santa Cruz,Urbano,0,0,1,0.2962,0.2002,0,0
713-008406-A-0431,3.0,Santa Cruz,Urbano,0,0,0,0.566,0.5414,1,1
713-008406-A-0481,2.0,Santa Cruz,Urbano,0,0,1,0.3634,0.3238,0,0
713-008406-A-0521,1.0,Santa Cruz,Urbano,0,0,1,0.3786,0.2989,0,0
714-012111-A-0011,1.0,Santa Cruz,Urbano,0,0,1,0.3168,0.2488,0,0
714-012111-A-0051,1.0,Santa Cruz,Urbano,0,0,0,0.3667,0.2658,0,0
714-012111-A-0071,6.0,Santa Cruz,Urbano,0,0,1,0.4149,0.3087,0,0
714-012111-A-0031,2.0,Santa Cruz,Urbano,0,1,1,0.497,0.3087,0,0
714-012111-A-0151,1.0,Santa Cruz,Urbano,1,1,0,0.4203,0.4298,0,0
714-012111-A-0091,1.0,Santa Cruz,Urbano,0,1,1,0.4606,0.3744,0,0
714-012111-A-0111,1.0,Santa Cruz,Urbano,0,0,1,0.3173,0.2409,0,0
714-012111-A-0131,3.0,Santa Cruz,Urbano,0,0,1,0.3944,0.2817,0,0
714-012111-A-0171,1.0,Santa Cruz,Urbano,1,0,1,0.3444,0.447,0,0
714-012111-A-0191,1.0,Santa Cruz,Urbano,0,0,0,0.3422,0.1772,0,0
714-012111-A-0231,4.0,Santa Cruz,Urbano,0,0,1,0.3581,0.3749,0,0
714-012111-A-0211,1.0,Santa Cruz,Urbano,0,0,0,0.6163,0.3723,1,0
712-003818-A-0021,1.0,Santa Cruz,Urbano,0,0,1,0.3813,0.1685,0,0
712-003818-A-0061,3.0,Santa Cruz,Urbano,1,1,1,0.3882,0.3716,0,0
712-003818-A-0101,1.0,Santa Cruz,Urbano,0,0,0,0.49,0.2787,0,0
712-003818-A-0151,1.0,Santa Cruz,Urbano,0,0,1,0.3405,0.284,0,0
712-003818-A-0191,4.0,Santa Cruz,Urbano,0,1,1,0.6095,0.4961,1,0
712-003818-A-0231,1.0,Santa Cruz,Urbano,1,0,1,0.5173,0.5921,1,1
712-003818-A-0271,5.0,Santa Cruz,Urbano,0,0,0,0.3917,0.3089,0,0
712-003818-A-0321,1.0,Santa Cruz,Urbano,0,0,0,0.5381,0.3431,1,0
712-003818-A-0361,4.0,Santa Cruz,Urbano,0,0,0,0.356,0.2729,0,0
712-003818-A-0401,1.0,Santa Cruz,Urbano,0,0,0,0.3352,0.2078,0,0
712-003818-A-0441,1.0,Santa Cruz,Urbano,0,0,0,0.3086,0.2067,0,0
712-003818-A-0491,1.0,Santa Cruz,Urbano,0,0,1,0.388,0.2244,0,0
713-008498-A-0011,1.0,Santa Cruz,Urbano,0,1,1,0.3055,0.1846,0,0
713-008498-A-0051,3.0,Santa Cruz,Urbano,0,0,1,0.3824,0.2737,0,0
713-008498-A-0081,3.0,Santa Cruz,Urbano,0,0,0,0.3624,0.3334,0,0
713-008498-A-0111,1.0,Santa Cruz,Urbano,0,0,0,0.4114,0.2922,0,0
713-008498-A-0151,1.0,Santa Cruz,Urbano,0,0,1,0.3387,0.3285,0,0
713-008498-A-0211,3.0,Santa Cruz,Urbano,1,1,1,0.3097,0.4369,0,0
713-008498-A-0181,3.0,Santa Cruz,Urbano,0,0,0,0.325,0.318,0,0
713-008498-A-0251,1.0,Santa Cruz,Urbano,0,1,1,0.3757,0.377,0,0
713-008498-A-0281,1.0,Santa Cruz,Urbano,0,0,0,0.3839,0.3856,0,0
713-008498-A-0311,2.0,Santa Cruz,Urbano,0,0,1,0.4544,0.3875,0,0
713-008498-A-0351,3.0,Santa Cruz,Urbano,0,0,0,0.3851,0.2627,0,0
713-008498-A-0381,1.0,Santa Cruz,Urbano,0,0,0,0.4169,0.3922,0,0
713-008065-A-0011,3.0,Santa Cruz,Urbano,0,0,0,0.2868,0.2823,0,0
713-008065-A-0041,1.0,Santa Cruz,Urbano,0,0,1,0.4363,0.3001,0,0
713-008065-A-0081,1.0,Santa Cruz,Urbano,0,1,0,0.387,0.2749,0,0
713-008065-A-0111,1.0,Santa Cruz,Urbano,0,1,1,0.5592,0.21,1,0
713-008065-A-0151,3.0,Santa Cruz,Urbano,0,0,1,0.3419,0.3019,0,0
713-008065-A-0181,1.0,Santa Cruz,Urbano,0,0,1,0.4206,0.297,0,0
713-008065-A-0221,1.0,Santa Cruz,Urbano,0,0,1,0.4487,0.2899,0,0
713-008065-A-0261,3.0,Santa Cruz,Urbano,0,1,1,0.3079,0.3526,0,0
713-008065-A-0291,1.0,Santa Cruz,Urbano,0,1,1,0.3495,0.3227,0,0
713-008065-A-0331,1.0,Santa Cruz,Urbano,0,0,1,0.2681,0.2484,0,0
713-008065-A-0361,6.0,Santa Cruz,Urbano,0,0,1,0.3827,0.2842,0,0
713-008065-A-0401,3.0,Santa Cruz,Urbano,0,0,0,0.2636,0.2394,0,0
713-008545-A-0021,1.0,Santa Cruz,Urbano,0,0,0,0.3912,0.3235,0,0
713-008545-A-0061,1.0,Santa Cruz,Urbano,0,0,1,0.3209,0.3124,0,0
713-008545-A-0101,1.0,Santa Cruz,Urbano,0,0,0,0.4412,0.2934,0,0
713-008545-A-0151,1.0,Santa Cruz,Urbano,0,0,1,0.3403,0.297,0,0
713-008545-A-0191,1.0,Santa Cruz,Urbano,0,0,1,0.352,0.3509,0,0
713-008545-A-0231,1.0,Santa Cruz,Urbano,0,0,0,0.5349,0.3557,1,0
713-008545-A-0271,3.0,Santa Cruz,Urbano,0,0,0,0.3785,0.4046,0,0
713-008545-A-0321,4.0,Santa Cruz,Urbano,0,0,1,0.5204,0.3008,1,0
713-008545-A-0361,1.0,Santa Cruz,Urbano,0,0,1,0.4054,0.304,0,0
713-008545-A-0401,1.0,Santa Cruz,Urbano,0,0,1,0.4177,0.3002,0,0
713-008545-A-0441,3.0,Santa Cruz,Urbano,0,0,1,0.4181,0.31,0,0
713-008545-A-0491,1.0,Santa Cruz,Urbano,0,0,1,0.3405,0.229,0,0
714-010893-A-0011,1.0,Santa Cruz,Urbano,0,0,1,0.2902,0.2997,0,0
714-010893-A-0021,1.0,Santa Cruz,Urbano,0,0,1,0.364,0.3127,0,0
714-010893-A-0031,1.0,Santa Cruz,Urbano,0,0,0,0.3586,0.2992,0,0
714-010893-A-0041,3.0,Santa Cruz,Urbano,0,0,0,0.314,0.2845,0,0
714-010893-A-0061,1.0,Santa Cruz,Urbano,0,0,0,0.3803,0.3412,0,0
714-010893-A-0071,3.0,Santa Cruz,Urbano,0,0,0,0.3832,0.3092,0,0
714-010893-A-0081,1.0,Santa Cruz,Urbano,0,0,0,0.4436,0.3141,0,0
714-010893-A-0051,1.0,Santa Cruz,Urbano,0,0,0,0.3587,0.2321,0,0
714-010893-A-0121,3.0,Santa Cruz,Urbano,0,1,1,0.2858,0.2802,0,0
714-010893-A-0091,1.0,Santa Cruz,Urbano,0,0,0,0.3036,0.2577,0,0
714-010893-A-0101,1.0,Santa Cruz,Urbano,0,1,1,0.3541,0.2517,0,0
714-010893-A-0111,3.0,Santa Cruz,Urbano,0,0,0,0.2604,0.2496,0,0
714-011169-A-0041,1.0,Santa Cruz,Urbano,0,0,0,0.3433,0.2667,0,0
714-011169-A-0071,4.0,Santa Cruz,Urbano,1,0,0,0.3393,0.3662,0,0
714-011169-A-0101,3.0,Santa Cruz,Urbano,1,0,0,0.2853,0.3209,0,0
714-011169-A-0121,1.0,Santa Cruz,Urbano,0,0,1,0.3357,0.328,0,0
714-011169-A-0151,1.0,Santa Cruz,Urbano,0,0,0,0.2907,0.2968,0,0
714-011169-A-0171,3.0,Santa Cruz,Urbano,0,0,0,0.3864,0.295,0,0
714-011169-A-0221,3.0,Santa Cruz,Urbano,0,0,0,0.4379,0.4349,0,0
714-011169-A-0251,1.0,Santa Cruz,Urbano,0,0,1,0.3368,0.3861,0,0
714-011169-A-0281,1.0,Santa Cruz,Urbano,0,0,0,0.2784,0.2289,0,0
714-011169-A-0301,1.0,Santa Cruz,Urbano,0,0,0,0.4264,0.3435,0,0
713-007814-A-0021,1.0,Santa Cruz,Urbano,0,0,0,0.2899,0.174,0,0
713-007814-A-0071,3.0,Santa Cruz,Urbano,0,0,1,0.3513,0.2761,0,0
713-007814-A-0121,1.0,Santa Cruz,Urbano,0,0,1,0.3654,0.3037,0,0
713-007814-A-0171,3.0,Santa Cruz,Urbano,0,0,0,0.4379,0.2603,0,0
713-007814-A-0211,1.0,Santa Cruz,Urbano,0,0,1,0.3303,0.3119,0,0
713-007814-A-0261,1.0,Santa Cruz,Urbano,0,0,0,0.6133,0.315,1,0
713-007814-A-0311,1.0,Santa Cruz,Urbano,0,0,0,0.4126,0.3536,0,0
713-007814-A-0411,3.0,Santa Cruz,Urbano,0,0,0,0.5105,0.3137,1,0
713-007814-A-0461,1.0,Santa Cruz,Urbano,0,0,0,0.3723,0.3516,0,0
713-007814-A-0511,1.0,Santa Cruz,Urbano,0,0,0,0.3966,0.2775,0,0
713-007814-A-0561,1.0,Santa Cruz,Urbano,0,0,0,0.3535,0.2419,0,0
712-004089-A-0061,3.0,Santa Cruz,Urbano,0,0,0,0.3413,0.3146,0,0
712-004089-A-0101,1.0,Santa Cruz,Urbano,0,0,0,0.3336,0.2889,0,0
712-004089-A-0141,4.0,Santa Cruz,Urbano,0,0,1,0.3163,0.3544,0,0
712-004089-A-0171,3.0,Santa Cruz,Urbano,0,0,0,0.4393,0.3373,0,0
712-004089-A-0211,1.0,Santa Cruz,Urbano,0,0,0,0.3601,0.3925,0,0
712-004089-A-0291,1.0,Santa Cruz,Urbano,0,0,0,0.3162,0.3025,0,0
712-004089-A-0251,6.0,Santa Cruz,Urbano,0,0,0,0.4638,0.2759,0,0
712-004089-A-0331,3.0,Santa Cruz,Urbano,0,1,1,0.3883,0.3392,0,0
712-004089-A-0411,1.0,Santa Cruz,Urbano,0,1,1,0.3229,0.2912,0,0
712-004089-A-0451,3.0,Santa Cruz,Urbano,0,0,1,0.339,0.3203,0,0
711-000925-A-0021,1.0,Santa Cruz,Urbano,0,0,0,0.5403,0.3883,1,0
711-000925-A-0061,1.0,Santa Cruz,Urbano,0,0,1,0.285,0.2201,0,0
711-000925-A-0101,3.0,Santa Cruz,Urbano,0,0,0,0.3424,0.3514,0,0
711-000925-A-0141,1.0,Santa Cruz,Urbano,0,0,1,0.4468,0.3907,0,0
711-000925-A-0181,3.0,Santa Cruz,Urbano,0,0,1,0.3846,0.317,0,0
711-000925-A-0221,1.0,Santa Cruz,Urbano,1,0,1,0.3102,0.36,0,0
711-000925-A-0301,1.0,Santa Cruz,Urbano,0,1,1,0.4627,0.2369,0,0
711-000925-A-0261,3.0,Santa Cruz,Urbano,0,0,0,0.4284,0.2516,0,0
711-000925-A-0341,1.0,Santa Cruz,Urbano,0,0,1,0.3156,0.2442,0,0
711-000925-A-0381,3.0,Santa Cruz,Urbano,0,0,1,0.3793,0.2844,0,0
711-000925-A-0431,1.0,Santa Cruz,Urbano,0,0,0,0.3473,0.23,0,0
711-000925-A-0471,3.0,Santa Cruz,Urbano,0,0,1,0.3606,0.3009,0,0
711-001015-A-0291,1.0,Santa Cruz,Urbano,0,1,1,0.6606,0.4663,1,0
711-001015-A-0201,1.0,Santa Cruz,Urbano,0,0,1,0.4947,0.2553,0,0
711-001015-A-0341,1.0,Santa Cruz,Urbano,0,0,1,0.5251,0.4012,1,0
711-001015-A-0251,1.0,Santa Cruz,Urbano,0,0,1,0.463,0.2409,0,0
711-001015-A-0011,3.0,Santa Cruz,Urbano,0,0,1,0.3432,0.2603,0,0
711-001015-A-0061,1.0,Santa Cruz,Urbano,0,0,1,0.3967,0.2222,0,0
711-001015-A-0111,1.0,Santa Cruz,Urbano,1,0,1,0.4569,0.4484,0,0
711-001015-A-0151,1.0,Santa Cruz,Urbano,0,1,1,0.3977,0.1924,0,0
711-001015-A-0481,1.0,Santa Cruz,Urbano,0,0,1,0.3742,0.3549,0,0
711-001015-A-0431,2.0,Santa Cruz,Urbano,0,1,1,0.374,0.349,0,0
711-001015-A-0391,1.0,Santa Cruz,Urbano,0,0,1,0.5255,0.3591,1,0
711-001015-A-0531,1.0,Santa Cruz,Urbano,0,1,1,0.4126,0.2539,0,0
714-010621-A-0171,4.0,Santa Cruz,Urbano,0,0,1,0.4685,0.3259,0,0
714-010621-A-0191,1.0,Santa Cruz,Urbano,0,0,1,0.443,0.3085,0,0
714-010621-A-0211,3.0,Santa Cruz,Urbano,0,0,1,0.3436,0.2995,0,0
714-010621-A-0231,1.0,Santa Cruz,Urbano,0,0,1,0.4332,0.3086,0,0
714-010621-A-0091,1.0,Santa Cruz,Urbano,0,0,1,0.4655,0.3011,0,0
714-010621-A-0111,1.0,Santa Cruz,Urbano,0,0,1,0.3265,0.2455,0,0
714-010621-A-0131,1.0,Santa Cruz,Urbano,0,0,1,0.3948,0.2929,0,0
714-010621-A-0151,1.0,Santa Cruz,Urbano,0,0,1,0.3808,0.2703,0,0
714-010621-A-0011,3.0,Santa Cruz,Urbano,0,0,0,0.3931,0.3287,0,0
714-010621-A-0031,1.0,Santa Cruz,Urbano,0,0,0,0.4803,0.2767,0,0
714-010621-A-0051,3.0,Santa Cruz,Urbano,0,0,0,0.3985,0.3568,0,0
714-010621-A-0071,1.0,Santa Cruz,Urbano,0,0,1,0.2793,0.2195,0,0
714-010711-A-0171,1.0,Santa Cruz,Urbano,0,0,0,0.2843,0.262,0,0
714-010711-A-0191,3.0,Santa Cruz,Urbano,0,0,0,0.2627,0.2911,0,0
714-010711-A-0211,1.0,Santa Cruz,Urbano,0,0,0,0.3192,0.2638,0,0
714-010711-A-0221,1.0,Santa Cruz,Urbano,0,0,1,0.4275,0.334,0,0
714-010711-A-0091,1.0,Santa Cruz,Urbano,0,0,1,0.5116,0.4106,1,0
714-010711-A-0111,1.0,Santa Cruz,Urbano,0,0,1,0.5287,0.3642,1,0
714-010711-A-0131,1.0,Santa Cruz,Urbano,0,0,0,0.3425,0.2305,0,0
714-010711-A-0151,1.0,Santa Cruz,Urbano,0,0,0,0.2987,0.2589,0,0
714-010711-A-0011,1.0,Santa Cruz,Urbano,0,0,0,0.304,0.2019,0,0
714-010711-A-0031,1.0,Santa Cruz,Urbano,0,0,0,0.3636,0.2239,0,0
714-010711-A-0071,3.0,Santa Cruz,Urbano,0,0,1,0.3016,0.2502,0,0
714-010711-A-0051,3.0,Santa Cruz,Urbano,0,0,1,0.3193,0.3154,0,0
713-007420-A-0641,1.0,Santa Cruz,Urbano,0,0,1,0.4364,0.3618,0,0
713-007420-A-0521,1.0,Santa Cruz,Urbano,0,0,0,0.4009,0.3955,0,0
713-007420-A-0701,1.0,Santa Cruz,Urbano,0,0,0,0.3869,0.3234,0,0
713-007420-A-0581,1.0,Santa Cruz,Urbano,0,0,0,0.3109,0.2506,0,0
713-007420-A-0451,3.0,Santa Cruz,Urbano,0,0,0,0.3711,0.3254,0,0
713-007420-A-0391,1.0,Santa Cruz,Urbano,0,0,0,0.5878,0.4313,1,0
713-007420-A-0331,1.0,Santa Cruz,Urbano,0,0,0,0.3263,0.2652,0,0
713-007420-A-0271,1.0,Santa Cruz,Urbano,0,0,0,0.3322,0.2899,0,0
713-007420-A-0021,5.0,Santa Cruz,Urbano,0,0,0,0.3274,0.2788,0,0
713-007420-A-0141,3.0,Santa Cruz,Urbano,0,0,1,0.26,0.2743,0,0
713-007420-A-0201,3.0,Santa Cruz,Urbano,0,1,1,0.3947,0.3162,0,0
713-007420-A-0081,1.0,Santa Cruz,Urbano,0,0,0,0.2913,0.2131,0,0
714-010805-A-0421,1.0,Santa Cruz,Urbano,0,1,1,0.3126,0.2514,0,0
714-010805-A-0511,1.0,Santa Cruz,Urbano,0,0,0,0.4023,0.2535,0,0
714-010805-A-0471,1.0,Santa Cruz,Urbano,0,0,0,0.3443,0.2273,0,0
714-010805-A-0561,3.0,Santa Cruz,Urbano,0,0,1,0.3621,0.2848,0,0
714-010805-A-0371,1.0,Santa Cruz,Urbano,0,0,0,0.3482,0.2452,0,0
714-010805-A-0221,1.0,Santa Cruz,Urbano,0,0,0,0.282,0.2266,0,0
714-010805-A-0321,1.0,Santa Cruz,Urbano,0,0,1,0.4066,0.2507,0,0
714-010805-A-0271,1.0,Santa Cruz,Urbano,0,0,0,0.3218,0.2576,0,0
714-010805-A-0031,1.0,Santa Cruz,Urbano,0,0,1,0.3359,0.2772,0,0
714-010805-A-0081,2.0,Santa Cruz,Urbano,0,0,0,0.3249,0.2136,0,0
714-010805-A-0131,3.0,Santa Cruz,Urbano,0,0,0,0.2957,0.2357,0,0
714-010805-A-0181,4.0,Santa Cruz,Urbano,0,0,0,0.48,0.2889,0,0
713-007334-A-0671,1.0,Santa Cruz,Urbano,0,0,1,0.4055,0.3995,0,0
713-007334-A-0741,2.0,Santa Cruz,Urbano,0,0,1,0.3452,0.2933,0,0
713-007334-A-0811,1.0,Santa Cruz,Urbano,0,0,0,0.3458,0.3136,0,0
713-007334-A-0611,3.0,Santa Cruz,Urbano,0,0,0,0.3,0.2741,0,0
713-007334-A-0331,1.0,Santa Cruz,Urbano,0,0,0,0.4377,0.3073,0,0
713-007334-A-0401,1.0,Santa Cruz,Urbano,0,0,0,0.5413,0.3325,1,0
713-007334-A-0471,1.0,Santa Cruz,Urbano,0,0,0,0.4823,0.3787,0,0
713-007334-A-0541,3.0,Santa Cruz,Urbano,0,0,0,0.3027,0.2625,0,0
713-007334-A-0051,1.0,Santa Cruz,Urbano,0,0,1,0.5603,0.4176,1,0
713-007334-A-0121,3.0,Santa Cruz,Urbano,0,0,0,0.3373,0.2835,0,0
713-007334-A-0191,1.0,Santa Cruz,Urbano,0,0,0,0.383,0.2482,0,0
713-007334-A-0261,4.0,Santa Cruz,Urbano,0,0,0,0.38,0.2401,0,0
713-007520-A-0461,2.0,Santa Cruz,Urbano,0,0,0,0.4567,0.3261,0,0
713-007520-A-0341,2.0,Santa Cruz,Urbano,0,1,0,0.5129,0.3347,1,0
713-007520-A-0421,1.0,Santa Cruz,Urbano,0,1,1,0.4624,0.3702,0,0
713-007520-A-0381,1.0,Santa Cruz,Urbano,0,0,0,0.3324,0.244,0,0
713-007520-A-0301,3.0,Santa Cruz,Urbano,0,0,0,0.4079,0.2692,0,0
713-007520-A-0261,3.0,Santa Cruz,Urbano,0,0,0,0.4089,0.3316,0,0
713-007520-A-0221,3.0,Santa Cruz,Urbano,0,0,0,0.4721,0.3016,0,0
713-007520-A-0181,3.0,Santa Cruz,Urbano,0,0,0,0.3023,0.2775,0,0
713-007520-A-0021,1.0,Santa Cruz,Urbano,0,0,1,0.4053,0.2098,0,0
713-007520-A-0061,1.0,Santa Cruz,Urbano,1,0,1,0.3574,0.3835,0,0
713-007520-A-0101,1.0,Santa Cruz,Urbano,0,0,1,0.3414,0.1702,0,0
713-007520-A-0141,1.0,Santa Cruz,Urbano,0,0,1,0.3681,0.3195,0,0
713-007722-A-0531,1.0,Santa Cruz,Urbano,0,0,1,0.4092,0.2337,0,0
713-007722-A-0471,1.0,Santa Cruz,Urbano,0,0,1,0.4492,0.3081,0,0
713-007722-A-0581,1.0,Santa Cruz,Urbano,0,1,1,0.373,0.3118,0,0
713-007722-A-0641,1.0,Santa Cruz,Urbano,0,0,0,0.5102,0.4699,1,0
713-007722-A-0311,1.0,Santa Cruz,Urbano,1,0,1,0.4668,0.4919,0,0
713-007722-A-0371,3.0,Santa Cruz,Urbano,1,0,1,0.4583,0.4634,0,0
713-007722-A-0421,1.0,Santa Cruz,Urbano,0,0,0,0.329,0.3335,0,0
713-007722-A-0261,1.0,Santa Cruz,Urbano,0,0,1,0.3278,0.2991,0,0
713-007722-A-0201,1.0,Santa Cruz,Urbano,0,0,1,0.4082,0.3701,0,0
713-007722-A-0091,1.0,Santa Cruz,Urbano,0,1,1,0.4029,0.3572,0,0
713-007722-A-0151,1.0,Santa Cruz,Urbano,0,0,1,0.4288,0.2888,0,0
713-007722-A-0041,3.0,Santa Cruz,Urbano,0,0,1,0.3865,0.314,0,0
712-003415-A-0321,1.0,Santa Cruz,Urbano,1,0,0,0.4016,0.5154,0,1
712-003415-A-0231,2.0,Santa Cruz,Urbano,0,1,0,0.4402,0.3034,0,0
712-003415-A-0261,2.0,Santa Cruz,Urbano,0,1,0,0.4609,0.3533,0,0
712-003415-A-0291,1.0,Santa Cruz,Urbano,0,0,1,0.4712,0.2725,0,0
712-003415-A-0181,1.0,Santa Cruz,Urbano,0,0,0,0.4808,0.3196,0,0
712-003415-A-0121,1.0,Santa Cruz,Urbano,1,0,0,0.5597,0.5912,1,1
712-003415-A-0201,3.0,Santa Cruz,Urbano,0,0,0,0.3296,0.2563,0,0
712-003415-A-0151,4.0,Santa Cruz,Urbano,0,0,0,0.343,0.2898,0,0
712-003415-A-0011,1.0,Santa Cruz,Urbano,0,0,1,0.4646,0.3469,0,0
712-003415-A-0031,2.0,Santa Cruz,Urbano,0,0,0,0.3705,0.2859,0,0
712-003415-A-0061,1.0,Santa Cruz,Urbano,0,0,0,0.5464,0.2856,1,0
712-003415-A-0091,1.0,Santa Cruz,Urbano,1,0,1,0.5114,0.2931,1,0
711-000657-A-0181,3.0,Santa Cruz,Urbano,0,0,0,0.417,0.2652,0,0
711-000657-A-0221,1.0,Santa Cruz,Urbano,0,0,0,0.3824,0.3216,0,0
711-000657-A-0201,1.0,Santa Cruz,Urbano,0,0,1,0.4705,0.3476,0,0
711-000657-A-0241,3.0,Santa Cruz,Urbano,0,1,1,0.4735,0.2722,0,0
711-000657-A-0161,1.0,Santa Cruz,Urbano,0,0,0,0.4958,0.4295,0,0
711-000657-A-0121,1.0,Santa Cruz,Urbano,0,0,0,0.445,0.282,0,0
711-000657-A-0101,1.0,Santa Cruz,Urbano,0,0,0,0.3484,0.2558,0,0
711-000657-A-0141,1.0,Santa Cruz,Urbano,0,0,0,0.5142,0.3976,1,0
711-000657-A-0061,5.0,Santa Cruz,Urbano,0,0,0,0.4345,0.305,0,0
711-000657-A-0081,6.0,Santa Cruz,Urbano,0,0,1,0.6217,0.4053,1,0
711-000657-A-0041,3.0,Santa Cruz,Urbano,0,0,1,0.5011,0.3097,1,0
711-000657-A-0011,2.0,Santa Cruz,Urbano,0,0,0,0.5129,0.2956,1,0
714-010086-A-0151,1.0,Santa Cruz,Urbano,0,0,1,0.5668,0.2015,1,0
714-010086-A-0031,1.0,Santa Cruz,Urbano,0,0,0,0.4331,0.351,0,0
714-010086-A-0071,1.0,Santa Cruz,Urbano,0,1,0,0.4345,0.273,0,0
714-010086-A-0111,3.0,Santa Cruz,Urbano,0,0,0,0.3405,0.2945,0,0
714-010086-A-0191,3.0,Santa Cruz,Urbano,0,0,0,0.4149,0.3994,0,0
714-010086-A-0261,4.0,Santa Cruz,Urbano,0,0,1,0.3814,0.2172,0,0
714-010086-A-0301,1.0,Santa Cruz,Urbano,0,0,1,0.381,0.3412,0,0
714-010086-A-0381,1.0,Santa Cruz,Urbano,1,0,0,0.3988,0.4536,0,0
714-010086-A-0451,5.0,Santa Cruz,Urbano,0,0,0,0.2436,0.3163,0,0
714-010086-A-0341,2.0,Santa Cruz,Urbano,0,0,0,0.3448,0.3552,0,0
714-010437-A-0011,2.0,Santa Cruz,Urbano,0,0,0,0.2623,0.2853,0,0
714-010437-A-0031,2.0,Santa Cruz,Urbano,1,0,0,0.3287,0.3575,0,0
714-010437-A-0081,6.0,Santa Cruz,Urbano,0,0,1,0.4347,0.384,0,0
714-010437-A-0101,4.0,Santa Cruz,Urbano,0,0,1,0.2734,0.3153,0,0
714-010437-A-0121,1.0,Santa Cruz,Urbano,0,0,1,0.3901,0.3038,0,0
714-010437-A-0141,1.0,Santa Cruz,Urbano,0,0,1,0.3772,0.3091,0,0
714-010437-A-0161,1.0,Santa Cruz,Urbano,0,0,0,0.3312,0.2417,0,0
714-010437-A-0171,3.0,Santa Cruz,Urbano,0,0,0,0.2816,0.2316,0,0
714-010437-A-0191,4.0,Santa Cruz,Urbano,0,0,0,0.3546,0.3655,0,0
714-010437-A-0211,3.0,Santa Cruz,Urbano,0,0,1,0.3513,0.2848,0,0
714-009569-A-0011,1.0,Santa Cruz,Urbano,0,0,0,0.3203,0.2177,0,0
714-009569-A-0101,3.0,Santa Cruz,Urbano,0,1,0,0.3875,0.2266,0,0
714-009569-A-0041,1.0,Santa Cruz,Urbano,0,0,0,0.3675,0.3175,0,0
714-009569-A-0071,6.0,Santa Cruz,Urbano,0,0,0,0.4723,0.3,0,0
714-009569-A-0131,1.0,Santa Cruz,Urbano,1,0,1,0.3102,0.2332,0,0
714-009569-A-0161,1.0,Santa Cruz,Urbano,0,0,0,0.3597,0.238,0,0
714-009569-A-0191,2.0,Santa Cruz,Urbano,0,0,1,0.3788,0.2008,0,0
714-009569-A-0261,1.0,Santa Cruz,Urbano,0,0,0,0.4771,0.3469,0,0
714-009569-A-0291,1.0,Santa Cruz,Urbano,0,0,0,0.3406,0.2512,0,0
714-009569-A-0321,1.0,Santa Cruz,Urbano,0,0,0,0.3168,0.3307,0,0
714-009569-A-0351,3.0,Santa Cruz,Urbano,0,1,1,0.3631,0.3117,0,0
712-003035-A-0011,2.0,Santa Cruz,Urbano,0,1,1,0.443,0.3894,0,0
712-003035-A-0081,3.0,Santa Cruz,Urbano,0,0,0,0.4912,0.2575,0,0
712-003035-A-0111,3.0,Santa Cruz,Urbano,1,1,0,0.3429,0.4426,0,0
712-003035-A-0051,1.0,Santa Cruz,Urbano,0,0,0,0.3458,0.3575,0,0
712-003035-A-0181,1.0,Santa Cruz,Urbano,0,0,1,0.3774,0.2903,0,0
712-003035-A-0211,1.0,Santa Cruz,Urbano,0,0,1,0.5512,0.4095,1,0
712-003035-A-0141,1.0,Santa Cruz,Urbano,1,0,1,0.4078,0.3392,0,0
712-003035-A-0271,1.0,Santa Cruz,Urbano,1,1,1,0.5761,0.5871,1,1
712-003035-A-0341,1.0,Santa Cruz,Urbano,0,1,0,0.471,0.3727,0,0
712-003035-A-0371,1.0,Santa Cruz,Urbano,0,0,0,0.4912,0.3181,0,0
712-003035-A-0311,1.0,Santa Cruz,Urbano,0,0,0,0.5233,0.4468,1,0
713-007075-A-0021,3.0,Santa Cruz,Urbano,0,0,1,0.4889,0.44,0,0
713-007075-A-0061,1.0,Santa Cruz,Urbano,0,0,0,0.4452,0.3344,0,0
713-007075-A-0101,3.0,Santa Cruz,Urbano,0,0,1,0.3946,0.2593,0,0
713-007075-A-0141,1.0,Santa Cruz,Urbano,0,0,1,0.3257,0.3033,0,0
713-007075-A-0211,1.0,Santa Cruz,Urbano,1,0,1,0.5565,0.3709,1,0
713-007075-A-0251,3.0,Santa Cruz,Urbano,1,1,0,0.4376,0.486,0,0
713-007075-A-0291,3.0,Santa Cruz,Urbano,0,1,1,0.3997,0.2638,0,0
713-007075-A-0171,1.0,Santa Cruz,Urbano,0,0,0,0.3321,0.2179,0,0
713-007075-A-0321,1.0,Santa Cruz,Urbano,0,1,0,0.3298,0.2257,0,0
713-007075-A-0361,2.0,Santa Cruz,Urbano,0,0,1,0.5396,0.4758,1,0
713-007075-A-0401,1.0,Santa Cruz,Urbano,1,0,0,0.4097,0.5197,0,1
712-003224-A-0011,4.0,Santa Cruz,Urbano,0,0,1,0.3525,0.3555,0,0
712-003224-A-0061,2.0,Santa Cruz,Urbano,0,0,1,0.4016,0.2096,0,0
712-003224-A-0111,1.0,Santa Cruz,Urbano,0,0,1,0.3307,0.3395,0,0
712-003224-A-0151,2.0,Santa Cruz,Urbano,0,0,1,0.4461,0.3235,0,0
712-003224-A-0201,1.0,Santa Cruz,Urbano,0,1,0,0.4732,0.3558,0,0
712-003224-A-0291,1.0,Santa Cruz,Urbano,1,1,1,0.5464,0.6166,1,1
712-003224-A-0251,1.0,Santa Cruz,Urbano,0,0,1,0.4047,0.2377,0,0
712-003224-A-0341,1.0,Santa Cruz,Urbano,0,0,0,0.4469,0.2645,0,0
712-003224-A-0481,4.0,Santa Cruz,Urbano,0,1,1,0.4214,0.2814,0,0
712-003224-A-0431,1.0,Santa Cruz,Urbano,0,0,0,0.3993,0.2548,0,0
712-003224-A-0531,3.0,Santa Cruz,Urbano,0,0,1,0.5771,0.3085,1,0
712-003224-A-0391,3.0,Santa Cruz,Urbano,0,1,1,0.4495,0.3864,0,0
713-007617-A-0341,2.0,Santa Cruz,Urbano,0,0,1,0.3926,0.3188,0,0
713-007617-A-0221,4.0,Santa Cruz,Urbano,1,0,0,0.3679,0.375,0,0
713-007617-A-0461,2.0,Santa Cruz,Urbano,1,0,0,0.4278,0.4954,0,0
713-007617-A-0101,1.0,Santa Cruz,Urbano,0,0,0,0.4368,0.369,0,0
713-007617-A-0941,4.0,Santa Cruz,Urbano,1,0,1,0.3109,0.4452,0,0
713-007617-A-0581,5.0,Santa Cruz,Urbano,0,0,0,0.3283,0.296,0,0
713-007617-A-0701,4.0,Santa Cruz,Urbano,1,0,1,0.3469,0.3989,0,0
713-007617-A-0821,1.0,Santa Cruz,Urbano,0,0,1,0.3013,0.1858,0,0
713-007617-A-1421,3.0,Santa Cruz,Urbano,0,0,0,0.2666,0.1963,0,0
713-007617-A-1301,1.0,Santa Cruz,Urbano,0,0,0,0.2942,0.2311,0,0
713-007617-A-1181,1.0,Santa Cruz,Urbano,0,0,0,0.2452,0.1718,0,0
713-007617-A-1061,2.0,Santa Cruz,Urbano,1,0,0,0.3204,0.4617,0,0
712-003316-A-0081,5.0,Santa Cruz,Urbano,0,0,1,0.401,0.2633,0,0
712-003316-A-0051,4.0,Santa Cruz,Urbano,0,0,1,0.4142,0.2765,0,0
712-003316-A-0031,2.0,Santa Cruz,Urbano,0,0,0,0.6924,0.3795,1,0
712-003316-A-0011,1.0,Santa Cruz,Urbano,0,0,0,0.4145,0.2448,0,0
712-003316-A-0171,3.0,Santa Cruz,Urbano,0,0,1,0.4643,0.3477,0,0
712-003316-A-0121,1.0,Santa Cruz,Urbano,0,0,1,0.3377,0.2769,0,0
712-003316-A-0151,3.0,Santa Cruz,Urbano,0,0,1,0.3292,0.3413,0,0
712-003316-A-0191,3.0,Santa Cruz,Urbano,0,0,0,0.4121,0.2674,0,0
712-003316-A-0261,1.0,Santa Cruz,Urbano,0,0,1,0.5339,0.3176,1,0
712-003316-A-0241,3.0,Santa Cruz,Urbano,0,0,0,0.358,0.2783,0,0
712-003316-A-0221,1.0,Santa Cruz,Urbano,0,0,0,0.4022,0.2627,0,0
714-010179-A-0011,1.0,Santa Cruz,Urbano,0,0,0,0.4136,0.3201,0,0
714-010179-A-0021,3.0,Santa Cruz,Urbano,0,0,0,0.2968,0.2607,0,0
714-010179-A-0031,1.0,Santa Cruz,Urbano,0,0,0,0.3139,0.2131,0,0
714-010179-A-0051,1.0,Santa Cruz,Urbano,0,0,0,0.5664,0.3493,1,0
714-010179-A-0081,3.0,Santa Cruz,Urbano,0,0,1,0.2976,0.3406,0,0
714-010179-A-0091,3.0,Santa Cruz,Urbano,0,0,1,0.3722,0.3405,0,0
714-010179-A-0101,1.0,Santa Cruz,Urbano,0,0,1,0.3076,0.1952,0,0
714-010179-A-0121,4.0,Santa Cruz,Urbano,0,0,1,0.383,0.3524,0,0
714-010179-A-0131,1.0,Santa Cruz,Urbano,0,0,1,0.3322,0.2427,0,0
714-010179-A-0151,1.0,Santa Cruz,Urbano,0,1,1,0.3626,0.2276,0,0
714-010179-A-0161,3.0,Santa Cruz,Urbano,0,0,1,0.3392,0.2419,0,0
713-006453-A-0011,3.0,Santa Cruz,Urbano,0,0,0,0.3276,0.3315,0,0
713-006453-A-0041,1.0,Santa Cruz,Urbano,0,0,1,0.4407,0.2917,0,0
713-006453-A-0071,1.0,Santa Cruz,Urbano,0,0,0,0.443,0.3225,0,0
713-006453-A-0101,3.0,Santa Cruz,Urbano,0,0,0,0.388,0.205,0,0
713-006453-A-0131,1.0,Santa Cruz,Urbano,0,0,0,0.3887,0.2358,0,0
713-006453-A-0161,3.0,Santa Cruz,Urbano,0,1,0,0.254,0.2742,0,0
713-006453-A-0191,1.0,Santa Cruz,Urbano,0,0,1,0.2724,0.1724,0,0
713-006453-A-0221,3.0,Santa Cruz,Urbano,0,0,1,0.2937,0.342,0,0
713-006453-A-0251,1.0,Santa Cruz,Urbano,0,1,0,0.3487,0.2595,0,0
713-006453-A-0281,3.0,Santa Cruz,Urbano,0,0,1,0.4106,0.3371,0,0
713-006453-A-0311,1.0,Santa Cruz,Urbano,0,1,0,0.4461,0.2558,0,0
713-006453-A-0341,2.0,Santa Cruz,Urbano,0,0,1,0.3835,0.2863,0,0
713-006788-A-0031,1.0,Santa Cruz,Urbano,0,0,0,0.3304,0.2612,0,0
713-006788-A-0071,1.0,Santa Cruz,Urbano,0,0,1,0.3967,0.3203,0,0
713-006788-A-0121,5.0,Santa Cruz,Urbano,0,0,0,0.4847,0.355,0,0
713-006788-A-0161,1.0,Santa Cruz,Urbano,0,0,0,0.2992,0.2559,0,0
713-006788-A-0321,7.0,Santa Cruz,Urbano,0,0,1,0.3917,0.2819,0,0
713-006788-A-0241,2.0,Santa Cruz,Urbano,0,0,1,0.3753,0.2361,0,0
713-006788-A-0201,1.0,Santa Cruz,Urbano,0,0,0,0.2688,0.1936,0,0
713-006788-A-0281,1.0,Santa Cruz,Urbano,0,0,1,0.4648,0.2285,0,0
713-006788-A-0371,3.0,Santa Cruz,Urbano,0,0,1,0.3835,0.2951,0,0
713-006788-A-0411,1.0,Santa Cruz,Urbano,0,0,1,0.3259,0.2845,0,0
713-006788-A-0451,2.0,Santa Cruz,Urbano,0,0,1,0.4233,0.3093,0,0
713-006788-A-0491,3.0,Santa Cruz,Urbano,0,1,1,0.3434,0.3324,0,0
712-002856-A-0011,1.0,Santa Cruz,Urbano,0,0,0,0.3233,0.3115,0,0
712-002856-A-0051,1.0,Santa Cruz,Urbano,0,0,0,0.4189,0.3064,0,0
712-002856-A-0031,1.0,Santa Cruz,Urbano,0,0,0,0.3682,0.227,0,0
712-002856-A-0071,1.0,Santa Cruz,Urbano,0,0,0,0.3878,0.2903,0,0
712-002856-A-0091,1.0,Santa Cruz,Urbano,0,0,0,0.3675,0.2075,0,0
712-002856-A-0141,3.0,Santa Cruz,Urbano,0,0,1,0.3419,0.279,0,0
712-002856-A-0121,1.0,Santa Cruz,Urbano,0,0,1,0.6192,0.3519,1,0
712-002856-A-0161,1.0,Santa Cruz,Urbano,0,0,1,0.4441,0.3394,0,0
712-002856-A-0181,1.0,Santa Cruz,Urbano,0,0,1,0.3688,0.2767,0,0
712-002856-A-0201,1.0,Santa Cruz,Urbano,0,1,1,0.3915,0.3111,0,0
712-002856-A-0221,1.0,Santa Cruz,Urbano,0,1,1,0.3557,0.2699,0,0
712-002856-A-0251,4.0,Santa Cruz,Urbano,0,0,1,0.3997,0.2895,0,0
712-002940-A-0021,3.0,Santa Cruz,Urbano,0,0,0,0.4823,0.3048,0,0
712-002940-A-0071,1.0,Santa Cruz,Urbano,0,0,0,0.4835,0.36,0,0
712-002940-A-0111,1.0,Santa Cruz,Urbano,0,0,0,0.3632,0.2727,0,0
712-002940-A-0161,1.0,Santa Cruz,Urbano,0,0,0,0.4622,0.302,0,0
712-002940-A-0201,1.0,Santa Cruz,Urbano,0,0,0,0.2183,0.1957,0,0
712-002940-A-0251,3.0,Santa Cruz,Urbano,0,0,1,0.3869,0.3189,0,0
712-002940-A-0301,3.0,Santa Cruz,Urbano,0,0,1,0.3585,0.3068,0,0
712-002940-A-0341,1.0,Santa Cruz,Urbano,0,0,0,0.2336,0.2209,0,0
712-002940-A-0391,1.0,Santa Cruz,Urbano,0,1,1,0.5124,0.3759,1,0
712-002940-A-0431,1.0,Santa Cruz,Urbano,0,1,1,0.3918,0.3411,0,0
712-002940-A-0481,1.0,Santa Cruz,Urbano,0,0,1,0.3706,0.2937,0,0
712-002940-A-0521,1.0,Santa Cruz,Urbano,0,0,1,0.3523,0.3515,0,0
713-006884-A-0011,1.0,Santa Cruz,Urbano,0,0,1,0.4695,0.3069,0,0
713-006884-A-0041,3.0,Santa Cruz,Urbano,0,0,1,0.4962,0.3786,0,0
713-006884-A-0071,1.0,Santa Cruz,Urbano,0,0,0,0.6265,0.3776,1,0
713-006884-A-0101,1.0,Santa Cruz,Urbano,0,0,1,0.3925,0.3652,0,0
713-006884-A-0161,1.0,Santa Cruz,Urbano,0,0,0,0.3446,0.2879,0,0
713-006884-A-0191,1.0,Santa Cruz,Urbano,0,0,0,0.2987,0.2455,0,0
713-006884-A-0131,1.0,Santa Cruz,Urbano,0,0,0,0.2523,0.1769,0,0
713-006884-A-0221,1.0,Santa Cruz,Urbano,0,0,0,0.2288,0.1688,0,0
713-006884-A-0251,1.0,Santa Cruz,Urbano,0,0,1,0.4918,0.2843,0,0
713-006884-A-0281,3.0,Santa Cruz,Urbano,0,0,1,0.3984,0.3671,0,0
713-006884-A-0311,1.0,Santa Cruz,Urbano,0,0,0,0.4363,0.3256,0,0
713-006884-A-0341,1.0,Santa Cruz,Urbano,0,0,0,0.5239,0.3441,1,0
712-003130-A-0041,3.0,Santa Cruz,Urbano,0,0,1,0.335,0.2826,0,0
712-003130-A-0091,3.0,Santa Cruz,Urbano,0,0,1,0.4652,0.3953,0,0
712-003130-A-0141,1.0,Santa Cruz,Urbano,0,0,1,0.2587,0.2315,0,0
712-003130-A-0181,3.0,Santa Cruz,Urbano,0,0,0,0.3981,0.2932,0,0
712-003130-A-0231,3.0,Santa Cruz,Urbano,0,0,1,0.3196,0.3701,0,0
712-003130-A-0281,3.0,Santa Cruz,Urbano,0,0,0,0.2997,0.2762,0,0
712-003130-A-0371,3.0,Santa Cruz,Urbano,0,0,1,0.2852,0.277,0,0
712-003130-A-0331,3.0,Santa Cruz,Urbano,0,0,0,0.3509,0.2856,0,0
712-003130-A-0421,2.0,Santa Cruz,Urbano,0,1,1,0.3893,0.2414,0,0
712-003130-A-0471,2.0,Santa Cruz,Urbano,0,0,1,0.3836,0.2664,0,0
712-003130-A-0521,3.0,Santa Cruz,Urbano,0,1,1,0.3245,0.3145,0,0
712-003130-A-0561,5.0,Santa Cruz,Urbano,0,1,0,0.3474,0.2299,0,0
711-000554-A-0131,1.0,Santa Cruz,Urbano,1,1,1,0.4748,0.4139,0,0
711-000554-A-0141,3.0,Santa Cruz,Urbano,0,0,1,0.332,0.2327,0,0
711-000554-A-0011,1.0,Santa Cruz,Urbano,0,0,1,0.5586,0.3506,1,0
711-000554-A-0021,3.0,Santa Cruz,Urbano,0,0,1,0.4356,0.3968,0,0
711-000554-A-0031,1.0,Santa Cruz,Urbano,0,0,1,0.4274,0.4209,0,0
711-000554-A-0041,3.0,Santa Cruz,Urbano,0,0,1,0.3546,0.2952,0,0
711-000554-A-0061,1.0,Santa Cruz,Urbano,0,0,1,0.3181,0.2717,0,0
711-000554-A-0071,1.0,Santa Cruz,Urbano,0,1,1,0.4108,0.211,0,0
711-000554-A-0091,4.0,Santa Cruz,Urbano,1,0,0,0.3598,0.2948,0,0
711-000554-A-0111,2.0,Santa Cruz,Urbano,0,1,1,0.5311,0.3909,1,0
712-002437-A-0221,1.0,Santa Cruz,Urbano,0,0,0,0.4317,0.2481,0,0
712-002437-A-0251,1.0,Santa Cruz,Urbano,0,0,1,0.3174,0.2419,0,0
712-002437-A-0281,1.0,Santa Cruz,Urbano,0,0,1,0.5583,0.3835,1,0
712-002437-A-0301,1.0,Santa Cruz,Urbano,0,0,1,0.5248,0.3594,1,0
712-002437-A-0011,3.0,Santa Cruz,Urbano,0,0,1,0.5093,0.3046,1,0
712-002437-A-0041,1.0,Santa Cruz,Urbano,0,0,1,0.3679,0.2641,0,0
712-002437-A-0061,1.0,Santa Cruz,Urbano,0,0,1,0.4837,0.3513,0,0
712-002437-A-0091,1.0,Santa Cruz,Urbano,0,0,1,0.4565,0.311,0,0
712-002437-A-0121,1.0,Santa Cruz,Urbano,1,1,1,0.4175,0.2994,0,0
712-002437-A-0141,1.0,Santa Cruz,Urbano,0,1,1,0.3148,0.2287,0,0
712-002437-A-0171,1.0,Santa Cruz,Urbano,1,1,1,0.2746,0.3332,0,0
712-002437-A-0201,1.0,Santa Cruz,Urbano,0,1,1,0.3348,0.3636,0,0
714-009760-A-0011,4.0,Santa Cruz,Urbano,0,0,1,0.4084,0.3131,0,0
714-009760-A-0021,1.0,Santa Cruz,Urbano,0,0,0,0.317,0.2981,0,0
714-009760-A-0031,1.0,Santa Cruz,Urbano,0,0,0,0.3,0.171,0,0
714-009760-A-0051,1.0,Santa Cruz,Urbano,0,0,0,0.3873,0.3062,0,0
714-009760-A-0041,2.0,Santa Cruz,Urbano,0,0,0,0.3182,0.2449,0,0
714-009760-A-0061,1.0,Santa Cruz,Urbano,0,0,0,0.3922,0.3678,0,0
714-009760-A-0081,2.0,Santa Cruz,Urbano,0,0,0,0.3038,0.2206,0,0
714-009760-A-0121,1.0,Santa Cruz,Urbano,0,0,0,0.3231,0.3324,0,0
714-009760-A-0131,1.0,Santa Cruz,Urbano,0,1,1,0.2685,0.1994,0,0
714-009760-A-0111,1.0,Santa Cruz,Urbano,0,1,1,0.367,0.2788,0,0
714-009760-A-0101,1.0,Santa Cruz,Urbano,0,1,1,0.2817,0.1865,0,0
714-009760-A-0091,1.0,Santa Cruz,Urbano,0,1,1,0.3889,0.3101,0,0
712-002529-A-0401,1.0,Santa Cruz,Urbano,0,0,1,0.4613,0.3689,0,0
712-002529-A-0371,1.0,Santa Cruz,Urbano,0,0,1,0.6203,0.5266,1,1
712-002529-A-0331,1.0,Santa Cruz,Urbano,0,0,1,0.3022,0.2288,0,0
712-002529-A-0301,2.0,Santa Cruz,Urbano,0,0,1,0.4022,0.3411,0,0
712-002529-A-0021,1.0,Santa Cruz,Urbano,0,0,1,0.5771,0.3793,1,0
712-002529-A-0051,1.0,Santa Cruz,Urbano,0,0,1,0.3262,0.2227,0,0
712-002529-A-0091,1.0,Santa Cruz,Urbano,0,0,1,0.3839,0.2532,0,0
712-002529-A-0121,2.0,Santa Cruz,Urbano,0,0,1,0.4687,0.4815,0,0
712-002529-A-0161,3.0,Santa Cruz,Urbano,0,1,1,0.4471,0.2764,0,0
712-002529-A-0191,4.0,Santa Cruz,Urbano,1,1,1,0.4316,0.3415,0,0
712-002529-A-0231,6.0,Santa Cruz,Urbano,0,0,1,0.3362,0.3018,0,0
712-002529-A-0261,4.0,Santa Cruz,Urbano,1,1,1,0.4885,0.5079,0,1
713-005885-A-0011,1.0,Santa Cruz,Urbano,0,0,1,0.6154,0.408,1,0
713-005885-A-0031,1.0,Santa Cruz,Urbano,0,0,1,0.5264,0.3227,1,0
713-005885-A-0051,1.0,Santa Cruz,Urbano,0,0,1,0.5029,0.2771,1,0
713-005885-A-0061,1.0,Santa Cruz,Urbano,0,0,1,0.5011,0.3328,1,0
713-005885-A-0101,1.0,Santa Cruz,Urbano,0,0,1,0.3492,0.3431,0,0
713-005885-A-0121,1.0,Santa Cruz,Urbano,0,0,1,0.4447,0.3135,0,0
713-005885-A-0141,1.0,Santa Cruz,Urbano,0,0,1,0.2957,0.1888,0,0
713-005885-A-0161,1.0,Santa Cruz,Urbano,0,1,1,0.3682,0.2772,0,0
713-005885-A-0171,1.0,Santa Cruz,Urbano,1,1,1,0.3831,0.3749,0,0
713-005885-A-0211,4.0,Santa Cruz,Urbano,0,1,1,0.4018,0.2792,0,0
713-005885-A-0081,1.0,Santa Cruz,Urbano,0,1,1,0.394,0.3518,0,0
713-005885-A-0191,1.0,Santa Cruz,Urbano,0,0,1,0.2852,0.172,0,0
713-005713-A-0281,1.0,Santa Cruz,Urbano,0,0,1,0.3694,0.3014,0,0
713-005713-A-0311,1.0,Santa Cruz,Urbano,0,0,1,0.4253,0.3492,0,0
713-005713-A-0341,1.0,Santa Cruz,Urbano,0,0,1,0.418,0.2536,0,0
713-005713-A-0251,1.0,Santa Cruz,Urbano,0,0,1,0.5001,0.2901,1,0
713-005713-A-0011,1.0,Santa Cruz,Urbano,0,0,1,0.4446,0.4036,0,0
713-005713-A-0041,5.0,Santa Cruz,Urbano,0,0,1,0.3478,0.3562,0,0
713-005713-A-0071,1.0,Santa Cruz,Urbano,0,0,0,0.3739,0.2841,0,0
713-005713-A-0101,1.0,Santa Cruz,Urbano,0,0,1,0.2976,0.295,0,0
713-005713-A-0131,1.0,Santa Cruz,Urbano,0,1,1,0.3964,0.2752,0,0
713-005713-A-0161,3.0,Santa Cruz,Urbano,0,1,1,0.2525,0.2772,0,0
713-005713-A-0191,3.0,Santa Cruz,Urbano,0,1,1,0.3363,0.2925,0,0
713-005713-A-0221,3.0,Santa Cruz,Urbano,1,1,1,0.3204,0.3703,0,0
712-002031-A-0021,1.0,Santa Cruz,Urbano,1,1,0,0.5448,0.5041,1,1
712-002031-A-0071,1.0,Santa Cruz,Urbano,0,0,1,0.3422,0.2191,0,0
712-002031-A-0161,1.0,Santa Cruz,Urbano,0,0,1,0.7196,0.4625,1,0
712-002031-A-0111,1.0,Santa Cruz,Urbano,0,0,1,0.4216,0.2936,0,0
712-002031-A-0301,1.0,Santa Cruz,Urbano,0,0,0,0.5612,0.4463,1,0
712-002031-A-0251,1.0,Santa Cruz,Urbano,0,0,1,0.4477,0.284,0,0
712-002031-A-0201,4.0,Santa Cruz,Urbano,0,0,0,0.331,0.2987,0,0
712-002031-A-0391,4.0,Santa Cruz,Urbano,0,0,1,0.3278,0.2879,0,0
712-002031-A-0521,3.0,Santa Cruz,Urbano,0,0,1,0.364,0.3002,0,0
712-002031-A-0481,1.0,Santa Cruz,Urbano,0,1,1,0.3669,0.2773,0,0
712-002031-A-0431,3.0,Santa Cruz,Urbano,0,0,0,0.3261,0.2904,0,0
712-002031-A-0341,1.0,Santa Cruz,Urbano,1,1,1,0.3386,0.4893,0,0
711-000335-A-0111,1.0,Santa Cruz,Urbano,0,1,1,0.3913,0.245,0,0
711-000335-A-0011,1.0,Santa Cruz,Urbano,0,0,1,0.4134,0.351,0,0
711-000335-A-0021,1.0,Santa Cruz,Urbano,0,0,1,0.8222,0.5538,1,1
711-000335-A-0041,1.0,Santa Cruz,Urbano,0,0,1,0.3895,0.2868,0,0
711-000335-A-0091,1.0,Santa Cruz,Urbano,0,0,1,0.4259,0.2855,0,0
711-000335-A-0071,2.0,Santa Cruz,Urbano,0,0,1,0.3173,0.3194,0,0
711-000335-A-0121,4.0,Santa Cruz,Urbano,0,0,1,0.3233,0.2804,0,0
711-000335-A-0051,1.0,Santa Cruz,Urbano,1,1,1,0.2937,0.3972,0,0
711-000335-A-0061,3.0,Santa Cruz,Urbano,1,1,1,0.3894,0.3868,0,0
711-000335-A-0081,1.0,Santa Cruz,Urbano,0,0,1,0.4046,0.3538,0,0
711-000335-A-0101,3.0,Santa Cruz,Urbano,0,1,1,0.3315,0.2662,0,0
711-000444-A-0011,1.0,Santa Cruz,Urbano,0,0,0,0.5003,0.4278,1,0
711-000444-A-0031,1.0,Santa Cruz,Urbano,0,0,0,0.3469,0.2448,0,0
711-000444-A-0041,1.0,Santa Cruz,Urbano,0,0,1,0.5241,0.3268,1,0
711-000444-A-0061,1.0,Santa Cruz,Urbano,0,0,0,0.5577,0.3827,1,0
711-000444-A-0081,1.0,Santa Cruz,Urbano,0,0,1,0.5016,0.3737,1,0
711-000444-A-0091,1.0,Santa Cruz,Urbano,0,0,0,0.4972,0.2886,0,0
711-000444-A-0111,2.0,Santa Cruz,Urbano,0,0,0,0.4223,0.2728,0,0
711-000444-A-0131,1.0,Santa Cruz,Urbano,0,0,1,0.4056,0.2414,0,0
711-000444-A-0141,1.0,Santa Cruz,Urbano,1,1,1,0.3988,0.4578,0,0
711-000444-A-0161,1.0,Santa Cruz,Urbano,1,1,1,0.56,0.5258,1,1
711-000444-A-0181,3.0,Santa Cruz,Urbano,0,1,1,0.5029,0.228,1,0
711-000444-A-0191,1.0,Santa Cruz,Urbano,0,0,0,0.5269,0.3176,1,0
711-000228-A-0161,1.0,Santa Cruz,Urbano,0,0,1,0.5712,0.3593,1,0
711-000228-A-0191,1.0,Santa Cruz,Urbano,0,0,0,0.3977,0.2784,0,0
711-000228-A-0231,1.0,Santa Cruz,Urbano,1,0,0,0.5458,0.5078,1,1
711-000228-A-0271,4.0,Santa Cruz,Urbano,0,0,0,0.3436,0.3853,0,0
711-000228-A-0301,1.0,Santa Cruz,Urbano,1,0,1,0.5491,0.5391,1,1
711-000228-A-0341,3.0,Santa Cruz,Urbano,0,0,1,0.3718,0.2469,0,0
711-000228-A-0381,1.0,Santa Cruz,Urbano,0,0,1,0.5842,0.4329,1,0
711-000228-A-0411,1.0,Santa Cruz,Urbano,0,0,0,0.3811,0.331,0,0
711-000228-A-0011,2.0,Santa Cruz,Urbano,1,1,1,0.5129,0.4152,1,0
711-000228-A-0051,1.0,Santa Cruz,Urbano,0,0,1,0.444,0.3135,0,0
711-000228-A-0081,1.0,Santa Cruz,Urbano,0,0,1,0.4444,0.3421,0,0
711-000228-A-0121,2.0,Santa Cruz,Urbano,0,0,0,0.3645,0.2005,0,0
713-006370-A-0011,1.0,Santa Cruz,Urbano,0,0,1,0.2643,0.2931,0,0
713-006370-A-0031,3.0,Santa Cruz,Urbano,0,0,1,0.3927,0.3488,0,0
713-006370-A-0041,3.0,Santa Cruz,Urbano,0,1,1,0.314,0.3282,0,0
713-006370-A-0061,3.0,Santa Cruz,Urbano,0,0,1,0.3571,0.3766,0,0
713-006370-A-0091,1.0,Santa Cruz,Urbano,0,0,0,0.5361,0.4151,1,0
713-006370-A-0181,1.0,Santa Cruz,Urbano,0,0,1,0.3783,0.2793,0,0
713-006370-A-0141,3.0,Santa Cruz,Urbano,0,0,0,0.3469,0.3792,0,0
713-006370-A-0161,3.0,Santa Cruz,Urbano,0,0,1,0.3502,0.3175,0,0
713-006370-A-0081,1.0,Santa Cruz,Urbano,0,0,0,0.3909,0.2798,0,0
713-006370-A-0191,1.0,Santa Cruz,Urbano,0,0,0,0.3026,0.2209,0,0
713-006370-A-0111,1.0,Santa Cruz,Urbano,0,0,0,0.3925,0.3415,0,0
713-006370-A-0131,2.0,Santa Cruz,Urbano,0,0,0,0.4308,0.2561,0,0
712-001799-A-0201,1.0,Santa Cruz,Urbano,0,0,1,0.3799,0.333,0,0
712-001799-A-0231,1.0,Santa Cruz,Urbano,0,0,0,0.4204,0.2485,0,0
712-001799-A-0251,3.0,Santa Cruz,Urbano,0,0,0,0.3904,0.3433,0,0
712-001799-A-0271,1.0,Santa Cruz,Urbano,0,0,0,0.422,0.2641,0,0
712-001799-A-0101,3.0,Santa Cruz,Urbano,0,0,1,0.3513,0.1793,0,0
712-001799-A-0131,1.0,Santa Cruz,Urbano,0,0,1,0.4393,0.3559,0,0
712-001799-A-0151,1.0,Santa Cruz,Urbano,0,0,0,0.3945,0.2797,0,0
712-001799-A-0181,3.0,Santa Cruz,Urbano,0,0,0,0.4026,0.3288,0,0
712-001799-A-0031,1.0,Santa Cruz,Urbano,0,0,1,0.4224,0.3499,0,0
712-001799-A-0061,1.0,Santa Cruz,Urbano,0,0,0,0.4267,0.3323,0,0
712-001799-A-0081,1.0,Santa Cruz,Urbano,0,0,0,0.5516,0.3914,1,0
712-001695-A-0011,4.0,Santa Cruz,Urbano,1,1,1,0.4477,0.4813,0,0
712-001695-A-0021,1.0,Santa Cruz,Urbano,0,0,0,0.558,0.3608,1,0
712-001695-A-0041,3.0,Santa Cruz,Urbano,0,0,1,0.3354,0.3267,0,0
712-001695-A-0061,3.0,Santa Cruz,Urbano,0,0,1,0.3835,0.2966,0,0
712-001695-A-0071,1.0,Santa Cruz,Urbano,0,0,0,0.3516,0.2928,0,0
712-001695-A-0101,1.0,Santa Cruz,Urbano,0,0,0,0.4677,0.3773,0,0
712-001695-A-0151,1.0,Santa Cruz,Urbano,0,0,0,0.4885,0.4081,0,0
712-001695-A-0121,1.0,Santa Cruz,Urbano,0,0,1,0.4662,0.2787,0,0
712-001695-A-0091,2.0,Santa Cruz,Urbano,0,0,0,0.4975,0.38,0,0
712-001695-A-0131,1.0,Santa Cruz,Urbano,0,0,0,0.4999,0.3681,0,0
712-001695-A-0171,1.0,Santa Cruz,Urbano,0,0,0,0.3184,0.3431,0,0
712-001695-A-0181,1.0,Santa Cruz,Urbano,0,0,0,0.4562,0.367,0,0
713-004692-A-0011,3.0,Santa Cruz,Urbano,0,1,1,0.3256,0.2444,0,0
713-004692-A-0021,1.0,Santa Cruz,Urbano,0,0,1,0.5134,0.4106,1,0
713-004692-A-0041,1.0,Santa Cruz,Urbano,0,1,1,0.3273,0.2439,0,0
713-004692-A-0131,1.0,Santa Cruz,Urbano,0,1,1,0.4451,0.3494,0,0
713-004692-A-0151,3.0,Santa Cruz,Urbano,0,0,0,0.3785,0.3597,0,0
713-004692-A-0171,3.0,Santa Cruz,Urbano,0,0,0,0.3983,0.2833,0,0
713-004692-A-0181,4.0,Santa Cruz,Urbano,0,0,0,0.325,0.2825,0,0
713-004692-A-0061,1.0,Santa Cruz,Urbano,0,0,1,0.2895,0.2072,0,0
713-004692-A-0121,1.0,Santa Cruz,Urbano,0,0,0,0.3237,0.3058,0,0
713-004692-A-0091,1.0,Santa Cruz,Urbano,0,0,0,0.5046,0.3397,1,0
713-004692-A-0101,1.0,Santa Cruz,Urbano,0,0,0,0.4772,0.3489,0,0
713-004832-A-0031,1.0,Santa Cruz,Urbano,1,0,1,0.3486,0.3597,0,0
713-004832-A-0011,1.0,Santa Cruz,Urbano,0,0,1,0.3379,0.2623,0,0
713-004832-A-0021,1.0,Santa Cruz,Urbano,0,0,1,0.3029,0.1994,0,0
713-004832-A-0131,3.0,Santa Cruz,Urbano,0,0,1,0.3652,0.3234,0,0
713-004832-A-0121,1.0,Santa Cruz,Urbano,0,0,1,0.4836,0.3347,0,0
713-004832-A-0051,4.0,Santa Cruz,Urbano,0,0,1,0.2838,0.2727,0,0
713-004832-A-0061,1.0,Santa Cruz,Urbano,0,0,1,0.3828,0.228,0,0
713-004832-A-0081,3.0,Santa Cruz,Urbano,0,0,1,0.3158,0.2833,0,0
713-004832-A-0091,2.0,Santa Cruz,Urbano,0,0,1,0.4074,0.2434,0,0
713-004832-A-0111,1.0,Santa Cruz,Urbano,0,0,1,0.2883,0.2869,0,0
713-004832-A-0041,3.0,Santa Cruz,Urbano,1,1,1,0.3528,0.3412,0,0
713-004832-A-0101,3.0,Santa Cruz,Urbano,0,0,1,0.3227,0.2791,0,0
712-001586-A-0051,3.0,Santa Cruz,Urbano,0,0,1,0.36,0.2722,0,0
712-001586-A-0071,1.0,Santa Cruz,Urbano,0,0,1,0.502,0.3325,1,0
712-001586-A-0011,3.0,Santa Cruz,Urbano,0,0,1,0.3683,0.2746,0,0
712-001586-A-0171,1.0,Santa Cruz,Urbano,0,0,1,0.459,0.3887,0,0
712-001586-A-0191,3.0,Santa Cruz,Urbano,0,0,1,0.4248,0.3348,0,0
712-001586-A-0211,1.0,Santa Cruz,Urbano,1,0,1,0.4195,0.561,0,1
712-001586-A-0231,1.0,Santa Cruz,Urbano,0,0,1,0.353,0.2762,0,0
712-001586-A-0091,1.0,Santa Cruz,Urbano,0,1,1,0.2939,0.2455,0,0
712-001586-A-0111,1.0,Santa Cruz,Urbano,1,0,0,0.5412,0.4329,1,0
712-001586-A-0131,2.0,Santa Cruz,Urbano,0,1,0,0.4152,0.2996,0,0
712-001476-A-0181,1.0,Santa Cruz,Urbano,0,0,1,0.3505,0.2685,0,0
712-001476-A-0201,1.0,Santa Cruz,Urbano,0,0,1,0.313,0.2958,0,0
712-001476-A-0221,1.0,Santa Cruz,Urbano,0,0,1,0.3838,0.2271,0,0
712-001476-A-0241,4.0,Santa Cruz,Urbano,0,0,1,0.4201,0.2184,0,0
712-001476-A-0011,1.0,Santa Cruz,Urbano,0,1,1,0.4198,0.2705,0,0
712-001476-A-0041,1.0,Santa Cruz,Urbano,0,1,1,0.3643,0.2716,0,0
712-001476-A-0061,1.0,Santa Cruz,Urbano,0,0,1,0.4731,0.3579,0,0
712-001476-A-0081,1.0,Santa Cruz,Urbano,0,0,0,0.4196,0.3493,0,0
712-001476-A-0101,1.0,Santa Cruz,Urbano,1,0,1,0.3728,0.3516,0,0
712-001476-A-0121,2.0,Santa Cruz,Urbano,1,0,1,0.5382,0.5403,1,1
712-001476-A-0141,3.0,Santa Cruz,Urbano,0,0,1,0.4401,0.2926,0,0
712-001476-A-0161,1.0,Santa Cruz,Urbano,1,0,1,0.6635,0.5812,1,1
711-000125-A-0051,2.0,Santa Cruz,Urbano,0,0,1,0.4803,0.3389,0,0
711-000125-A-0101,1.0,Santa Cruz,Urbano,0,0,1,0.5088,0.2997,1,0
711-000125-A-0071,3.0,Santa Cruz,Urbano,1,0,1,0.2942,0.4096,0,0
711-000125-A-0131,1.0,Santa Cruz,Urbano,0,0,1,0.2028,0.2378,0,0
711-000125-A-0181,1.0,Santa Cruz,Urbano,0,0,1,0.3549,0.2392,0,0
711-000125-A-0161,1.0,Santa Cruz,Urbano,0,0,1,0.3749,0.2774,0,0
711-000125-A-0211,1.0,Santa Cruz,Urbano,0,0,0,0.2978,0.3127,0,0
711-000125-A-0321,1.0,Santa Cruz,Urbano,0,0,1,0.5429,0.3588,1,0
711-000125-A-0291,7.0,Santa Cruz,Urbano,0,0,1,0.509,0.314,1,0
711-000125-A-0271,2.0,Santa Cruz,Urbano,1,0,1,0.4708,0.5253,0,1
712-001122-A-0221,1.0,Santa Cruz,Urbano,0,0,1,0.4073,0.2684,0,0
712-001122-A-0131,2.0,Santa Cruz,Urbano,0,0,1,0.4602,0.2568,0,0
712-001122-A-0161,3.0,Santa Cruz,Urbano,0,0,0,0.2712,0.2546,0,0
712-001122-A-0191,3.0,Santa Cruz,Urbano,1,1,1,0.3629,0.3201,0,0
712-001122-A-0251,5.0,Santa Cruz,Urbano,0,0,1,0.472,0.349,0,0
712-001122-A-0281,1.0,Santa Cruz,Urbano,0,0,1,0.302,0.2349,0,0
712-001122-A-0311,1.0,Santa Cruz,Urbano,1,1,0,0.5368,0.6289,1,1
712-001122-A-0341,1.0,Santa Cruz,Urbano,0,0,1,0.6677,0.3746,1,0
712-001122-A-0011,1.0,Santa Cruz,Urbano,0,0,1,0.7498,0.4295,1,0
712-001122-A-0101,3.0,Santa Cruz,Urbano,0,0,0,0.4462,0.2781,0,0
712-001122-A-0071,1.0,Santa Cruz,Urbano,0,0,1,0.6311,0.3392,1,0
712-001122-A-0041,2.0,Santa Cruz,Urbano,0,0,1,0.4612,0.3837,0,0
712-001253-A-0031,2.0,Santa Cruz,Urbano,0,0,1,0.4268,0.2465,0,0
712-001253-A-0071,4.0,Santa Cruz,Urbano,0,1,1,0.3839,0.4226,0,0
712-001253-A-0221,3.0,Santa Cruz,Urbano,1,1,0,0.4182,0.2921,0,0
712-001253-A-0111,1.0,Santa Cruz,Urbano,0,0,1,0.3774,0.2598,0,0
712-001253-A-0051,1.0,Santa Cruz,Urbano,1,0,0,0.4347,0.3808,0,0
712-001253-A-0151,1.0,Santa Cruz,Urbano,1,1,1,0.4029,0.4419,0,0
712-001253-A-0211,1.0,Santa Cruz,Urbano,0,0,1,0.6291,0.4402,1,0
712-001253-A-0191,1.0,Santa Cruz,Urbano,0,0,1,0.3761,0.2453,0,0
712-001253-A-0171,1.0,Santa Cruz,Urbano,0,0,1,0.4429,0.3356,0,0
712-001253-A-0011,3.0,Santa Cruz,Urbano,0,0,0,0.2081,0.2382,0,0
713-004442-A-0181,1.0,Santa Cruz,Urbano,0,1,0,0.596,0.4242,1,0
713-004442-A-0221,2.0,Santa Cruz,Urbano,0,0,1,0.4007,0.3454,0,0
713-004442-A-0241,2.0,Santa Cruz,Urbano,0,1,0,0.4579,0.3945,0,0
713-004442-A-0061,1.0,Santa Cruz,Urbano,0,0,1,0.4569,0.3513,0,0
713-004442-A-0121,1.0,Santa Cruz,Urbano,0,0,0,0.3611,0.2357,0,0
713-004442-A-0011,1.0,Santa Cruz,Urbano,0,0,1,0.4176,0.3036,0,0
713-004442-A-0101,1.0,Santa Cruz,Urbano,0,0,0,0.3932,0.2826,0,0
713-004442-A-0141,1.0,Santa Cruz,Urbano,0,1,0,0.3365,0.2647,0,0
713-004442-A-0161,1.0,Santa Cruz,Urbano,0,1,0,0.4158,0.3257,0,0
713-004442-A-0081,1.0,Santa Cruz,Urbano,0,0,1,0.3993,0.238,0,0
714-010164-A-0131,3.0,Santa Cruz,Urbano,0,0,0,0.3099,0.2932,0,0
714-010164-A-0111,1.0,Santa Cruz,Urbano,0,0,1,0.2777,0.2137,0,0
714-010164-A-0121,4.0,Santa Cruz,Urbano,0,0,1,0.3482,0.2882,0,0
714-010164-A-0141,1.0,Santa Cruz,Urbano,0,0,1,0.334,0.2325,0,0
714-010164-A-0081,2.0,Santa Cruz,Urbano,0,0,1,0.354,0.3316,0,0
714-010164-A-0071,3.0,Santa Cruz,Urbano,0,1,0,0.3691,0.3371,0,0
714-010164-A-0061,1.0,Santa Cruz,Urbano,0,0,1,0.2992,0.2415,0,0
714-010164-A-0091,1.0,Santa Cruz,Urbano,0,0,1,0.2687,0.1939,0,0
713-006537-A-0141,1.0,Santa Cruz,Urbano,0,1,1,0.4604,0.3308,0,0
713-006537-A-0181,5.0,Santa Cruz,Urbano,0,0,1,0.3051,0.2713,0,0
713-006537-A-0211,1.0,Santa Cruz,Urbano,0,1,1,0.3251,0.2441,0,0
713-006537-A-0241,1.0,Santa Cruz,Urbano,0,0,0,0.3872,0.2363,0,0
713-006537-A-0341,1.0,Santa Cruz,Urbano,1,0,1,0.4853,0.5215,0,1
713-006537-A-0011,1.0,Santa Cruz,Urbano,0,0,0,0.492,0.3462,0,0
713-006537-A-0051,1.0,Santa Cruz,Urbano,0,1,1,0.3311,0.2196,0,0
713-006537-A-0081,1.0,Santa Cruz,Urbano,0,0,1,0.3642,0.2353,0,0
713-005080-A-0061,2.0,Santa Cruz,Urbano,0,0,0,0.3553,0.2484,0,0
713-005080-A-0151,1.0,Santa Cruz,Urbano,1,0,0,0.3276,0.4123,0,0
713-005080-A-0241,1.0,Santa Cruz,Urbano,0,0,0,0.3101,0.2991,0,0
713-005080-A-0841,1.0,Santa Cruz,Urbano,0,0,1,0.4524,0.3458,0,0
713-005080-A-0751,5.0,Santa Cruz,Urbano,0,0,0,0.3236,0.2819,0,0
713-005080-A-0581,3.0,Santa Cruz,Urbano,0,1,1,0.485,0.3261,0,0
714-008911-A-0341,1.0,Santa Cruz,Urbano,0,0,1,0.4366,0.3164,0,0
714-008911-A-0431,1.0,Santa Cruz,Urbano,0,0,0,0.3719,0.297,0,0
714-008911-A-0471,3.0,Santa Cruz,Urbano,1,1,1,0.3559,0.4785,0,0
714-008911-A-0021,1.0,Santa Cruz,Urbano,0,0,1,0.3255,0.258,0,0
714-008911-A-0061,1.0,Santa Cruz,Urbano,0,1,0,0.4508,0.3249,0,0
714-008911-A-0141,2.0,Santa Cruz,Urbano,0,0,1,0.3928,0.3797,0,0
714-008911-A-0181,1.0,Santa Cruz,Urbano,0,0,1,0.3499,0.301,0,0
714-008911-A-0221,3.0,Santa Cruz,Urbano,0,0,1,0.3547,0.2731,0,0
714-008911-A-0261,2.0,Santa Cruz,Urbano,0,0,1,0.3839,0.3692,0,0
714-008911-A-0301,1.0,Santa Cruz,Urbano,0,0,0,0.2971,0.1773,0,0
712-001371-A-0171,1.0,Santa Cruz,Urbano,0,1,1,0.4514,0.2616,0,0
712-001371-A-0211,2.0,Santa Cruz,Urbano,0,1,1,0.351,0.2524,0,0
712-001371-A-0251,1.0,Santa Cruz,Urbano,0,0,1,0.5212,0.293,1,0
712-001371-A-0291,2.0,Santa Cruz,Urbano,0,1,1,0.3822,0.3044,0,0
712-001371-A-0321,2.0,Santa Cruz,Urbano,0,0,1,0.3232,0.2894,0,0
712-001371-A-0361,1.0,Santa Cruz,Urbano,0,0,1,0.3088,0.251,0,0
712-001371-A-0401,1.0,Santa Cruz,Urbano,0,0,1,0.3502,0.2029,0,0
712-001371-A-0441,1.0,Santa Cruz,Urbano,0,0,1,0.5813,0.4507,1,0
712-001371-A-0021,6.0,Santa Cruz,Urbano,0,0,1,0.5099,0.2945,1,0
712-001371-A-0101,1.0,Santa Cruz,Urbano,0,0,1,0.2999,0.2722,0,0
712-001371-A-0141,2.0,Santa Cruz,Urbano,0,0,1,0.5201,0.3406,1,0
712-001371-A-0061,1.0,Santa Cruz,Urbano,1,0,1,0.5676,0.5727,1,1
711-000003-A-0111,3.0,Santa Cruz,Urbano,0,0,0,0.5649,0.4472,1,0
711-000003-A-0051,1.0,Santa Cruz,Urbano,0,0,1,0.483,0.3085,0,0
711-000003-A-0081,1.0,Santa Cruz,Urbano,1,0,1,0.5877,0.4378,1,0
711-000003-A-0011,2.0,Santa Cruz,Urbano,0,1,0,0.4254,0.3419,0,0
711-000003-A-0141,3.0,Santa Cruz,Urbano,0,1,1,0.51,0.3291,1,0
711-000003-A-0211,1.0,Santa Cruz,Urbano,1,1,0,0.4556,0.4471,0,0
711-000003-A-0241,1.0,Santa Cruz,Urbano,0,0,1,0.4305,0.1759,0,0
711-000003-A-0181,6.0,Santa Cruz,Urbano,0,0,1,0.4755,0.2324,0,0
711-000003-A-0271,1.0,Santa Cruz,Urbano,0,0,0,0.6924,0.5247,1,1
711-000003-A-0341,1.0,Santa Cruz,Urbano,0,0,0,0.5929,0.3762,1,0
711-000003-A-0371,3.0,Santa Cruz,Urbano,0,0,1,0.4272,0.2859,0,0
714-010351-A-0031,1.0,Santa Cruz,Urbano,0,0,1,0.3948,0.2676,0,0
714-010351-A-0081,3.0,Santa Cruz,Urbano,0,0,0,0.3679,0.3232,0,0
714-010351-A-0131,1.0,Santa Cruz,Urbano,0,0,1,0.3692,0.3443,0,0
714-010351-A-0181,1.0,Santa Cruz,Urbano,0,0,0,0.3211,0.2837,0,0
714-010351-A-0231,1.0,Santa Cruz,Urbano,0,0,0,0.3268,0.27,0,0
714-010351-A-0281,1.0,Santa Cruz,Urbano,0,0,0,0.2886,0.2623,0,0
714-010351-A-0331,1.0,Santa Cruz,Urbano,0,0,0,0.356,0.2783,0,0
714-010351-A-0381,3.0,Santa Cruz,Urbano,0,0,0,0.3742,0.3643,0,0
714-010351-A-0431,1.0,Santa Cruz,Urbano,0,0,0,0.2596,0.2576,0,0
714-010351-A-0481,3.0,Santa Cruz,Urbano,0,0,0,0.4885,0.3464,0,0
714-010351-A-0531,1.0,Santa Cruz,Urbano,0,0,0,0.2837,0.1859,0,0
714-010351-A-0581,2.0,Santa Cruz,Urbano,0,0,0,0.5015,0.3005,1,0
713-006056-A-0011,3.0,Santa Cruz,Urbano,0,0,0,0.4637,0.3017,0,0
713-006056-A-0051,3.0,Santa Cruz,Urbano,0,0,1,0.3836,0.2852,0,0
713-006056-A-0081,2.0,Santa Cruz,Urbano,0,0,1,0.4465,0.2766,0,0
713-006056-A-0121,2.0,Santa Cruz,Urbano,0,0,1,0.307,0.2871,0,0
713-006056-A-0161,1.0,Santa Cruz,Urbano,0,0,1,0.3221,0.291,0,0
713-006056-A-0191,1.0,Santa Cruz,Urbano,0,0,1,0.4014,0.2975,0,0
713-006056-A-0231,1.0,Santa Cruz,Urbano,0,0,1,0.3033,0.2198,0,0
713-006056-A-0271,3.0,Santa Cruz,Urbano,0,0,1,0.3352,0.2475,0,0
713-006056-A-0301,1.0,Santa Cruz,Urbano,0,0,0,0.3386,0.3359,0,0
713-006056-A-0341,1.0,Santa Cruz,Urbano,0,0,1,0.2948,0.3058,0,0
713-006056-A-0381,1.0,Santa Cruz,Urbano,0,0,0,0.4566,0.3718,0,0
713-006056-A-0411,3.0,Santa Cruz,Urbano,0,0,0,0.3193,0.2724,0,0
714-009465-A-0011,3.0,Santa Cruz,Urbano,0,0,1,0.404,0.3638,0,0
714-009465-A-0031,1.0,Santa Cruz,Urbano,0,0,1,0.3259,0.2078,0,0
714-009465-A-0051,3.0,Santa Cruz,Urbano,0,0,1,0.3393,0.2265,0,0
714-009465-A-0071,1.0,Santa Cruz,Urbano,0,0,1,0.3387,0.1995,0,0
714-009465-A-0091,1.0,Santa Cruz,Urbano,0,0,0,0.4981,0.3542,0,0
714-009465-A-0111,1.0,Santa Cruz,Urbano,0,0,0,0.3603,0.3175,0,0
714-009465-A-0131,1.0,Santa Cruz,Urbano,0,0,1,0.3408,0.2485,0,0
714-009465-A-0151,1.0,Santa Cruz,Urbano,0,0,1,0.357,0.335,0,0
714-009465-A-0171,4.0,Santa Cruz,Urbano,0,0,1,0.334,0.2515,0,0
714-009465-A-0191,1.0,Santa Cruz,Urbano,0,0,1,0.3286,0.2512,0,0
714-009465-A-0211,1.0,Santa Cruz,Urbano,0,0,0,0.2618,0.1538,0,0
714-009465-A-0231,2.0,Santa Cruz,Urbano,0,0,0,0.3705,0.2616,0,0
713-005798-A-0021,1.0,Santa Cruz,Urbano,0,0,1,0.3179,0.3518,0,0
713-005798-A-0061,3.0,Santa Cruz,Urbano,0,0,1,0.374,0.252,0,0
713-005798-A-0101,1.0,Santa Cruz,Urbano,0,0,1,0.3811,0.2469,0,0
713-005798-A-0141,3.0,Santa Cruz,Urbano,0,0,1,0.5438,0.2521,1,0
713-005798-A-0171,1.0,Santa Cruz,Urbano,0,0,1,0.3461,0.2608,0,0
713-005798-A-0211,3.0,Santa Cruz,Urbano,0,0,1,0.341,0.2809,0,0
713-005798-A-0251,1.0,Santa Cruz,Urbano,0,0,1,0.3862,0.3499,0,0
713-005798-A-0291,3.0,Santa Cruz,Urbano,0,0,1,0.3889,0.3123,0,0
713-005798-A-0411,1.0,Santa Cruz,Urbano,0,0,1,0.5675,0.3907,1,0
713-005798-A-0371,3.0,Santa Cruz,Urbano,1,0,1,0.397,0.3819,0,0
713-005798-A-0331,1.0,Santa Cruz,Urbano,0,0,0,0.3465,0.2161,0,0
712-001908-A-0071,1.0,Santa Cruz,Urbano,0,0,1,0.3334,0.2379,0,0
712-001908-A-0111,2.0,Santa Cruz,Urbano,0,0,1,0.3486,0.2573,0,0
712-001908-A-0151,1.0,Santa Cruz,Urbano,0,0,1,0.3327,0.2524,0,0
712-001908-A-0031,1.0,Santa Cruz,Urbano,0,0,1,0.423,0.2879,0,0
712-001908-A-0191,1.0,Santa Cruz,Urbano,0,0,1,0.4352,0.2789,0,0
712-001908-A-0221,1.0,Santa Cruz,Urbano,0,0,1,0.3738,0.3132,0,0
712-001908-A-0261,4.0,Santa Cruz,Urbano,0,0,1,0.3885,0.2735,0,0
712-001908-A-0301,1.0,Santa Cruz,Urbano,0,0,1,0.4058,0.3193,0,0
712-001908-A-0341,1.0,Santa Cruz,Urbano,0,0,1,0.3145,0.197,0,0
712-001908-A-0381,1.0,Santa Cruz,Urbano,0,0,1,0.3267,0.226,0,0
712-001908-A-0421,1.0,Santa Cruz,Urbano,0,0,1,0.3561,0.2951,0,0
712-001908-A-0451,1.0,Santa Cruz,Urbano,0,1,1,0.3817,0.3167,0,0
713-004962-A-0011,1.0,Santa Cruz,Urbano,0,0,0,0.3506,0.3034,0,0
713-004962-A-0071,1.0,Santa Cruz,Urbano,0,0,0,0.3854,0.3021,0,0
713-004962-A-0041,1.0,Santa Cruz,Urbano,0,0,0,0.3052,0.2151,0,0
713-004962-A-0101,1.0,Santa Cruz,Urbano,0,0,0,0.4761,0.3438,0,0
713-004962-A-0131,1.0,Santa Cruz,Urbano,0,0,0,0.3881,0.3059,0,0
713-004962-A-0161,1.0,Santa Cruz,Urbano,0,0,0,0.3549,0.279,0,0
713-004962-A-0191,1.0,Santa Cruz,Urbano,0,0,0,0.4036,0.2689,0,0
713-004962-A-0221,3.0,Santa Cruz,Urbano,0,0,0,0.3533,0.2933,0,0
713-004962-A-0251,1.0,Santa Cruz,Urbano,0,0,1,0.4539,0.2765,0,0
713-004962-A-0281,3.0,Santa Cruz,Urbano,0,0,0,0.3791,0.2496,0,0
713-004962-A-0311,1.0,Santa Cruz,Urbano,1,0,1,0.4153,0.4031,0,0
713-004962-A-0341,1.0,Santa Cruz,Urbano,0,0,1,0.2522,0.1959,0,0
713-004579-A-0251,3.0,Santa Cruz,Urbano,0,0,1,0.3267,0.2858,0,0
713-004579-A-0191,3.0,Santa Cruz,Urbano,0,0,1,0.4722,0.3676,0,0
713-004579-A-0121,1.0,Santa Cruz,Urbano,1,0,1,0.3676,0.3261,0,0
713-004579-A-0051,3.0,Santa Cruz,Urbano,0,0,1,0.4135,0.2671,0,0
713-004579-A-0321,1.0,Santa Cruz,Urbano,0,0,0,0.3565,0.2382,0,0
713-004579-A-0391,1.0,Santa Cruz,Urbano,0,0,1,0.393,0.2683,0,0
713-004579-A-0461,1.0,Santa Cruz,Urbano,0,0,0,0.2864,0.1841,0,0
713-004579-A-0521,1.0,Santa Cruz,Urbano,0,0,0,0.3301,0.3008,0,0
713-004579-A-0591,4.0,Santa Cruz,Urbano,0,0,0,0.4146,0.3123,0,0
713-004579-A-0661,1.0,Santa Cruz,Urbano,1,0,1,0.3645,0.3508,0,0
713-004579-A-0731,3.0,Santa Cruz,Urbano,0,0,0,0.4309,0.3248,0,0
713-004579-A-0791,4.0,Santa Cruz,Urbano,0,0,0,0.342,0.2553,0,0
722-012770-A-0121,1.0,Santa Cruz,Urbano,0,0,0,0.5584,0.2585,1,0
722-012770-A-0021,1.0,Santa Cruz,Urbano,0,0,0,0.4493,0.3504,0,0
722-012770-A-0071,3.0,Santa Cruz,Urbano,0,0,0,0.3166,0.2086,0,0
722-012770-A-0171,1.0,Santa Cruz,Urbano,0,0,1,0.4443,0.3015,0,0
722-012770-A-0211,1.0,Santa Cruz,Urbano,0,0,0,0.3859,0.2938,0,0
722-012770-A-0261,1.0,Santa Cruz,Urbano,0,0,0,0.402,0.3424,0,0
722-012770-A-0311,1.0,Santa Cruz,Urbano,0,0,1,0.4203,0.3444,0,0
722-012770-A-0361,1.0,Santa Cruz,Urbano,0,0,1,0.4663,0.3329,0,0
722-012770-A-0411,3.0,Santa Cruz,Urbano,0,0,0,0.3681,0.2509,0,0
722-012770-A-0461,4.0,Santa Cruz,Urbano,1,0,0,0.3684,0.4739,0,0
722-012770-A-0511,3.0,Santa Cruz,Urbano,0,1,1,0.3671,0.3415,0,0
722-012770-A-0561,1.0,Santa Cruz,Urbano,0,0,0,0.5369,0.298,1,0
713-008321-A-0161,1.0,Santa Cruz,Urbano,0,0,0,0.3988,0.205,0,0
713-008321-A-0191,2.0,Santa Cruz,Urbano,0,0,1,0.5063,0.4204,1,0
713-008321-A-0231,1.0,Santa Cruz,Urbano,1,0,0,0.3238,0.3292,0,0
713-008321-A-0271,1.0,Santa Cruz,Urbano,0,0,0,0.4635,0.3335,0,0
713-008321-A-0081,1.0,Santa Cruz,Urbano,0,0,1,0.4065,0.3115,0,0
713-008321-A-0051,3.0,Santa Cruz,Urbano,0,0,1,0.4798,0.4183,0,0
713-008321-A-0121,1.0,Santa Cruz,Urbano,0,0,0,0.3507,0.2982,0,0
713-008321-A-0411,1.0,Santa Cruz,Urbano,0,0,1,0.3323,0.2955,0,0
713-008321-A-0381,1.0,Santa Cruz,Urbano,0,0,1,0.4282,0.309,0,0
713-008321-A-0341,3.0,Santa Cruz,Urbano,0,0,0,0.3834,0.3503,0,0
713-008321-A-0301,1.0,Santa Cruz,Urbano,0,0,1,0.3755,0.302,0,0
713-007157-A-0191,1.0,Santa Cruz,Urbano,0,1,0,0.293,0.2784,0,0
713-007157-A-0141,1.0,Santa Cruz,Urbano,0,0,1,0.3556,0.234,0,0
713-007157-A-0131,4.0,Santa Cruz,Urbano,0,0,0,0.3246,0.2488,0,0
713-007157-A-0161,3.0,Santa Cruz,Urbano,0,0,1,0.4318,0.2829,0,0
713-007157-A-0181,2.0,Santa Cruz,Urbano,0,0,0,0.3478,0.3133,0,0
713-007157-A-0111,3.0,Santa Cruz,Urbano,0,0,0,0.3597,0.3078,0,0
713-007157-A-0091,1.0,Santa Cruz,Urbano,0,0,0,0.2767,0.1944,0,0
713-007157-A-0011,3.0,Santa Cruz,Urbano,0,0,0,0.3178,0.2808,0,0
713-007157-A-0031,1.0,Santa Cruz,Urbano,0,0,1,0.3675,0.3324,0,0
713-007157-A-0061,3.0,Santa Cruz,Urbano,0,0,0,0.3249,0.25,0,0
713-007157-A-0081,1.0,Santa Cruz,Urbano,0,1,1,0.369,0.3623,0,0
713-007157-A-0041,1.0,Santa Cruz,Urbano,0,0,0,0.3794,0.3454,0,0
714-011889-A-0161,7.0,Santa Cruz,Urbano,0,1,0,0.4067,0.3812,0,0
714-011889-A-0131,1.0,Santa Cruz,Urbano,0,0,1,0.3874,0.346,0,0
714-011889-A-0151,1.0,Santa Cruz,Urbano,1,1,1,0.359,0.3944,0,0
714-011889-A-0081,3.0,Santa Cruz,Urbano,1,0,0,0.3745,0.3698,0,0
714-011889-A-0091,3.0,Santa Cruz,Urbano,0,0,0,0.3181,0.2959,0,0
714-011889-A-0101,1.0,Santa Cruz,Urbano,0,0,1,0.2739,0.1885,0,0
714-011889-A-0121,1.0,Santa Cruz,Urbano,0,0,1,0.3515,0.2282,0,0
714-011889-A-0011,3.0,Santa Cruz,Urbano,0,0,1,0.3342,0.3075,0,0
714-011889-A-0021,1.0,Santa Cruz,Urbano,0,0,1,0.3596,0.2876,0,0
714-011889-A-0031,1.0,Santa Cruz,Urbano,0,0,0,0.2676,0.2055,0,0
714-011889-A-0051,3.0,Santa Cruz,Urbano,0,0,1,0.2871,0.1981,0,0
714-011889-A-0061,1.0,Santa Cruz,Urbano,0,0,1,0.2759,0.1834,0,0
714-011833-A-0231,1.0,Santa Cruz,Urbano,0,0,1,0.4319,0.2448,0,0
714-011833-A-0161,2.0,Santa Cruz,Urbano,0,0,1,0.529,0.4217,1,0
714-011833-A-0191,1.0,Santa Cruz,Urbano,0,0,1,0.3163,0.2734,0,0
714-011833-A-0021,1.0,Santa Cruz,Urbano,0,0,1,0.3072,0.2231,0,0
714-011833-A-0051,1.0,Santa Cruz,Urbano,0,0,1,0.3908,0.3039,0,0
714-011833-A-0091,1.0,Santa Cruz,Urbano,0,0,0,0.4291,0.3286,0,0
714-011833-A-0261,3.0,Santa Cruz,Urbano,0,0,0,0.3773,0.3655,0,0
714-011833-A-0291,1.0,Santa Cruz,Urbano,0,0,0,0.3108,0.2145,0,0
714-011833-A-0331,3.0,Santa Cruz,Urbano,1,0,0,0.3845,0.3327,0,0
714-011833-A-0361,1.0,Santa Cruz,Urbano,0,0,0,0.3399,0.3284,0,0
714-011833-A-0401,1.0,Santa Cruz,Urbano,0,0,1,0.3093,0.237,0,0
714-011615-A-0221,1.0,Santa Cruz,Urbano,0,0,0,0.3304,0.3325,0,0
714-011615-A-0121,1.0,Santa Cruz,Urbano,0,0,1,0.2869,0.1892,0,0
714-011615-A-0141,5.0,Santa Cruz,Urbano,0,0,1,0.4034,0.2699,0,0
714-011615-A-0161,3.0,Santa Cruz,Urbano,0,0,1,0.4032,0.3079,0,0
714-011615-A-0181,3.0,Santa Cruz,Urbano,0,1,0,0.3401,0.2438,0,0
714-011615-A-0201,1.0,Santa Cruz,Urbano,0,0,1,0.3506,0.203,0,0
714-011615-A-0011,1.0,Santa Cruz,Urbano,0,0,0,0.3089,0.225,0,0
714-011615-A-0041,3.0,Santa Cruz,Urbano,0,0,1,0.3922,0.3241,0,0
714-011615-A-0061,1.0,Santa Cruz,Urbano,0,0,1,0.3481,0.2496,0,0
714-011615-A-0081,1.0,Santa Cruz,Urbano,0,0,1,0.4194,0.3217,0,0
714-011615-A-0101,1.0,Santa Cruz,Urbano,0,0,1,0.4136,0.347,0,0
712-003521-A-0451,1.0,Santa Cruz,Urbano,0,0,1,0.3688,0.2864,0,0
712-003521-A-0491,1.0,Santa Cruz,Urbano,0,0,1,0.4452,0.2861,0,0
712-003521-A-0241,1.0,Santa Cruz,Urbano,0,0,0,0.36,0.3005,0,0
712-003521-A-0281,1.0,Santa Cruz,Urbano,0,0,0,0.3831,0.2182,0,0
712-003521-A-0371,1.0,Santa Cruz,Urbano,0,0,0,0.4179,0.3235,0,0
712-003521-A-0321,1.0,Santa Cruz,Urbano,0,0,0,0.4992,0.3145,0,0
712-003521-A-0411,1.0,Santa Cruz,Urbano,0,0,0,0.3427,0.2358,0,0
712-003521-A-0161,4.0,Santa Cruz,Urbano,0,0,1,0.4401,0.4545,0,0
712-003521-A-0071,1.0,Santa Cruz,Urbano,0,0,0,0.4426,0.3421,0,0
712-003521-A-0031,1.0,Santa Cruz,Urbano,0,0,0,0.3474,0.3824,0,0
712-003521-A-0121,3.0,Santa Cruz,Urbano,0,0,1,0.3583,0.2902,0,0
712-003521-A-0201,1.0,Santa Cruz,Urbano,0,0,1,0.4687,0.3596,0,0
713-008132-A-0341,1.0,Santa Cruz,Urbano,0,0,1,0.2927,0.2259,0,0
713-008132-A-0311,1.0,Santa Cruz,Urbano,0,0,1,0.3135,0.2483,0,0
713-008132-A-0161,3.0,Santa Cruz,Urbano,0,0,0,0.3493,0.3124,0,0
713-008132-A-0251,1.0,Santa Cruz,Urbano,0,0,0,0.3478,0.2785,0,0
713-008132-A-0221,1.0,Santa Cruz,Urbano,0,0,0,0.3322,0.253,0,0
713-008132-A-0191,3.0,Santa Cruz,Urbano,1,0,1,0.3094,0.3604,0,0
713-008132-A-0281,1.0,Santa Cruz,Urbano,0,0,0,0.3739,0.2567,0,0
713-008132-A-0011,1.0,Santa Cruz,Urbano,0,0,1,0.4624,0.3013,0,0
713-008132-A-0041,4.0,Santa Cruz,Urbano,0,0,1,0.3864,0.2344,0,0
713-008132-A-0071,3.0,Santa Cruz,Urbano,1,0,1,0.393,0.4201,0,0
713-008132-A-0101,1.0,Santa Cruz,Urbano,0,0,1,0.3365,0.2488,0,0
713-008132-A-0131,1.0,Santa Cruz,Urbano,0,1,1,0.3224,0.2528,0,0
712-003617-A-0291,5.0,Santa Cruz,Urbano,0,0,1,0.4664,0.2635,0,0
712-003617-A-0331,1.0,Santa Cruz,Urbano,0,0,0,0.2869,0.1913,0,0
712-003617-A-0361,1.0,Santa Cruz,Urbano,0,1,1,0.3503,0.2997,0,0
712-003617-A-0401,1.0,Santa Cruz,Urbano,0,0,1,0.3015,0.2411,0,0
712-003617-A-0191,3.0,Santa Cruz,Urbano,0,0,0,0.3389,0.3175,0,0
712-003617-A-0231,3.0,Santa Cruz,Urbano,0,0,0,0.3657,0.2709,0,0
712-003617-A-0161,3.0,Santa Cruz,Urbano,0,0,0,0.3047,0.2397,0,0
712-003617-A-0261,3.0,Santa Cruz,Urbano,0,0,0,0.3309,0.2867,0,0
712-003617-A-0021,1.0,Santa Cruz,Urbano,0,0,1,0.2801,0.2691,0,0
712-003617-A-0051,1.0,Santa Cruz,Urbano,0,0,1,0.3627,0.2859,0,0
712-003617-A-0091,1.0,Santa Cruz,Urbano,0,0,1,0.3685,0.3019,0,0
712-003617-A-0121,3.0,Santa Cruz,Urbano,0,0,1,0.3783,0.291,0,0
713-005970-A-0011,1.0,Santa Cruz,Urbano,0,0,0,0.624,0.5199,1,1
713-005970-A-0061,2.0,Santa Cruz,Urbano,0,0,1,0.3548,0.2771,0,0
713-005970-A-0031,1.0,Santa Cruz,Urbano,0,0,1,0.36,0.1873,0,0
713-005970-A-0081,1.0,Santa Cruz,Urbano,0,1,0,0.2719,0.189,0,0
713-005970-A-0201,3.0,Santa Cruz,Urbano,0,0,0,0.3297,0.2476,0,0
713-005970-A-0231,1.0,Santa Cruz,Urbano,1,0,1,0.4627,0.557,0,1
713-005970-A-0251,3.0,Santa Cruz,Urbano,0,0,1,0.4243,0.39,0,0
713-005970-A-0271,1.0,Santa Cruz,Urbano,0,0,1,0.2799,0.1896,0,0
713-005970-A-0151,3.0,Santa Cruz,Urbano,0,0,0,0.4197,0.3625,0,0
713-005970-A-0181,1.0,Santa Cruz,Urbano,0,0,0,0.3522,0.3474,0,0
713-005970-A-0101,4.0,Santa Cruz,Urbano,0,0,0,0.289,0.2617,0,0
714-009969-A-0011,2.0,Santa Cruz,Urbano,0,0,1,0.3547,0.343,0,0
714-009969-A-0041,1.0,Santa Cruz,Urbano,0,0,1,0.4566,0.2279,0,0
714-009969-A-0071,3.0,Santa Cruz,Urbano,1,0,0,0.3374,0.4045,0,0
714-009969-A-0101,1.0,Santa Cruz,Urbano,0,0,0,0.352,0.2752,0,0
714-009969-A-0321,1.0,Santa Cruz,Urbano,0,0,0,0.3279,0.2504,0,0
714-009969-A-0261,1.0,Santa Cruz,Urbano,0,0,1,0.3976,0.3041,0,0
714-009969-A-0291,3.0,Santa Cruz,Urbano,0,0,1,0.3841,0.2406,0,0
714-009969-A-0351,1.0,Santa Cruz,Urbano,0,0,1,0.3173,0.1815,0,0
714-009969-A-0131,3.0,Santa Cruz,Urbano,0,0,1,0.3854,0.3136,0,0
714-009969-A-0191,4.0,Santa Cruz,Urbano,0,0,1,0.4006,0.2872,0,0
714-009969-A-0231,1.0,Santa Cruz,Urbano,0,0,1,0.4169,0.3095,0,0
713-006294-A-0011,1.0,Santa Cruz,Urbano,0,0,1,0.4508,0.2982,0,0
713-006294-A-0041,1.0,Santa Cruz,Urbano,0,0,0,0.3243,0.2437,0,0
713-006294-A-0071,1.0,Santa Cruz,Urbano,0,0,0,0.3363,0.2323,0,0
713-006294-A-0101,1.0,Santa Cruz,Urbano,0,0,1,0.3647,0.3265,0,0
713-006294-A-0261,1.0,Santa Cruz,Urbano,0,1,0,0.392,0.1608,0,0
713-006294-A-0291,3.0,Santa Cruz,Urbano,1,0,1,0.4144,0.5319,0,1
713-006294-A-0321,1.0,Santa Cruz,Urbano,0,0,1,0.4934,0.3257,0,0
713-006294-A-0351,1.0,Santa Cruz,Urbano,0,0,1,0.4044,0.2913,0,0
713-006294-A-0131,1.0,Santa Cruz,Urbano,0,0,1,0.4621,0.3434,0,0
713-006294-A-0161,3.0,Santa Cruz,Urbano,0,0,1,0.2999,0.26,0,0
713-006294-A-0191,1.0,Santa Cruz,Urbano,0,0,0,0.327,0.2853,0,0
713-006294-A-0231,1.0,Santa Cruz,Urbano,0,1,1,0.369,0.2798,0,0
712-002321-A-0021,2.0,Santa Cruz,Urbano,0,0,0,0.4558,0.3876,0,0
712-002321-A-0041,2.0,Santa Cruz,Urbano,1,0,0,0.5581,0.5824,1,1
712-002321-A-0071,1.0,Santa Cruz,Urbano,0,1,1,0.4469,0.2553,0,0
712-002321-A-0101,2.0,Santa Cruz,Urbano,0,0,1,0.5437,0.3716,1,0
712-002321-A-0281,1.0,Santa Cruz,Urbano,0,1,1,0.4519,0.3889,0,0
712-002321-A-0251,1.0,Santa Cruz,Urbano,1,0,1,0.3808,0.4582,0,0
712-002321-A-0221,1.0,Santa Cruz,Urbano,0,0,1,0.2969,0.2706,0,0
712-002321-A-0301,1.0,Santa Cruz,Urbano,1,1,1,0.4755,0.4066,0,0
712-002321-A-0121,1.0,Santa Cruz,Urbano,0,0,1,0.4905,0.3154,0,0
712-002321-A-0201,3.0,Santa Cruz,Urbano,0,1,1,0.4921,0.3197,0,0
712-002321-A-0151,1.0,Santa Cruz,Urbano,0,0,0,0.3731,0.2939,0,0
712-002321-A-0171,3.0,Santa Cruz,Urbano,0,0,1,0.4079,0.3615,0,0
712-002564-A-0021,1.0,Santa Cruz,Urbano,0,0,0,0.3156,0.2265,0,0
712-002564-A-0051,1.0,Santa Cruz,Urbano,0,0,0,0.5907,0.2418,1,0
712-002564-A-0091,1.0,Santa Cruz,Urbano,0,0,0,0.4004,0.2647,0,0
712-002564-A-0121,1.0,Santa Cruz,Urbano,0,1,1,0.4743,0.3442,0,0
712-002564-A-0301,1.0,Santa Cruz,Urbano,1,0,0,0.3962,0.4342,0,0
712-002564-A-0401,1.0,Santa Cruz,Urbano,0,0,1,0.4658,0.2362,0,0
712-002564-A-0331,3.0,Santa Cruz,Urbano,0,0,0,0.4026,0.3256,0,0
712-002564-A-0371,1.0,Santa Cruz,Urbano,0,0,0,0.524,0.205,1,0
712-002564-A-0161,1.0,Santa Cruz,Urbano,0,0,1,0.4863,0.4036,0,0
712-002564-A-0231,2.0,Santa Cruz,Urbano,0,0,0,0.4921,0.2907,0,0
712-002564-A-0191,3.0,Santa Cruz,Urbano,0,0,1,0.3865,0.2511,0,0
712-002564-A-0261,5.0,Santa Cruz,Urbano,0,0,1,0.3797,0.2865,0,0
712-002702-A-0061,1.0,Santa Cruz,Urbano,0,1,1,0.4247,0.2579,0,0
712-002702-A-0091,1.0,Santa Cruz,Urbano,0,0,1,0.5857,0.4105,1,0
712-002702-A-0011,4.0,Santa Cruz,Urbano,0,1,1,0.5881,0.423,1,0
712-002702-A-0031,3.0,Santa Cruz,Urbano,0,1,1,0.4501,0.3845,0,0
712-002702-A-0291,1.0,Santa Cruz,Urbano,0,0,0,0.3667,0.2128,0,0
712-002702-A-0231,1.0,Santa Cruz,Urbano,0,0,1,0.3578,0.369,0,0
712-002702-A-0321,1.0,Santa Cruz,Urbano,0,0,1,0.4597,0.3408,0,0
712-002702-A-0261,1.0,Santa Cruz,Urbano,0,0,1,0.6372,0.3855,1,0
712-002702-A-0201,1.0,Santa Cruz,Urbano,0,0,0,0.5141,0.3053,1,0
712-002702-A-0121,1.0,Santa Cruz,Urbano,0,0,0,0.4638,0.3398,0,0
712-002702-A-0151,3.0,Santa Cruz,Urbano,0,0,1,0.2999,0.2264,0,0
712-002702-A-0181,1.0,Santa Cruz,Urbano,0,1,1,0.4832,0.2707,0,0
713-006619-A-0021,1.0,Santa Cruz,Urbano,0,1,0,0.28,0.2189,0,0
713-006619-A-0031,1.0,Santa Cruz,Urbano,0,1,1,0.4882,0.302,0,0
713-006619-A-0051,1.0,Santa Cruz,Urbano,0,1,1,0.4691,0.4464,0,0
713-006619-A-0011,1.0,Santa Cruz,Urbano,0,1,1,0.4074,0.2864,0,0
713-006619-A-0111,1.0,Santa Cruz,Urbano,0,1,0,0.3745,0.2612,0,0
713-006619-A-0141,1.0,Santa Cruz,Urbano,0,0,0,0.3219,0.2413,0,0
713-006619-A-0131,1.0,Santa Cruz,Urbano,1,0,1,0.5793,0.5727,1,1
713-006619-A-0101,1.0,Santa Cruz,Urbano,0,1,0,0.3968,0.2249,0,0
713-006619-A-0091,3.0,Santa Cruz,Urbano,1,0,0,0.4386,0.5048,0,1
713-006619-A-0061,4.0,Santa Cruz,Urbano,0,0,1,0.4038,0.3333,0,0
713-006619-A-0071,1.0,Santa Cruz,Urbano,0,1,0,0.5903,0.3613,1,0
713-006701-A-0011,1.0,Santa Cruz,Urbano,0,0,0,0.2891,0.1937,0,0
713-006701-A-0031,1.0,Santa Cruz,Urbano,0,0,1,0.4034,0.3737,0,0
713-006701-A-0061,1.0,Santa Cruz,Urbano,1,0,1,0.5232,0.3555,1,0
713-006701-A-0091,3.0,Santa Cruz,Urbano,1,1,1,0.4709,0.4844,0,0
713-006701-A-0291,3.0,Santa Cruz,Urbano,0,0,1,0.3395,0.1958,0,0
713-006701-A-0321,3.0,Santa Cruz,Urbano,0,0,1,0.5059,0.3608,1,0
713-006701-A-0231,1.0,Santa Cruz,Urbano,0,0,1,0.3574,0.2452,0,0
713-006701-A-0261,4.0,Santa Cruz,Urbano,0,1,0,0.4218,0.299,0,0
713-006701-A-0181,1.0,Santa Cruz,Urbano,0,1,1,0.4024,0.2666,0,0
713-006701-A-0201,1.0,Santa Cruz,Urbano,0,1,1,0.4554,0.2684,0,0
713-006701-A-0121,1.0,Santa Cruz,Urbano,0,0,1,0.5565,0.352,1,0
713-006701-A-0151,1.0,Santa Cruz,Urbano,0,0,0,0.3389,0.3175,0,0
713-006985-A-0081,3.0,Santa Cruz,Urbano,0,0,1,0.2581,0.2387,0,0
713-006985-A-0091,3.0,Santa Cruz,Urbano,0,0,1,0.4304,0.2145,0,0
713-006985-A-0061,3.0,Santa Cruz,Urbano,0,0,1,0.3405,0.3272,0,0
713-006985-A-0051,4.0,Santa Cruz,Urbano,0,0,1,0.4231,0.2744,0,0
713-006985-A-0041,1.0,Santa Cruz,Urbano,1,1,1,0.3654,0.3217,0,0
713-006985-A-0011,1.0,Santa Cruz,Urbano,0,1,1,0.3708,0.3389,0,0
713-006985-A-0031,1.0,Santa Cruz,Urbano,0,0,1,0.5733,0.2838,1,0
713-006985-A-0021,1.0,Santa Cruz,Urbano,0,1,1,0.3223,0.2643,0,0
713-006985-A-0121,3.0,Santa Cruz,Urbano,1,0,1,0.3621,0.3015,0,0
713-006985-A-0101,3.0,Santa Cruz,Urbano,0,0,1,0.2414,0.23,0,0
713-006985-A-0111,1.0,Santa Cruz,Urbano,0,0,1,0.3121,0.3407,0,0
713-006985-A-0131,4.0,Santa Cruz,Urbano,0,0,1,0.4731,0.2957,0,0
712-002223-A-0071,4.0,Santa Cruz,Urbano,0,0,1,0.3078,0.2658,0,0
712-002223-A-0111,1.0,Santa Cruz,Urbano,0,0,0,0.3692,0.2057,0,0
712-002223-A-0081,3.0,Santa Cruz,Urbano,0,0,1,0.3785,0.3169,0,0
712-002223-A-0011,1.0,Santa Cruz,Urbano,0,0,0,0.2523,0.2054,0,0
712-002223-A-0021,1.0,Santa Cruz,Urbano,0,0,1,0.3786,0.2356,0,0
712-002223-A-0041,1.0,Santa Cruz,Urbano,1,0,0,0.4951,0.5213,0,1
712-002223-A-0051,1.0,Santa Cruz,Urbano,0,0,1,0.361,0.3275,0,0
712-002223-A-0131,1.0,Santa Cruz,Urbano,0,0,0,0.4007,0.2463,0,0
712-002223-A-0141,3.0,Santa Cruz,Urbano,0,0,0,0.5185,0.4557,1,0
712-002223-A-0161,3.0,Santa Cruz,Urbano,0,0,1,0.4003,0.2744,0,0
712-002223-A-0171,3.0,Santa Cruz,Urbano,0,1,0,0.4238,0.338,0,0
712-002126-A-0161,3.0,Santa Cruz,Urbano,0,0,1,0.3506,0.2242,0,0
712-002126-A-0181,1.0,Santa Cruz,Urbano,0,0,1,0.3556,0.2417,0,0
712-002126-A-0201,1.0,Santa Cruz,Urbano,0,0,1,0.3495,0.2232,0,0
712-002126-A-0141,1.0,Santa Cruz,Urbano,0,0,1,0.3943,0.1992,0,0
712-002126-A-0041,2.0,Santa Cruz,Urbano,0,0,0,0.3012,0.2673,0,0
712-002126-A-0011,1.0,Santa Cruz,Urbano,0,0,1,0.5885,0.3159,1,0
712-002126-A-0081,1.0,Santa Cruz,Urbano,0,0,1,0.4736,0.2758,0,0
712-002126-A-0061,1.0,Santa Cruz,Urbano,0,0,1,0.4268,0.2522,0,0
712-002126-A-0221,3.0,Santa Cruz,Urbano,0,0,1,0.3685,0.3704,0,0
712-002126-A-0121,3.0,Santa Cruz,Urbano,0,0,0,0.4472,0.335,0,0
712-002126-A-0241,1.0,Santa Cruz,Urbano,0,0,1,0.449,0.3406,0,0
723-013190-A-0111,1.0,Santa Cruz,Urbano,0,0,1,0.3748,0.232,0,0
723-013190-A-0271,1.0,Santa Cruz,Urbano,0,0,0,0.347,0.3069,0,0
723-013190-A-0081,3.0,Santa Cruz,Urbano,0,0,1,0.3993,0.3296,0,0
723-013190-A-0051,3.0,Santa Cruz,Urbano,0,0,1,0.3405,0.2771,0,0
723-013190-A-0011,1.0,Santa Cruz,Urbano,0,1,0,0.3606,0.2539,0,0
723-013190-A-0331,1.0,Santa Cruz,Urbano,0,0,0,0.3461,0.2966,0,0
723-013190-A-0301,1.0,Santa Cruz,Urbano,0,1,1,0.301,0.1662,0,0
723-013190-A-0361,1.0,Santa Cruz,Urbano,0,1,0,0.3391,0.2636,0,0
723-013190-A-0141,3.0,Santa Cruz,Urbano,0,0,1,0.4058,0.2259,0,0
723-013190-A-0171,4.0,Santa Cruz,Urbano,0,0,1,0.4015,0.2599,0,0
723-013190-A-0201,2.0,Santa Cruz,Urbano,0,0,1,0.5241,0.3322,1,0
723-013190-A-0241,3.0,Santa Cruz,Urbano,0,0,1,0.4912,0.2441,0,0
722-012905-A-0251,1.0,Santa Cruz,Urbano,0,0,0,0.3076,0.2619,0,0
722-012905-A-0391,2.0,Santa Cruz,Urbano,0,1,1,0.3869,0.3423,0,0
722-012905-A-0341,1.0,Santa Cruz,Urbano,0,0,0,0.5688,0.4036,1,0
722-012905-A-0431,1.0,Santa Cruz,Urbano,1,1,0,0.487,0.5829,0,1
722-012905-A-0481,1.0,Santa Cruz,Urbano,0,1,0,0.3345,0.2704,0,0
722-012905-A-0521,1.0,Santa Cruz,Urbano,0,0,0,0.6371,0.2625,1,0
722-012905-A-0031,1.0,Santa Cruz,Urbano,0,0,1,0.3407,0.2765,0,0
722-012905-A-0301,1.0,Santa Cruz,Urbano,0,0,1,0.4573,0.3559,0,0
722-012905-A-0121,5.0,Santa Cruz,Urbano,0,0,0,0.3682,0.2959,0,0
722-012905-A-0161,1.0,Santa Cruz,Urbano,0,0,0,0.7113,0.3649,1,0
722-012905-A-0211,2.0,Santa Cruz,Urbano,0,0,0,0.5511,0.4096,1,0
722-012905-A-0071,1.0,Santa Cruz,Urbano,0,0,0,0.3412,0.3167,0,0
723-013128-A-0161,1.0,Santa Cruz,Urbano,0,0,1,0.3683,0.3124,0,0
723-013128-A-0141,1.0,Santa Cruz,Urbano,0,0,0,0.4164,0.2647,0,0
723-013128-A-0121,3.0,Santa Cruz,Urbano,0,0,1,0.3921,0.4313,0,0
723-013128-A-0031,3.0,Santa Cruz,Urbano,0,1,0,0.3528,0.2565,0,0
723-013128-A-0011,4.0,Santa Cruz,Urbano,0,0,0,0.4498,0.326,0,0
723-013128-A-0051,1.0,Santa Cruz,Urbano,0,0,0,0.3557,0.2357,0,0
723-013128-A-0071,1.0,Santa Cruz,Urbano,0,0,0,0.3631,0.2646,0,0
723-013128-A-0201,1.0,Santa Cruz,Urbano,1,0,1,0.4298,0.5324,0,1
723-013128-A-0221,1.0,Santa Cruz,Urbano,0,0,1,0.25,0.1945,0,0
723-013128-A-0251,1.0,Santa Cruz,Urbano,0,0,0,0.3563,0.1759,0,0
723-013128-A-0181,1.0,Santa Cruz,Urbano,1,0,1,0.5283,0.3808,1,0
722-012849-A-0121,1.0,Santa Cruz,Urbano,1,0,1,0.4934,0.4967,0,0
722-012849-A-0151,1.0,Santa Cruz,Urbano,0,0,0,0.3899,0.3377,0,0
722-012849-A-0181,1.0,Santa Cruz,Urbano,0,0,0,0.3333,0.1641,0,0
722-012849-A-0201,1.0,Santa Cruz,Urbano,0,0,1,0.445,0.3547,0,0
722-012849-A-0061,7.0,Santa Cruz,Urbano,0,0,0,0.4952,0.3057,0,0
722-012849-A-0031,4.0,Santa Cruz,Urbano,1,0,0,0.3831,0.3456,0,0
722-012849-A-0091,1.0,Santa Cruz,Urbano,1,0,0,0.4452,0.4655,0,0
722-012849-A-0321,3.0,Santa Cruz,Urbano,0,1,1,0.5737,0.381,1,0
722-012849-A-0291,3.0,Santa Cruz,Urbano,0,0,1,0.4802,0.2151,0,0
722-012849-A-0261,3.0,Santa Cruz,Urbano,1,0,0,0.5019,0.5349,1,1
722-012849-A-0231,5.0,Santa Cruz,Urbano,0,0,1,0.6041,0.3475,1,0
723-013060-A-0131,3.0,Santa Cruz,Urbano,0,0,0,0.3673,0.291,0,0
723-013060-A-0181,1.0,Santa Cruz,Urbano,1,0,0,0.5021,0.3574,1,0
723-013060-A-0151,4.0,Santa Cruz,Urbano,0,0,1,0.3478,0.2937,0,0
723-013060-A-0101,3.0,Santa Cruz,Urbano,0,0,1,0.4657,0.3831,0,0
723-013060-A-0031,1.0,Santa Cruz,Urbano,0,1,1,0.5444,0.3679,1,0
723-013060-A-0061,1.0,Santa Cruz,Urbano,0,1,1,0.56,0.3805,1,0
723-013060-A-0081,1.0,Santa Cruz,Urbano,0,0,1,0.4837,0.3569,0,0
723-013060-A-0011,1.0,Santa Cruz,Urbano,0,0,1,0.4059,0.3893,0,0
723-013060-A-0251,3.0,Santa Cruz,Urbano,0,0,0,0.4936,0.2863,0,0
723-013060-A-0271,1.0,Santa Cruz,Urbano,0,0,0,0.3211,0.2476,0,0
723-013060-A-0201,1.0,Santa Cruz,Urbano,0,0,1,0.3394,0.2353,0,0
723-013060-A-0231,3.0,Santa Cruz,Urbano,0,0,0,0.3915,0.2649,0,0
713-005519-A-0011,2.0,Santa Cruz,Urbano,0,0,1,0.3954,0.3283,0,0
713-005519-A-0071,2.0,Santa Cruz,Urbano,0,0,1,0.4784,0.2918,0,0
713-005519-A-0091,1.0,Santa Cruz,Urbano,0,0,0,0.4123,0.2566,0,0
713-005519-A-0121,1.0,Santa Cruz,Urbano,0,1,1,0.3153,0.273,0,0
713-005519-A-0181,1.0,Santa Cruz,Urbano,0,0,1,0.322,0.2765,0,0
713-005519-A-0201,1.0,Santa Cruz,Urbano,0,1,1,0.3863,0.2257,0,0
713-005519-A-0221,3.0,Santa Cruz,Urbano,0,0,0,0.4302,0.3722,0,0
713-005519-A-0251,4.0,Santa Cruz,Urbano,0,0,1,0.3487,0.2545,0,0
713-005034-A-0331,1.0,Santa Cruz,Urbano,0,0,1,0.3098,0.201,0,0
713-005034-A-0361,4.0,Santa Cruz,Urbano,1,0,1,0.326,0.273,0,0
713-005034-A-0141,3.0,Santa Cruz,Urbano,0,0,1,0.3212,0.2637,0,0
713-005034-A-0011,3.0,Santa Cruz,Urbano,0,0,1,0.2854,0.2196,0,0
713-005034-A-0051,2.0,Santa Cruz,Urbano,0,0,1,0.3464,0.2231,0,0
713-005034-A-0081,2.0,Santa Cruz,Urbano,0,0,1,0.3053,0.3091,0,0
713-005034-A-0111,1.0,Santa Cruz,Urbano,0,0,1,0.3948,0.2896,0,0
713-005034-A-0201,1.0,Santa Cruz,Urbano,0,0,1,0.3587,0.2145,0,0
713-005034-A-0241,1.0,Santa Cruz,Urbano,0,0,1,0.3747,0.2891,0,0
713-005034-A-0271,2.0,Santa Cruz,Urbano,0,1,1,0.3734,0.2632,0,0
713-005034-A-0301,1.0,Santa Cruz,Urbano,0,1,1,0.3962,0.2964,0,0
714-009369-A-0181,3.0,Santa Cruz,Urbano,0,0,1,0.3961,0.2797,0,0
714-009369-A-0191,1.0,Santa Cruz,Urbano,0,0,1,0.2802,0.211,0,0
714-009369-A-0011,3.0,Santa Cruz,Urbano,0,0,1,0.2937,0.2532,0,0
714-009369-A-0031,3.0,Santa Cruz,Urbano,0,0,1,0.2988,0.1765,0,0
714-009369-A-0041,1.0,Santa Cruz,Urbano,0,0,1,0.3163,0.2686,0,0
714-009369-A-0061,1.0,Santa Cruz,Urbano,0,0,1,0.2906,0.2068,0,0
714-009369-A-0081,1.0,Santa Cruz,Urbano,0,0,1,0.2723,0.1712,0,0
714-009369-A-0091,3.0,Santa Cruz,Urbano,0,0,1,0.3805,0.3031,0,0
714-009369-A-0111,1.0,Santa Cruz,Urbano,0,0,1,0.3142,0.265,0,0
714-009369-A-0131,1.0,Santa Cruz,Urbano,0,0,1,0.4902,0.2365,0,0
714-009369-A-0161,1.0,Santa Cruz,Urbano,0,1,1,0.3863,0.2579,0,0
714-009159-A-0161,1.0,Santa Cruz,Urbano,0,0,1,0.2542,0.1872,0,0
714-009159-A-0171,1.0,Santa Cruz,Urbano,0,0,1,0.3041,0.1761,0,0
714-009159-A-0021,1.0,Santa Cruz,Urbano,0,0,1,0.3743,0.2988,0,0
714-009159-A-0011,1.0,Santa Cruz,Urbano,0,0,0,0.4946,0.2984,0,0
714-009159-A-0041,2.0,Santa Cruz,Urbano,0,0,1,0.3411,0.2588,0,0
714-009159-A-0051,1.0,Santa Cruz,Urbano,0,0,1,0.2973,0.2203,0,0
714-009159-A-0071,1.0,Santa Cruz,Urbano,0,0,0,0.3551,0.2875,0,0
714-009159-A-0081,1.0,Santa Cruz,Urbano,0,0,1,0.3541,0.2818,0,0
714-009159-A-0101,1.0,Santa Cruz,Urbano,0,0,1,0.3427,0.3187,0,0
714-009159-A-0111,4.0,Santa Cruz,Urbano,0,0,1,0.3154,0.2943,0,0
714-009159-A-0131,3.0,Santa Cruz,Urbano,0,0,1,0.4437,0.2887,0,0
714-009159-A-0141,1.0,Santa Cruz,Urbano,0,0,1,0.4803,0.3202,0,0
713-005317-A-0191,5.0,Santa Cruz,Urbano,0,0,0,0.4588,0.2374,0,0
713-005317-A-0201,1.0,Santa Cruz,Urbano,1,0,1,0.5066,0.4965,1,0
713-005317-A-0011,4.0,Santa Cruz,Urbano,0,0,1,0.2638,0.251,0,0
713-005317-A-0031,1.0,Santa Cruz,Urbano,0,0,0,0.3426,0.2122,0,0
713-005317-A-0051,1.0,Santa Cruz,Urbano,0,0,1,0.3028,0.1502,0,0
713-005317-A-0061,1.0,Santa Cruz,Urbano,0,0,1,0.3108,0.2656,0,0
713-005317-A-0081,2.0,Santa Cruz,Urbano,0,0,1,0.3757,0.3516,0,0
713-005317-A-0101,1.0,Santa Cruz,Urbano,0,0,1,0.4188,0.2437,0,0
713-005317-A-0121,2.0,Santa Cruz,Urbano,0,0,1,0.4385,0.3223,0,0
713-005317-A-0131,6.0,Santa Cruz,Urbano,0,0,1,0.5581,0.3117,1,0
713-005317-A-0151,3.0,Santa Cruz,Urbano,0,0,1,0.3366,0.3416,0,0
713-005317-A-0171,3.0,Santa Cruz,Urbano,1,0,1,0.2998,0.1837,0,0
714-009039-A-0251,3.0,Santa Cruz,Urbano,1,1,1,0.2834,0.349,0,0
714-009039-A-0271,4.0,Santa Cruz,Urbano,1,0,1,0.3814,0.2571,0,0
714-009039-A-0011,1.0,Santa Cruz,Urbano,0,0,0,0.3246,0.2472,0,0
714-009039-A-0031,4.0,Santa Cruz,Urbano,0,0,0,0.3625,0.2998,0,0
714-009039-A-0081,1.0,Santa Cruz,Urbano,0,0,1,0.445,0.3329,0,0
714-009039-A-0101,1.0,Santa Cruz,Urbano,0,0,0,0.4264,0.3654,0,0
714-009039-A-0131,1.0,Santa Cruz,Urbano,0,0,1,0.3929,0.3887,0,0
714-009039-A-0151,1.0,Santa Cruz,Urbano,0,0,1,0.5113,0.2771,1,0
714-009039-A-0181,3.0,Santa Cruz,Urbano,0,0,1,0.4299,0.286,0,0
714-009039-A-0201,2.0,Santa Cruz,Urbano,1,1,1,0.4341,0.3591,0,0
714-009039-A-0231,1.0,Santa Cruz,Urbano,0,0,1,0.3367,0.2075,0,0
714-009269-A-0141,1.0,Santa Cruz,Urbano,0,0,1,0.3977,0.3731,0,0
714-009269-A-0011,1.0,Santa Cruz,Urbano,1,0,1,0.3676,0.4773,0,0
714-009269-A-0051,1.0,Santa Cruz,Urbano,0,0,1,0.4458,0.3212,0,0
714-009269-A-0071,1.0,Santa Cruz,Urbano,0,1,1,0.3326,0.2212,0,0
714-009269-A-0081,1.0,Santa Cruz,Urbano,0,0,1,0.3668,0.2463,0,0
714-009269-A-0101,1.0,Santa Cruz,Urbano,0,0,1,0.4579,0.2969,0,0
714-009269-A-0131,1.0,Santa Cruz,Urbano,0,0,0,0.3225,0.2291,0,0
713-005618-A-0031,4.0,Santa Cruz,Urbano,1,0,1,0.2803,0.3858,0,0
713-005618-A-0101,4.0,Santa Cruz,Urbano,0,0,1,0.3859,0.3048,0,0
713-005618-A-0121,1.0,Santa Cruz,Urbano,0,0,1,0.4039,0.3129,0,0
713-005618-A-0141,3.0,Santa Cruz,Urbano,0,0,0,0.4001,0.305,0,0
713-005618-A-0171,1.0,Santa Cruz,Urbano,0,1,1,0.4293,0.2803,0,0
713-005618-A-0211,1.0,Santa Cruz,Urbano,0,0,0,0.2842,0.1675,0,0
713-005618-A-0191,3.0,Santa Cruz,Urbano,0,0,0,0.4531,0.3387,0,0
713-005618-A-0231,1.0,Santa Cruz,Urbano,0,0,0,0.4851,0.3742,0,0
713-005618-A-0261,1.0,Santa Cruz,Urbano,0,0,0,0.3067,0.266,0,0
714-009855-A-0221,1.0,Santa Cruz,Urbano,0,0,1,0.3181,0.3017,0,0
714-009855-A-0291,1.0,Santa Cruz,Urbano,0,0,1,0.4593,0.3328,0,0
714-009855-A-0181,1.0,Santa Cruz,Urbano,0,0,1,0.2553,0.222,0,0
714-009855-A-0261,3.0,Santa Cruz,Urbano,0,1,1,0.3898,0.2152,0,0
714-009855-A-0011,2.0,Santa Cruz,Urbano,0,0,0,0.3543,0.2857,0,0
714-009855-A-0041,1.0,Santa Cruz,Urbano,0,0,0,0.2747,0.2279,0,0
714-009855-A-0081,3.0,Santa Cruz,Urbano,0,0,0,0.3062,0.2741,0,0
714-009855-A-0111,1.0,Santa Cruz,Urbano,0,0,0,0.3194,0.2941,0,0
714-009855-A-0331,1.0,Santa Cruz,Urbano,0,0,0,0.3366,0.2793,0,0
714-009855-A-0401,1.0,Santa Cruz,Urbano,0,0,0,0.3587,0.2769,0,0
714-009855-A-0361,3.0,Santa Cruz,Urbano,0,0,0,0.2849,0.2712,0,0
714-009855-A-0151,1.0,Santa Cruz,Urbano,0,0,1,0.2953,0.1712,0,0
713-006143-A-0081,1.0,Santa Cruz,Urbano,0,0,1,0.3147,0.2533,0,0
713-006143-A-0011,3.0,Santa Cruz,Urbano,0,0,1,0.2435,0.2621,0,0
713-006143-A-0041,1.0,Santa Cruz,Urbano,0,0,1,0.209,0.1976,0,0
713-006143-A-0111,1.0,Santa Cruz,Urbano,0,1,1,0.206,0.2121,0,0
713-006143-A-0291,1.0,Santa Cruz,Urbano,0,0,0,0.3543,0.2696,0,0
713-006143-A-0331,1.0,Santa Cruz,Urbano,0,0,1,0.2925,0.3039,0,0
713-006143-A-0361,1.0,Santa Cruz,Urbano,0,0,1,0.3784,0.222,0,0
713-006143-A-0401,1.0,Santa Cruz,Urbano,0,0,0,0.4495,0.4127,0,0
713-006143-A-0151,1.0,Santa Cruz,Urbano,0,0,1,0.3975,0.2867,0,0
713-006143-A-0181,1.0,Santa Cruz,Urbano,0,0,1,0.3075,0.2452,0,0
713-006143-A-0221,1.0,Santa Cruz,Urbano,0,0,0,0.3715,0.2554,0,0
713-006143-A-0261,1.0,Santa Cruz,Urbano,0,0,1,0.3984,0.3134,0,0
713-005418-A-0071,1.0,Santa Cruz,Urbano,0,0,1,0.3517,0.2926,0,0
713-005418-A-0041,3.0,Santa Cruz,Urbano,0,0,1,0.3162,0.3219,0,0
713-005418-A-0011,1.0,Santa Cruz,Urbano,0,0,1,0.2634,0.2369,0,0
713-005418-A-0101,1.0,Santa Cruz,Urbano,0,0,1,0.3503,0.3846,0,0
713-005418-A-0281,1.0,Santa Cruz,Urbano,0,0,0,0.3524,0.2806,0,0
713-005418-A-0311,1.0,Santa Cruz,Urbano,0,0,0,0.3583,0.3456,0,0
713-005418-A-0341,3.0,Santa Cruz,Urbano,0,0,0,0.3277,0.2688,0,0
713-005418-A-0251,3.0,Santa Cruz,Urbano,0,0,0,0.3984,0.2861,0,0
713-005418-A-0131,1.0,Santa Cruz,Urbano,0,0,1,0.4191,0.2643,0,0
713-005418-A-0191,1.0,Santa Cruz,Urbano,0,0,1,0.5698,0.4349,1,0
713-005418-A-0221,3.0,Santa Cruz,Urbano,0,0,1,0.3334,0.2843,0,0
713-005418-A-0161,3.0,Santa Cruz,Urbano,0,0,1,0.3553,0.3081,0,0
713-005200-A-0101,3.0,Santa Cruz,Urbano,0,1,1,0.3194,0.3493,0,0
713-005200-A-0121,1.0,Santa Cruz,Urbano,0,0,1,0.445,0.3106,0,0
713-005200-A-0081,1.0,Santa Cruz,Urbano,0,0,1,0.2644,0.2117,0,0
713-005200-A-0131,1.0,Santa Cruz,Urbano,0,1,1,0.2774,0.2005,0,0
713-005200-A-0011,1.0,Santa Cruz,Urbano,1,0,0,0.4784,0.5741,0,1
713-005200-A-0031,1.0,Santa Cruz,Urbano,0,0,0,0.3535,0.3217,0,0
713-005200-A-0051,3.0,Santa Cruz,Urbano,1,1,1,0.3297,0.3309,0,0
713-005200-A-0061,3.0,Santa Cruz,Urbano,1,1,1,0.3831,0.2254,0,0
713-005200-A-0171,1.0,Santa Cruz,Urbano,0,0,1,0.3737,0.2474,0,0
713-005200-A-0191,1.0,Santa Cruz,Urbano,0,0,1,0.3243,0.2774,0,0
713-005200-A-0151,3.0,Santa Cruz,Urbano,0,0,1,0.4014,0.2167,0,0
713-005200-A-0201,1.0,Santa Cruz,Urbano,0,0,1,0.4244,0.3501,0,0
713-006222-A-0451,1.0,Santa Cruz,Urbano,0,0,1,0.3607,0.2769,0,0
713-006222-A-0371,2.0,Santa Cruz,Urbano,0,0,1,0.3632,0.2992,0,0
713-006222-A-0331,3.0,Santa Cruz,Urbano,0,0,0,0.329,0.3106,0,0
713-006222-A-0411,3.0,Santa Cruz,Urbano,0,0,0,0.3267,0.2918,0,0
713-006222-A-0021,1.0,Santa Cruz,Urbano,0,1,1,0.3688,0.2999,0,0
713-006222-A-0061,4.0,Santa Cruz,Urbano,0,0,0,0.3564,0.3436,0,0
713-006222-A-0101,1.0,Santa Cruz,Urbano,0,0,1,0.3484,0.2404,0,0
713-006222-A-0141,3.0,Santa Cruz,Urbano,0,0,0,0.3153,0.2818,0,0
713-006222-A-0171,1.0,Santa Cruz,Urbano,0,0,1,0.3667,0.2828,0,0
713-006222-A-0251,1.0,Santa Cruz,Urbano,0,0,1,0.3946,0.2465,0,0
713-006222-A-0211,3.0,Santa Cruz,Urbano,0,0,1,0.3601,0.3146,0,0
713-006222-A-0291,1.0,Santa Cruz,Urbano,0,0,1,0.3589,0.266,0,0
712-002781-A-0151,1.0,Santa Cruz,Urbano,0,0,1,0.2612,0.2564,0,0
712-002781-A-0101,1.0,Santa Cruz,Urbano,0,0,1,0.3321,0.2868,0,0
712-002781-A-0131,1.0,Santa Cruz,Urbano,0,0,1,0.2899,0.2696,0,0
712-002781-A-0181,1.0,Santa Cruz,Urbano,0,0,0,0.2413,0.1531,0,0
712-002781-A-0271,1.0,Santa Cruz,Urbano,0,0,0,0.3507,0.2601,0,0
712-002781-A-0231,1.0,Santa Cruz,Urbano,0,0,0,0.4135,0.2965,0,0
712-002781-A-0251,1.0,Santa Cruz,Urbano,0,0,0,0.2101,0.1845,0,0
712-002781-A-0201,1.0,Santa Cruz,Urbano,1,0,0,0.329,0.3232,0,0
712-002781-A-0031,1.0,Santa Cruz,Urbano,0,0,1,0.5417,0.2872,1,0
712-002781-A-0061,3.0,Santa Cruz,Urbano,0,0,0,0.2948,0.2154,0,0
712-002781-A-0011,3.0,Santa Cruz,Urbano,0,0,0,0.3299,0.3208,0,0
712-002781-A-0081,1.0,Santa Cruz,Urbano,0,0,1,0.3868,0.2461,0,0
713-007234-A-0201,3.0,Santa Cruz,Urbano,0,0,1,0.4051,0.3429,0,0
713-007234-A-0151,1.0,Santa Cruz,Urbano,1,0,0,0.6228,0.728,1,1
713-007234-A-0041,3.0,Santa Cruz,Urbano,0,0,1,0.3853,0.2771,0,0
713-007234-A-0471,1.0,Santa Cruz,Urbano,1,0,0,0.3025,0.3348,0,0
713-007234-A-0581,3.0,Santa Cruz,Urbano,0,0,0,0.3641,0.3675,0,0
713-007234-A-0641,4.0,Santa Cruz,Urbano,0,0,0,0.2997,0.2615,0,0
713-007234-A-0531,1.0,Santa Cruz,Urbano,1,0,0,0.3463,0.444,0,0
713-007234-A-0261,1.0,Santa Cruz,Urbano,0,0,1,0.3578,0.2839,0,0
713-007234-A-0311,1.0,Santa Cruz,Urbano,0,0,1,0.309,0.215,0,0
713-007234-A-0371,3.0,Santa Cruz,Urbano,0,0,1,0.3691,0.2792,0,0
713-007234-A-0421,2.0,Santa Cruz,Urbano,0,0,1,0.4492,0.3338,0,0
712-004290-A-0071,3.0,Santa Cruz,Urbano,0,0,1,0.438,0.4013,0,0
712-004290-A-0051,1.0,Santa Cruz,Urbano,0,0,0,0.3353,0.2275,0,0
712-004290-A-0021,3.0,Santa Cruz,Urbano,0,1,1,0.2991,0.2831,0,0
712-004290-A-0101,1.0,Santa Cruz,Urbano,0,0,1,0.3267,0.2275,0,0
712-004290-A-0241,2.0,Santa Cruz,Urbano,0,0,0,0.4089,0.248,0,0
712-004290-A-0271,1.0,Santa Cruz,Urbano,0,0,0,0.354,0.2663,0,0
712-004290-A-0291,1.0,Santa Cruz,Urbano,1,0,1,0.3707,0.3281,0,0
712-004290-A-0321,3.0,Santa Cruz,Urbano,0,0,1,0.4404,0.3001,0,0
712-004290-A-0161,1.0,Santa Cruz,Urbano,0,0,1,0.3443,0.2376,0,0
712-004290-A-0131,3.0,Santa Cruz,Urbano,0,0,1,0.399,0.2592,0,0
712-004290-A-0211,2.0,Santa Cruz,Urbano,0,0,1,0.44,0.3265,0,0
712-004290-A-0181,3.0,Santa Cruz,Urbano,0,0,0,0.4668,0.3502,0,0
712-004290-A-0341,1.0,Santa Cruz,Urbano,0,0,0,0.3742,0.2697,0,0
712-004290-A-0351,3.0,Santa Cruz,Urbano,0,0,1,0.3834,0.2717,0,0
722-015711-A-0181,1.0,Santa Cruz,Urbano,0,0,0,0.3363,0.3012,0,0
722-015711-A-0101,1.0,Santa Cruz,Urbano,0,0,0,0.3742,0.2487,0,0
722-015711-A-0151,1.0,Santa Cruz,Urbano,0,0,0,0.4115,0.2454,0,0
722-015711-A-0131,1.0,Santa Cruz,Urbano,0,0,0,0.4819,0.2353,0,0
722-015711-A-0061,3.0,Santa Cruz,Urbano,0,0,0,0.4084,0.347,0,0
722-015711-A-0011,2.0,Santa Cruz,Urbano,0,0,1,0.4409,0.361,0,0
722-015711-A-0081,4.0,Santa Cruz,Urbano,0,0,0,0.3942,0.2457,0,0
722-015711-A-0031,1.0,Santa Cruz,Urbano,0,0,0,0.3923,0.3299,0,0
722-015711-A-0251,1.0,Santa Cruz,Urbano,0,0,0,0.3027,0.2027,0,0
722-015711-A-0271,3.0,Santa Cruz,Urbano,0,0,0,0.3565,0.261,0,0
722-015711-A-0201,1.0,Santa Cruz,Urbano,0,0,0,0.3968,0.2261,0,0
722-015711-A-0231,1.0,Santa Cruz,Urbano,0,1,0,0.3477,0.2257,0,0
722-019369-A-0291,4.0,Santa Cruz,Urbano,0,0,0,0.3913,0.2618,0,0
722-019369-A-0411,1.0,Santa Cruz,Urbano,0,0,1,0.536,0.4151,1,0
722-019369-A-0471,1.0,Santa Cruz,Urbano,0,0,1,0.4351,0.387,0,0
722-019369-A-0351,3.0,Santa Cruz,Urbano,0,0,0,0.415,0.275,0,0
722-019369-A-0231,4.0,Santa Cruz,Urbano,0,0,1,0.4411,0.2565,0,0
722-019369-A-0711,3.0,Santa Cruz,Urbano,0,0,1,0.526,0.1908,1,0
722-019369-A-0171,1.0,Santa Cruz,Urbano,0,0,0,0.2703,0.2012,0,0
722-019369-A-0111,3.0,Santa Cruz,Urbano,0,0,0,0.5007,0.2306,1,0
722-019369-A-0051,2.0,Santa Cruz,Urbano,0,0,0,0.3798,0.3112,0,0
722-019369-A-0531,1.0,Santa Cruz,Urbano,1,1,1,0.3831,0.4568,0,0
722-019369-A-0591,1.0,Santa Cruz,Urbano,0,0,0,0.3702,0.3217,0,0
722-019369-A-0651,3.0,Santa Cruz,Urbano,0,0,1,0.5366,0.3427,1,0
744-021119-A-0141,1.0,Santa Cruz,Rural,0,0,0,0.4321,0.2388,0,0
744-021119-A-0161,3.0,Santa Cruz,Rural,0,0,0,0.4199,0.2784,0,0
744-021119-A-0101,3.0,Santa Cruz,Rural,0,0,1,0.3403,0.2541,0,0
744-021119-A-0121,1.0,Santa Cruz,Rural,0,0,0,0.2688,0.3019,0,0
744-021119-A-0011,1.0,Santa Cruz,Rural,0,0,0,0.3491,0.2479,0,0
744-021119-A-0041,1.0,Santa Cruz,Rural,1,1,1,0.3579,0.4587,0,0
744-021119-A-0061,3.0,Santa Cruz,Rural,0,0,0,0.2451,0.2702,0,0
744-021119-A-0081,1.0,Santa Cruz,Rural,0,0,0,0.3595,0.2422,0,0
744-021119-A-0181,3.0,Santa Cruz,Rural,0,0,0,0.3502,0.326,0,0
744-021119-A-0241,1.0,Santa Cruz,Rural,0,0,0,0.2208,0.2344,0,0
744-021119-A-0201,4.0,Santa Cruz,Rural,0,0,0,0.314,0.2675,0,0
744-021119-A-0221,1.0,Santa Cruz,Rural,0,0,0,0.2976,0.2405,0,0
723-017549-A-0141,1.0,Santa Cruz,Urbano,0,0,1,0.4357,0.4366,0,0
723-017549-A-0121,3.0,Santa Cruz,Urbano,0,0,1,0.3727,0.3052,0,0
723-017549-A-0081,1.0,Santa Cruz,Urbano,0,0,1,0.3622,0.2847,0,0
723-017549-A-0101,1.0,Santa Cruz,Urbano,0,0,0,0.3117,0.2631,0,0
723-017549-A-0031,1.0,Santa Cruz,Urbano,1,1,1,0.6429,0.4463,1,0
723-017549-A-0061,1.0,Santa Cruz,Urbano,0,0,1,0.4364,0.3384,0,0
723-017549-A-0051,3.0,Santa Cruz,Urbano,0,0,0,0.4635,0.3712,0,0
723-017549-A-0011,1.0,Santa Cruz,Urbano,0,0,1,0.5951,0.3796,1,0
723-017549-A-0211,1.0,Santa Cruz,Urbano,0,0,0,0.2255,0.2335,0,0
723-017549-A-0161,1.0,Santa Cruz,Urbano,0,0,0,0.2282,0.1899,0,0
723-017549-A-0171,1.0,Santa Cruz,Urbano,0,0,0,0.3604,0.2853,0,0
723-017549-A-0191,1.0,Santa Cruz,Urbano,0,0,0,0.3755,0.383,0,0
723-012334-A-0161,3.0,Santa Cruz,Urbano,0,0,0,0.3914,0.2875,0,0
723-012334-A-0131,1.0,Santa Cruz,Urbano,0,0,0,0.377,0.2955,0,0
723-012334-A-0221,1.0,Santa Cruz,Urbano,0,0,0,0.4652,0.2741,0,0
723-012334-A-0191,2.0,Santa Cruz,Urbano,0,0,0,0.4697,0.3127,0,0
723-012334-A-0101,1.0,Santa Cruz,Urbano,0,1,1,0.2926,0.2073,0,0
723-012334-A-0071,1.0,Santa Cruz,Urbano,0,0,0,0.3381,0.2964,0,0
723-012334-A-0041,1.0,Santa Cruz,Urbano,0,0,0,0.4021,0.2491,0,0
723-012334-A-0011,3.0,Santa Cruz,Urbano,0,0,0,0.3181,0.2994,0,0
723-012334-A-0341,3.0,Santa Cruz,Urbano,0,0,0,0.271,0.358,0,0
723-012334-A-0311,1.0,Santa Cruz,Urbano,0,0,0,0.4809,0.3766,0,0
723-012334-A-0251,1.0,Santa Cruz,Urbano,0,0,0,0.3141,0.2718,0,0
723-012334-A-0281,1.0,Santa Cruz,Urbano,0,0,0,0.3264,0.2882,0,0
723-019428-A-0091,3.0,Santa Cruz,Urbano,0,0,0,0.3186,0.3027,0,0
723-019428-A-0121,1.0,Santa Cruz,Urbano,0,0,0,0.2756,0.1832,0,0
723-019428-A-0141,1.0,Santa Cruz,Urbano,0,0,0,0.576,0.4124,1,0
723-019428-A-0011,5.0,Santa Cruz,Urbano,0,0,0,0.3625,0.2281,0,0
723-019428-A-0071,3.0,Santa Cruz,Urbano,0,1,1,0.4011,0.3045,0,0
723-019428-A-0051,1.0,Santa Cruz,Urbano,0,0,0,0.4646,0.3548,0,0
723-019428-A-0031,3.0,Santa Cruz,Urbano,0,0,0,0.4506,0.2925,0,0
723-019428-A-0251,3.0,Santa Cruz,Urbano,0,1,0,0.3964,0.2948,0,0
723-019428-A-0181,1.0,Santa Cruz,Urbano,0,0,0,0.4413,0.3442,0,0
723-019428-A-0201,1.0,Santa Cruz,Urbano,0,1,1,0.3526,0.2901,0,0
723-019428-A-0221,1.0,Santa Cruz,Urbano,0,0,1,0.4128,0.2443,0,0
743-020296-A-0231,1.0,Santa Cruz,Rural,0,0,0,0.3533,0.2447,0,0
743-020296-A-0191,1.0,Santa Cruz,Rural,0,0,0,0.2818,0.1949,0,0
743-020296-A-0261,1.0,Santa Cruz,Rural,0,0,0,0.4894,0.2699,0,0
743-020296-A-0161,1.0,Santa Cruz,Rural,0,0,0,0.3748,0.3087,0,0
743-020296-A-0021,1.0,Santa Cruz,Rural,0,1,1,0.3742,0.2306,0,0
743-020296-A-0051,3.0,Santa Cruz,Rural,1,1,1,0.4466,0.49,0,0
743-020296-A-0091,1.0,Santa Cruz,Rural,0,1,1,0.4706,0.3086,0,0
743-020296-A-0121,3.0,Santa Cruz,Rural,0,0,0,0.3099,0.2544,0,0
743-020296-A-0401,3.0,Santa Cruz,Rural,0,0,1,0.3861,0.2352,0,0
743-020296-A-0291,1.0,Santa Cruz,Rural,0,0,0,0.372,0.2433,0,0
743-020296-A-0331,3.0,Santa Cruz,Rural,0,0,0,0.3112,0.2134,0,0
743-020296-A-0361,1.0,Santa Cruz,Rural,0,0,0,0.4389,0.2874,0,0
744-022007-D-0301,1.0,Santa Cruz,Rural,0,0,0,0.4637,0.2531,0,0
744-022007-D-0191,4.0,Santa Cruz,Rural,0,0,0,0.4638,0.3202,0,0
744-022007-D-0221,3.0,Santa Cruz,Rural,0,0,0,0.6196,0.3083,1,0
744-022007-D-0261,1.0,Santa Cruz,Rural,0,0,0,0.4486,0.2164,0,0
744-022007-D-0151,3.0,Santa Cruz,Rural,1,0,0,0.4571,0.2078,0,0
744-022007-D-0071,1.0,Santa Cruz,Rural,0,0,0,0.497,0.2884,0,0
744-022007-D-0031,1.0,Santa Cruz,Rural,0,0,0,0.4247,0.1747,0,0
744-022007-D-0111,1.0,Santa Cruz,Rural,0,0,0,0.4177,0.2481,0,0
744-022007-D-0421,7.0,Santa Cruz,Rural,0,0,0,0.4881,0.3084,0,0
744-022007-D-0381,3.0,Santa Cruz,Rural,0,0,0,0.428,0.2414,0,0
744-022007-D-0451,7.0,Santa Cruz,Rural,0,0,0,0.5879,0.3565,1,0
744-022007-D-0341,3.0,Santa Cruz,Rural,0,0,1,0.4851,0.3084,0,0
754-021999-D-0711,4.0,Santa Cruz,Rural,0,0,0,0.166,0.2801,0,0
754-021999-D-0521,3.0,Santa Cruz,Rural,0,0,0,0.3646,0.2135,0,0
754-021999-D-0431,3.0,Santa Cruz,Rural,0,0,0,0.2815,0.1753,0,0
754-021999-D-0621,1.0,Santa Cruz,Rural,0,0,1,0.2821,0.21,0,0
754-021999-D-0051,1.0,Santa Cruz,Rural,1,0,1,0.3381,0.5506,0,1
754-021999-D-0151,1.0,Santa Cruz,Rural,1,0,0,0.3792,0.3292,0,0
754-021999-D-0241,1.0,Santa Cruz,Rural,1,0,0,0.2383,0.2235,0,0
754-021999-D-0331,2.0,Santa Cruz,Rural,0,0,0,0.2662,0.2645,0,0
754-021999-D-0991,3.0,Santa Cruz,Rural,0,0,0,0.2915,0.1872,0,0
754-021999-D-1091,3.0,Santa Cruz,Rural,0,0,0,0.3426,0.2732,0,0
754-021999-D-0811,3.0,Santa Cruz,Rural,0,0,0,0.3044,0.1881,0,0
754-021999-D-0901,3.0,Santa Cruz,Rural,0,0,0,0.3393,0.1813,0,0
741-021590-D-0331,3.0,Santa Cruz,Rural,0,1,1,0.2945,0.202,0,0
741-021590-D-0231,1.0,Santa Cruz,Rural,0,0,0,0.5917,0.2933,1,0
741-021590-D-0281,2.0,Santa Cruz,Rural,1,1,1,0.5651,0.5429,1,1
741-021590-D-0481,1.0,Santa Cruz,Rural,0,0,0,0.2731,0.1824,0,0
741-021590-D-0581,1.0,Santa Cruz,Rural,0,0,0,0.5491,0.4075,1,0
741-021590-D-0431,1.0,Santa Cruz,Rural,0,0,0,0.4665,0.4056,0,0
741-021590-D-0131,2.0,Santa Cruz,Rural,0,0,0,0.3066,0.2267,0,0
741-021590-D-0181,3.0,Santa Cruz,Rural,0,0,0,0.3244,0.261,0,0
741-021590-D-0031,7.0,Santa Cruz,Rural,1,0,1,0.6491,0.3512,1,0
741-021590-D-0081,1.0,Santa Cruz,Rural,0,0,0,0.4985,0.3899,0,0
723-017676-A-0101,4.0,Santa Cruz,Urbano,0,1,1,0.3671,0.2768,0,0
723-017676-A-0121,1.0,Santa Cruz,Urbano,0,0,0,0.4771,0.3526,0,0
723-017676-A-0131,1.0,Santa Cruz,Urbano,0,1,1,0.485,0.2831,0,0
723-017676-A-0081,1.0,Santa Cruz,Urbano,0,0,1,0.3205,0.266,0,0
723-017676-A-0011,3.0,Santa Cruz,Urbano,0,0,0,0.3546,0.2711,0,0
723-017676-A-0031,1.0,Santa Cruz,Urbano,0,0,0,0.5195,0.2794,1,0
723-017676-A-0051,1.0,Santa Cruz,Urbano,0,0,0,0.476,0.3527,0,0
723-017676-A-0061,1.0,Santa Cruz,Urbano,0,0,0,0.3867,0.2551,0,0
723-017676-A-0151,1.0,Santa Cruz,Urbano,0,0,1,0.4013,0.2382,0,0
723-017676-A-0171,3.0,Santa Cruz,Urbano,0,0,1,0.3905,0.4177,0,0
723-017676-A-0201,1.0,Santa Cruz,Urbano,0,0,0,0.3445,0.2294,0,0
723-017676-A-0191,3.0,Santa Cruz,Urbano,0,1,1,0.383,0.3445,0,0
724-017891-A-0171,1.0,Santa Cruz,Urbano,0,0,1,0.42,0.2325,0,0
724-017891-A-0191,1.0,Santa Cruz,Urbano,0,0,1,0.3173,0.2265,0,0
724-017891-A-0211,1.0,Santa Cruz,Urbano,0,1,1,0.514,0.3337,1,0
724-017891-A-0221,1.0,Santa Cruz,Urbano,0,1,1,0.4412,0.3902,0,0
724-017891-A-0091,1.0,Santa Cruz,Urbano,0,0,0,0.4335,0.3836,0,0
724-017891-A-0111,1.0,Santa Cruz,Urbano,0,0,1,0.5258,0.4371,1,0
724-017891-A-0131,1.0,Santa Cruz,Urbano,0,0,1,0.5171,0.3696,1,0
724-017891-A-0151,2.0,Santa Cruz,Urbano,0,0,0,0.4692,0.2975,0,0
724-017891-A-0011,1.0,Santa Cruz,Urbano,0,0,0,0.5141,0.382,1,0
724-017891-A-0051,1.0,Santa Cruz,Urbano,0,0,0,0.4769,0.401,0,0
724-017891-A-0031,1.0,Santa Cruz,Urbano,1,1,1,0.5187,0.555,1,1
724-017891-A-0071,2.0,Santa Cruz,Urbano,0,0,0,0.6186,0.3145,1,0
732-019017-A-0201,1.0,Santa Cruz,Urbano,0,0,1,0.6332,0.3889,1,0
732-019017-A-0241,1.0,Santa Cruz,Urbano,0,0,0,0.6123,0.3614,1,0
732-019017-A-0271,1.0,Santa Cruz,Urbano,0,0,0,0.4656,0.3202,0,0
732-019017-A-0171,1.0,Santa Cruz,Urbano,0,0,1,0.4102,0.2551,0,0
732-019017-A-0301,3.0,Santa Cruz,Urbano,0,0,0,0.462,0.2523,0,0
732-019017-A-0331,1.0,Santa Cruz,Urbano,0,0,1,0.6006,0.3351,1,0
732-019017-A-0361,1.0,Santa Cruz,Urbano,0,0,0,0.6829,0.4256,1,0
732-019017-A-0141,1.0,Santa Cruz,Urbano,0,0,1,0.6886,0.4185,1,0
732-019017-A-0011,3.0,Santa Cruz,Urbano,0,0,0,0.5066,0.209,1,0
732-019017-A-0051,2.0,Santa Cruz,Urbano,0,1,1,0.447,0.3411,0,0
732-019017-A-0081,3.0,Santa Cruz,Urbano,0,0,1,0.5616,0.3417,1,0
732-019017-A-0111,4.0,Santa Cruz,Urbano,1,0,1,0.5662,0.5358,1,1
751-023428-D-0011,1.0,Santa Cruz,Rural,0,0,1,0.4841,0.2935,0,0
751-023428-D-0041,1.0,Santa Cruz,Rural,0,0,0,0.4637,0.2747,0,0
751-023428-D-0061,3.0,Santa Cruz,Rural,0,0,0,0.4958,0.2376,0,0
751-023428-D-0091,3.0,Santa Cruz,Rural,0,0,0,0.4668,0.224,0,0
751-023428-D-0111,5.0,Santa Cruz,Rural,0,0,0,0.6236,0.4092,1,0
751-023428-D-0141,1.0,Santa Cruz,Rural,0,0,1,0.4463,0.2541,0,0
751-023428-D-0161,3.0,Santa Cruz,Rural,0,0,1,0.417,0.25,0,0
751-023428-D-0191,1.0,Santa Cruz,Rural,0,0,0,0.5291,0.369,1,0
751-023428-D-0291,1.0,Santa Cruz,Rural,0,0,0,0.3744,0.341,0,0
751-023428-D-0261,1.0,Santa Cruz,Rural,0,0,0,0.7276,0.2678,1,0
751-023428-D-0241,1.0,Santa Cruz,Rural,0,0,1,0.5795,0.3051,1,0
751-023428-D-0211,1.0,Santa Cruz,Rural,1,0,0,0.3971,0.5493,0,1
722-014689-A-0251,1.0,Santa Cruz,Urbano,0,0,0,0.4002,0.2697,0,0
722-014689-A-0311,1.0,Santa Cruz,Urbano,0,0,1,0.4628,0.3353,0,0
722-014689-A-0371,1.0,Santa Cruz,Urbano,0,0,0,0.4413,0.2557,0,0
722-014689-A-0431,1.0,Santa Cruz,Urbano,0,0,0,0.4133,0.4162,0,0
722-014689-A-0491,1.0,Santa Cruz,Urbano,0,0,0,0.5626,0.3502,1,0
722-014689-A-0611,1.0,Santa Cruz,Urbano,0,0,0,0.4483,0.4144,0,0
722-014689-A-0551,1.0,Santa Cruz,Urbano,0,0,0,0.5844,0.3709,1,0
722-014689-A-0671,1.0,Santa Cruz,Urbano,0,0,0,0.5614,0.3625,1,0
722-014689-A-0011,1.0,Santa Cruz,Urbano,0,0,0,0.2604,0.1836,0,0
722-014689-A-0071,6.0,Santa Cruz,Urbano,0,0,0,0.3985,0.2831,0,0
722-014689-A-0131,1.0,Santa Cruz,Urbano,0,0,0,0.478,0.2785,0,0
722-014689-A-0191,1.0,Santa Cruz,Urbano,0,0,1,0.436,0.2293,0,0
723-014755-A-0131,1.0,Santa Cruz,Urbano,0,0,1,0.347,0.1798,0,0
723-014755-A-0161,1.0,Santa Cruz,Urbano,0,0,1,0.3476,0.3307,0,0
723-014755-A-0191,1.0,Santa Cruz,Urbano,0,0,1,0.5039,0.4178,1,0
723-014755-A-0221,1.0,Santa Cruz,Urbano,0,0,0,0.3323,0.301,0,0
723-014755-A-0011,4.0,Santa Cruz,Urbano,0,0,0,0.3766,0.3652,0,0
723-014755-A-0041,1.0,Santa Cruz,Urbano,0,0,0,0.3176,0.1865,0,0
723-014755-A-0071,3.0,Santa Cruz,Urbano,0,0,1,0.3556,0.3225,0,0
723-014755-A-0101,2.0,Santa Cruz,Urbano,0,0,1,0.4614,0.3007,0,0
723-014755-A-0311,1.0,Santa Cruz,Urbano,1,1,0,0.5217,0.5988,1,1
723-014755-A-0341,2.0,Santa Cruz,Urbano,0,0,0,0.4309,0.3681,0,0
723-014755-A-0281,4.0,Santa Cruz,Urbano,0,0,1,0.4076,0.3709,0,0
723-014755-A-0251,1.0,Santa Cruz,Urbano,0,0,1,0.4236,0.2483,0,0
721-014617-A-0091,1.0,Santa Cruz,Urbano,0,1,0,0.692,0.4532,1,0
721-014617-A-0111,3.0,Santa Cruz,Urbano,0,0,1,0.5455,0.3765,1,0
721-014617-A-0131,1.0,Santa Cruz,Urbano,0,0,0,0.6757,0.4773,1,0
721-014617-A-0151,3.0,Santa Cruz,Urbano,0,0,0,0.447,0.3175,0,0
721-014617-A-0011,1.0,Santa Cruz,Urbano,0,0,1,0.5325,0.4138,1,0
721-014617-A-0031,1.0,Santa Cruz,Urbano,0,0,1,0.6716,0.4621,1,0
721-014617-A-0051,1.0,Santa Cruz,Urbano,0,0,0,0.5436,0.3381,1,0
721-014617-A-0071,1.0,Santa Cruz,Urbano,0,0,1,0.5748,0.286,1,0
721-014617-A-0211,3.0,Santa Cruz,Urbano,0,0,0,0.5164,0.32,1,0
721-014617-A-0231,2.0,Santa Cruz,Urbano,0,0,1,0.5568,0.3169,1,0
721-014617-A-0191,3.0,Santa Cruz,Urbano,0,0,1,0.4141,0.254,0,0
721-014617-A-0171,1.0,Santa Cruz,Urbano,0,0,1,0.5354,0.2969,1,0
732-014831-A-0091,5.0,Santa Cruz,Urbano,0,0,0,0.4511,0.2154,0,0
732-014831-A-0121,1.0,Santa Cruz,Urbano,0,0,0,0.6106,0.4116,1,0
732-014831-A-0161,1.0,Santa Cruz,Urbano,0,0,0,0.4789,0.3698,0,0
732-014831-A-0181,1.0,Santa Cruz,Urbano,0,0,0,0.4408,0.2923,0,0
732-014831-A-0201,1.0,Santa Cruz,Urbano,1,1,0,0.5174,0.581,1,1
732-014831-A-0221,1.0,Santa Cruz,Urbano,0,0,0,0.5993,0.3003,1,0
732-014831-A-0251,2.0,Santa Cruz,Urbano,0,0,0,0.6464,0.3932,1,0
732-014831-A-0011,1.0,Santa Cruz,Urbano,1,1,0,0.4667,0.5047,0,1
732-014831-A-0031,1.0,Santa Cruz,Urbano,0,0,0,0.2897,0.2016,0,0
732-014831-A-0051,1.0,Santa Cruz,Urbano,1,1,0,0.3493,0.4924,0,0
732-014831-A-0071,1.0,Santa Cruz,Urbano,0,0,0,0.3047,0.2553,0,0
722-014193-A-0181,1.0,Santa Cruz,Urbano,1,1,1,0.4594,0.2891,0,0
722-014193-A-0031,2.0,Santa Cruz,Urbano,0,0,0,0.3318,0.3063,0,0
722-014193-A-0131,1.0,Santa Cruz,Urbano,0,0,0,0.4725,0.3571,0,0
722-014193-A-0081,1.0,Santa Cruz,Urbano,0,0,1,0.325,0.2453,0,0
722-014193-A-0271,1.0,Santa Cruz,Urbano,0,1,0,0.2889,0.2236,0,0
722-014193-A-0371,1.0,Santa Cruz,Urbano,0,1,0,0.3139,0.2266,0,0
722-014193-A-0321,1.0,Santa Cruz,Urbano,0,1,0,0.3633,0.2649,0,0
722-014193-A-0221,1.0,Santa Cruz,Urbano,0,0,0,0.4579,0.3322,0,0
722-014193-A-0471,3.0,Santa Cruz,Urbano,0,0,1,0.3731,0.2648,0,0
722-014193-A-0511,3.0,Santa Cruz,Urbano,0,0,1,0.4175,0.2803,0,0
722-014193-A-0561,5.0,Santa Cruz,Urbano,0,0,1,0.5192,0.2703,1,0
721-016991-A-0011,3.0,Santa Cruz,Urbano,0,0,1,0.3627,0.3824,0,0
721-016991-A-0041,3.0,Santa Cruz,Urbano,0,0,1,0.3489,0.3616,0,0
721-016991-A-0091,1.0,Santa Cruz,Urbano,0,0,1,0.5331,0.4715,1,0
721-016991-A-0111,3.0,Santa Cruz,Urbano,1,1,0,0.351,0.3703,0,0
721-016991-A-0141,1.0,Santa Cruz,Urbano,0,0,0,0.3335,0.2448,0,0
721-016991-A-0161,3.0,Santa Cruz,Urbano,0,0,1,0.3145,0.2954,0,0
721-016991-A-0191,1.0,Santa Cruz,Urbano,1,1,0,0.2972,0.3336,0,0
721-016991-A-0211,3.0,Santa Cruz,Urbano,0,0,1,0.3345,0.2291,0,0
721-016991-A-0241,2.0,Santa Cruz,Urbano,0,0,1,0.4192,0.3116,0,0
721-016991-A-0261,2.0,Santa Cruz,Urbano,0,1,1,0.604,0.3029,1,0
721-016991-A-0291,1.0,Santa Cruz,Urbano,0,1,1,0.6296,0.3295,1,0
731-018410-A-0011,1.0,Santa Cruz,Urbano,0,0,0,0.5907,0.4006,1,0
731-018410-A-0021,1.0,Santa Cruz,Urbano,0,0,1,0.7071,0.5995,1,1
731-018410-A-0041,1.0,Santa Cruz,Urbano,0,0,1,0.5411,0.3652,1,0
731-018410-A-0061,1.0,Santa Cruz,Urbano,0,1,1,0.4366,0.2539,0,0
731-018410-A-0071,2.0,Santa Cruz,Urbano,0,0,1,0.4616,0.2888,0,0
731-018410-A-0091,1.0,Santa Cruz,Urbano,0,0,0,0.3205,0.2687,0,0
731-018410-A-0101,1.0,Santa Cruz,Urbano,0,0,0,0.3277,0.2142,0,0
731-018410-A-0121,1.0,Santa Cruz,Urbano,0,0,0,0.2981,0.2374,0,0
731-018410-A-0151,2.0,Santa Cruz,Urbano,0,0,0,0.3549,0.23,0,0
731-018410-A-0181,1.0,Santa Cruz,Urbano,0,1,0,0.4344,0.3849,0,0
731-018410-A-0171,1.0,Santa Cruz,Urbano,0,0,0,0.2906,0.2273,0,0
731-018410-A-0131,2.0,Santa Cruz,Urbano,0,1,1,0.3575,0.2979,0,0
742-023019-D-0111,2.0,Santa Cruz,Rural,0,0,0,0.3637,0.2152,0,0
742-023019-D-0691,4.0,Santa Cruz,Rural,0,0,0,0.3504,0.2378,0,0
742-023019-D-0181,4.0,Santa Cruz,Rural,0,0,0,0.3164,0.3002,0,0
742-023019-D-0241,2.0,Santa Cruz,Rural,0,0,1,0.425,0.2079,0,0
742-023019-D-0311,2.0,Santa Cruz,Rural,0,0,1,0.3176,0.2,0,0
742-023019-D-0371,2.0,Santa Cruz,Rural,0,0,0,0.3622,0.258,0,0
742-023019-D-0761,1.0,Santa Cruz,Rural,0,0,1,0.4186,0.229,0,0
742-023019-D-0561,3.0,Santa Cruz,Rural,0,0,1,0.2892,0.255,0,0
742-023019-D-0631,2.0,Santa Cruz,Rural,0,0,0,0.3569,0.2987,0,0
742-023019-D-0501,1.0,Santa Cruz,Rural,1,0,0,0.2388,0.199,0,0
742-023019-D-0441,2.0,Santa Cruz,Rural,0,0,0,0.4255,0.2166,0,0
751-023647-D-0061,3.0,Santa Cruz,Rural,0,0,0,0.2901,0.2017,0,0
751-023647-D-0011,2.0,Santa Cruz,Rural,0,0,0,0.3967,0.3681,0,0
751-023647-D-0021,1.0,Santa Cruz,Rural,0,0,1,0.5761,0.4482,1,0
751-023647-D-0041,2.0,Santa Cruz,Rural,0,0,0,0.2568,0.2262,0,0
751-023647-D-0091,1.0,Santa Cruz,Rural,0,0,0,0.3028,0.2244,0,0
751-023647-D-0071,1.0,Santa Cruz,Rural,0,1,0,0.5123,0.2921,1,0
751-023647-D-0121,1.0,Santa Cruz,Rural,1,0,0,0.5091,0.5866,1,1
751-023647-D-0101,3.0,Santa Cruz,Rural,0,0,0,0.2796,0.228,0,0
751-023647-D-0171,1.0,Santa Cruz,Rural,1,0,0,0.5619,0.4781,1,0
751-023647-D-0181,3.0,Santa Cruz,Rural,0,0,0,0.2457,0.1907,0,0
751-023647-D-0151,1.0,Santa Cruz,Rural,0,0,1,0.5254,0.3851,1,0
751-023647-D-0131,3.0,Santa Cruz,Rural,1,0,0,0.4098,0.5902,0,1
752-023158-D-0121,1.0,Santa Cruz,Rural,0,0,0,0.5549,0.3768,1,0
752-023158-D-0061,1.0,Santa Cruz,Rural,0,0,0,0.4629,0.3088,0,0
752-023158-D-0071,1.0,Santa Cruz,Rural,1,1,0,0.574,0.6417,1,1
752-023158-D-0081,1.0,Santa Cruz,Rural,0,0,0,0.4442,0.3123,0,0
752-023158-D-0091,1.0,Santa Cruz,Rural,0,0,0,0.5719,0.4373,1,0
752-023158-D-0111,1.0,Santa Cruz,Rural,0,0,1,0.3098,0.3318,0,0
752-023158-D-0131,1.0,Santa Cruz,Rural,1,1,0,0.3241,0.5621,0,1
752-023158-D-0141,1.0,Santa Cruz,Rural,0,0,0,0.244,0.2126,0,0
752-023158-D-0011,1.0,Santa Cruz,Rural,0,1,0,0.2555,0.2677,0,0
752-023158-D-0021,1.0,Santa Cruz,Rural,0,1,0,0.2626,0.1538,0,0
752-023158-D-0031,1.0,Santa Cruz,Rural,0,0,1,0.5015,0.4039,1,0
752-023158-D-0041,1.0,Santa Cruz,Rural,0,0,0,0.3653,0.3223,0,0
744-023178-D-0271,1.0,Santa Cruz,Rural,1,0,0,0.5535,0.3746,1,0
744-023178-D-0121,3.0,Santa Cruz,Rural,0,1,0,0.313,0.3112,0,0
744-023178-D-0191,2.0,Santa Cruz,Rural,1,0,0,0.6809,0.4567,1,0
744-023178-D-0341,1.0,Santa Cruz,Rural,0,1,0,0.6792,0.5118,1,1
744-023178-D-0421,1.0,Santa Cruz,Rural,0,0,0,0.4499,0.2995,0,0
744-023178-D-0491,1.0,Santa Cruz,Rural,0,0,1,0.4291,0.2559,0,0
744-023178-D-0571,1.0,Santa Cruz,Rural,1,1,0,0.3392,0.4816,0,0
744-023178-D-0651,1.0,Santa Cruz,Rural,0,1,0,0.4442,0.262,0,0
744-023178-D-0721,4.0,Santa Cruz,Rural,0,0,0,0.2616,0.3082,0,0
744-023178-D-0801,1.0,Santa Cruz,Rural,0,0,0,0.6041,0.3192,1,0
744-023178-D-0871,1.0,Santa Cruz,Rural,0,0,0,0.4569,0.2603,0,0
732-018914-A-0011,1.0,Santa Cruz,Urbano,0,0,1,0.5057,0.4059,1,0
732-018914-A-0041,1.0,Santa Cruz,Urbano,0,0,0,0.2907,0.2913,0,0
732-018914-A-0061,1.0,Santa Cruz,Urbano,0,0,0,0.6123,0.3898,1,0
732-018914-A-0091,1.0,Santa Cruz,Urbano,0,0,0,0.3909,0.2813,0,0
732-018914-A-0111,1.0,Santa Cruz,Urbano,0,0,0,0.3642,0.2529,0,0
732-018914-A-0141,3.0,Santa Cruz,Urbano,0,0,0,0.3544,0.3441,0,0
732-018914-A-0161,1.0,Santa Cruz,Urbano,0,0,0,0.3037,0.3391,0,0
732-018914-A-0191,3.0,Santa Cruz,Urbano,1,1,1,0.6505,0.6022,1,1
732-018914-A-0211,1.0,Santa Cruz,Urbano,0,0,0,0.627,0.4469,1,0
732-018914-A-0241,1.0,Santa Cruz,Urbano,0,0,1,0.49,0.4269,0,0
732-018914-A-0261,1.0,Santa Cruz,Urbano,0,0,1,0.3673,0.2614,0,0
732-018914-A-0291,2.0,Santa Cruz,Urbano,1,0,1,0.6479,0.4855,1,0
743-020984-A-0021,3.0,Santa Cruz,Rural,0,0,0,0.3242,0.2579,0,0
743-020984-A-0011,1.0,Santa Cruz,Rural,1,0,1,0.3396,0.4838,0,0
743-020984-A-0031,2.0,Santa Cruz,Rural,1,1,1,0.6777,0.6845,1,1
743-020984-A-0041,1.0,Santa Cruz,Rural,0,1,0,0.4369,0.282,0,0
743-020984-A-0051,1.0,Santa Cruz,Rural,0,0,0,0.3827,0.2052,0,0
743-020984-A-0071,1.0,Santa Cruz,Rural,0,0,0,0.4246,0.2747,0,0
743-020984-A-0081,3.0,Santa Cruz,Rural,1,0,0,0.2885,0.4128,0,0
743-020984-A-0061,1.0,Santa Cruz,Rural,0,0,0,0.4147,0.3598,0,0
743-020984-A-0101,1.0,Santa Cruz,Rural,0,0,0,0.3885,0.3926,0,0
743-020984-A-0091,1.0,Santa Cruz,Rural,1,0,0,0.2361,0.4247,0,0
743-020984-A-0121,1.0,Santa Cruz,Rural,0,0,1,0.462,0.3649,0,0
743-020984-A-0111,2.0,Santa Cruz,Rural,0,0,0,0.4528,0.3107,0,0
723-012979-A-0081,3.0,Santa Cruz,Urbano,0,0,0,0.3368,0.3433,0,0
723-012979-A-0071,1.0,Santa Cruz,Urbano,0,0,0,0.2897,0.2261,0,0
723-012979-A-0101,3.0,Santa Cruz,Urbano,0,0,0,0.2968,0.3677,0,0
723-012979-A-0111,1.0,Santa Cruz,Urbano,0,1,0,0.512,0.4089,1,0
723-012979-A-0131,1.0,Santa Cruz,Urbano,1,0,1,0.4175,0.4018,0,0
723-012979-A-0141,1.0,Santa Cruz,Urbano,0,0,1,0.3144,0.1717,0,0
723-012979-A-0161,1.0,Santa Cruz,Urbano,1,1,0,0.3891,0.4239,0,0
723-012979-A-0171,1.0,Santa Cruz,Urbano,0,0,1,0.3636,0.2155,0,0
723-012979-A-0011,1.0,Santa Cruz,Urbano,0,0,0,0.3418,0.243,0,0
723-012979-A-0021,1.0,Santa Cruz,Urbano,0,0,0,0.5721,0.2551,1,0
723-012979-A-0041,3.0,Santa Cruz,Urbano,0,0,0,0.3717,0.2952,0,0
723-012979-A-0051,1.0,Santa Cruz,Urbano,0,0,0,0.4255,0.2438,0,0
753-022819-D-0091,1.0,Santa Cruz,Rural,0,0,0,0.4443,0.3151,0,0
753-022819-D-0111,1.0,Santa Cruz,Rural,0,0,1,0.3316,0.1866,0,0
753-022819-D-0131,1.0,Santa Cruz,Rural,0,0,0,0.4699,0.359,0,0
753-022819-D-0171,1.0,Santa Cruz,Rural,0,1,0,0.2815,0.2724,0,0
753-022819-D-0011,1.0,Santa Cruz,Rural,0,1,0,0.2774,0.2101,0,0
753-022819-D-0031,2.0,Santa Cruz,Rural,0,0,0,0.3487,0.2603,0,0
753-022819-D-0051,1.0,Santa Cruz,Rural,0,0,0,0.4335,0.3202,0,0
753-022819-D-0071,4.0,Santa Cruz,Rural,0,1,0,0.383,0.2897,0,0
753-022819-D-0151,1.0,Santa Cruz,Rural,0,0,1,0.5447,0.2782,1,0
753-022819-D-0191,1.0,Santa Cruz,Rural,0,0,1,0.4173,0.2333,0,0
753-022819-D-0211,1.0,Santa Cruz,Rural,0,0,0,0.3152,0.2734,0,0
753-022819-D-0231,1.0,Santa Cruz,Rural,0,0,1,0.4619,0.3308,0,0
722-012694-A-0201,1.0,Santa Cruz,Urbano,0,0,0,0.3005,0.2226,0,0
722-012694-A-0251,3.0,Santa Cruz,Urbano,0,0,0,0.3698,0.4173,0,0
722-012694-A-0291,1.0,Santa Cruz,Urbano,1,0,1,0.3996,0.4877,0,0
722-012694-A-0341,1.0,Santa Cruz,Urbano,0,0,0,0.4768,0.2826,0,0
722-012694-A-0481,1.0,Santa Cruz,Urbano,0,0,0,0.512,0.3147,1,0
722-012694-A-0431,3.0,Santa Cruz,Urbano,0,0,1,0.4384,0.2933,0,0
722-012694-A-0391,1.0,Santa Cruz,Urbano,0,0,1,0.3525,0.2407,0,0
722-012694-A-0531,1.0,Santa Cruz,Urbano,1,1,1,0.5442,0.5146,1,1
722-012694-A-0011,1.0,Santa Cruz,Urbano,0,0,0,0.5015,0.403,1,0
722-012694-A-0061,1.0,Santa Cruz,Urbano,1,0,1,0.4558,0.349,0,0
722-012694-A-0111,1.0,Santa Cruz,Urbano,0,0,0,0.4235,0.2117,0,0
722-012694-A-0151,1.0,Santa Cruz,Urbano,0,0,0,0.4453,0.3154,0,0
744-020611-A-0051,1.0,Santa Cruz,Rural,1,0,1,0.2288,0.4225,0,0
744-020611-A-0061,1.0,Santa Cruz,Rural,0,0,0,0.1482,0.2823,0,0
744-020611-A-0081,1.0,Santa Cruz,Rural,0,0,0,0.1768,0.2603,0,0
744-020611-A-0091,1.0,Santa Cruz,Rural,0,0,0,0.239,0.3073,0,0
744-020611-A-0121,1.0,Santa Cruz,Rural,0,0,0,0.2811,0.3241,0,0
744-020611-A-0131,1.0,Santa Cruz,Rural,0,1,0,0.2166,0.2799,0,0
744-020611-A-0111,1.0,Santa Cruz,Rural,0,1,0,0.231,0.2497,0,0
744-020611-A-0101,1.0,Santa Cruz,Rural,0,0,0,0.2486,0.2463,0,0
744-020611-A-0011,1.0,Santa Cruz,Rural,0,0,0,0.2549,0.272,0,0
744-020611-A-0021,1.0,Santa Cruz,Rural,0,0,0,0.2803,0.2417,0,0
744-020611-A-0031,1.0,Santa Cruz,Rural,0,0,0,0.2817,0.3127,0,0
744-020611-A-0041,1.0,Santa Cruz,Rural,0,0,0,0.5181,0.3041,1,0
732-016720-A-0061,3.0,Santa Cruz,Urbano,0,0,0,0.4056,0.2854,0,0
732-016720-A-0071,1.0,Santa Cruz,Urbano,0,0,0,0.5221,0.406,1,0
732-016720-A-0091,1.0,Santa Cruz,Urbano,0,0,0,0.439,0.3047,0,0
732-016720-A-0101,1.0,Santa Cruz,Urbano,0,0,0,0.4219,0.3769,0,0
732-016720-A-0131,1.0,Santa Cruz,Urbano,1,1,0,0.4472,0.4469,0,0
732-016720-A-0111,1.0,Santa Cruz,Urbano,0,0,1,0.5264,0.4326,1,0
732-016720-A-0141,1.0,Santa Cruz,Urbano,1,0,1,0.6951,0.7123,1,1
732-016720-A-0151,1.0,Santa Cruz,Urbano,0,0,1,0.4144,0.258,0,0
732-016720-A-0051,1.0,Santa Cruz,Urbano,0,0,0,0.5448,0.3606,1,0
732-016720-A-0031,1.0,Santa Cruz,Urbano,0,0,0,0.5634,0.3336,1,0
732-016720-A-0021,1.0,Santa Cruz,Urbano,0,0,0,0.5377,0.3364,1,0
732-016720-A-0011,1.0,Santa Cruz,Urbano,0,0,1,0.5444,0.338,1,0
744-019953-A-0071,1.0,Santa Cruz,Rural,0,1,1,0.4118,0.3524,0,0
744-019953-A-0081,1.0,Santa Cruz,Rural,0,1,0,0.4327,0.3563,0,0
744-019953-A-0101,1.0,Santa Cruz,Rural,0,0,0,0.2966,0.2181,0,0
744-019953-A-0111,3.0,Santa Cruz,Rural,0,0,0,0.2343,0.1852,0,0
744-019953-A-0161,1.0,Santa Cruz,Rural,0,0,1,0.3518,0.2944,0,0
744-019953-A-0141,1.0,Santa Cruz,Rural,0,1,0,0.2281,0.2172,0,0
744-019953-A-0131,3.0,Santa Cruz,Rural,0,0,0,0.1859,0.2767,0,0
744-019953-A-0171,1.0,Santa Cruz,Rural,0,1,1,0.251,0.2265,0,0
744-019953-A-0021,3.0,Santa Cruz,Rural,0,0,0,0.2487,0.1904,0,0
744-019953-A-0041,3.0,Santa Cruz,Rural,0,0,0,0.2795,0.2081,0,0
744-019953-A-0051,1.0,Santa Cruz,Rural,0,0,0,0.3525,0.2439,0,0
744-019953-A-0011,1.0,Santa Cruz,Rural,0,0,0,0.531,0.3266,1,0
731-013229-A-0091,1.0,Santa Cruz,Urbano,1,1,1,0.5041,0.5388,1,1
731-013229-A-0101,1.0,Santa Cruz,Urbano,0,0,0,0.4645,0.2712,0,0
731-013229-A-0121,1.0,Santa Cruz,Urbano,0,0,0,0.4435,0.3196,0,0
731-013229-A-0071,1.0,Santa Cruz,Urbano,0,0,0,0.5076,0.2407,1,0
731-013229-A-0181,1.0,Santa Cruz,Urbano,1,0,1,0.6928,0.5921,1,1
731-013229-A-0131,1.0,Santa Cruz,Urbano,0,0,1,0.3841,0.1734,0,0
731-013229-A-0151,3.0,Santa Cruz,Urbano,1,0,1,0.5562,0.5713,1,1
731-013229-A-0171,1.0,Santa Cruz,Urbano,0,0,0,0.4881,0.2086,0,0
731-013229-A-0011,1.0,Santa Cruz,Urbano,0,0,0,0.2902,0.2495,0,0
731-013229-A-0021,1.0,Santa Cruz,Urbano,0,0,0,0.281,0.1699,0,0
731-013229-A-0041,1.0,Santa Cruz,Urbano,0,0,0,0.5013,0.3053,1,0
731-013229-A-0061,1.0,Santa Cruz,Urbano,0,0,0,0.3775,0.3592,0,0
743-021180-D-0101,1.0,Santa Cruz,Rural,1,1,0,0.2378,0.4164,0,0
743-021180-D-0121,3.0,Santa Cruz,Rural,0,0,0,0.2922,0.2251,0,0
743-021180-D-0141,1.0,Santa Cruz,Rural,0,0,1,0.3538,0.2102,0,0
743-021180-D-0171,3.0,Santa Cruz,Rural,0,0,0,0.2939,0.2463,0,0
743-021180-D-0191,1.0,Santa Cruz,Rural,0,1,1,0.3777,0.271,0,0
743-021180-D-0211,1.0,Santa Cruz,Rural,0,1,1,0.35,0.2462,0,0
743-021180-D-0231,1.0,Santa Cruz,Rural,1,1,1,0.3176,0.4258,0,0
743-021180-D-0261,4.0,Santa Cruz,Rural,1,1,1,0.3586,0.515,0,1
743-021180-D-0011,1.0,Santa Cruz,Rural,0,0,0,0.3704,0.2757,0,0
743-021180-D-0031,1.0,Santa Cruz,Rural,0,0,0,0.3429,0.2607,0,0
743-021180-D-0051,3.0,Santa Cruz,Rural,0,0,0,0.3736,0.2761,0,0
743-021180-D-0081,1.0,Santa Cruz,Rural,0,0,0,0.4196,0.3598,0,0
733-014580-A-0091,1.0,Santa Cruz,Urbano,0,0,0,0.3196,0.201,0,0
733-014580-A-0051,1.0,Santa Cruz,Urbano,0,0,0,0.3187,0.2044,0,0
733-014580-A-0061,1.0,Santa Cruz,Urbano,0,1,1,0.306,0.3023,0,0
733-014580-A-0081,1.0,Santa Cruz,Urbano,0,0,1,0.331,0.2251,0,0
733-014580-A-0101,1.0,Santa Cruz,Urbano,0,0,1,0.299,0.1978,0,0
733-014580-A-0121,1.0,Santa Cruz,Urbano,1,1,1,0.3391,0.444,0,0
733-014580-A-0111,1.0,Santa Cruz,Urbano,0,0,1,0.4825,0.4062,0,0
733-014580-A-0131,1.0,Santa Cruz,Urbano,0,1,1,0.4382,0.375,0,0
733-014580-A-0031,1.0,Santa Cruz,Urbano,0,0,0,0.3323,0.2798,0,0
733-014580-A-0041,1.0,Santa Cruz,Urbano,0,0,0,0.322,0.2165,0,0
733-014580-A-0021,1.0,Santa Cruz,Urbano,0,0,0,0.3276,0.2653,0,0
733-014580-A-0011,1.0,Santa Cruz,Urbano,0,0,0,0.3844,0.3135,0,0
732-016028-A-0151,3.0,Santa Cruz,Urbano,1,1,0,0.46,0.5189,0,1
732-016028-A-0161,1.0,Santa Cruz,Urbano,0,0,0,0.5267,0.3844,1,0
732-016028-A-0011,1.0,Santa Cruz,Urbano,0,0,0,0.4307,0.3154,0,0
732-016028-A-0021,1.0,Santa Cruz,Urbano,0,0,0,0.3762,0.2587,0,0
732-016028-A-0031,1.0,Santa Cruz,Urbano,0,0,0,0.3138,0.2246,0,0
732-016028-A-0051,3.0,Santa Cruz,Urbano,0,0,0,0.2838,0.2302,0,0
732-016028-A-0061,3.0,Santa Cruz,Urbano,0,0,1,0.4883,0.3492,0,0
732-016028-A-0081,1.0,Santa Cruz,Urbano,0,1,1,0.3965,0.2609,0,0
732-016028-A-0091,3.0,Santa Cruz,Urbano,0,0,1,0.358,0.3328,0,0
732-016028-A-0101,1.0,Santa Cruz,Urbano,0,0,0,0.421,0.3457,0,0
732-016028-A-0121,1.0,Santa Cruz,Urbano,0,0,0,0.6871,0.4609,1,0
732-016028-A-0131,1.0,Santa Cruz,Urbano,0,0,0,0.3649,0.2143,0,0
733-016046-A-0261,1.0,Santa Cruz,Urbano,0,1,0,0.4939,0.3604,0,0
733-016046-A-0291,1.0,Santa Cruz,Urbano,0,0,0,0.3687,0.3042,0,0
733-016046-A-0211,1.0,Santa Cruz,Urbano,0,0,0,0.4252,0.2825,0,0
733-016046-A-0141,2.0,Santa Cruz,Urbano,0,0,0,0.3488,0.3017,0,0
733-016046-A-0161,2.0,Santa Cruz,Urbano,0,0,0,0.4714,0.3429,0,0
733-016046-A-0191,1.0,Santa Cruz,Urbano,0,0,0,0.4371,0.3885,0,0
733-016046-A-0111,2.0,Santa Cruz,Urbano,0,0,0,0.4909,0.3307,0,0
733-016046-A-0011,1.0,Santa Cruz,Urbano,0,0,0,0.6293,0.3925,1,0
733-016046-A-0041,1.0,Santa Cruz,Urbano,0,0,0,0.3845,0.2048,0,0
733-016046-A-0061,1.0,Santa Cruz,Urbano,0,0,0,0.4334,0.2536,0,0
733-016046-A-0091,1.0,Santa Cruz,Urbano,0,0,0,0.5665,0.3953,1,0
733-016046-A-0241,1.0,Santa Cruz,Urbano,0,0,1,0.3765,0.3608,0,0
721-013299-A-0071,1.0,Santa Cruz,Urbano,0,0,0,0.3546,0.2011,0,0
721-013299-A-0061,3.0,Santa Cruz,Urbano,0,0,0,0.5148,0.2604,1,0
721-013299-A-0011,1.0,Santa Cruz,Urbano,0,0,0,0.4863,0.2611,0,0
721-013299-A-0021,1.0,Santa Cruz,Urbano,0,0,0,0.4717,0.2903,0,0
721-013299-A-0031,3.0,Santa Cruz,Urbano,0,0,0,0.3175,0.2488,0,0
721-013299-A-0041,2.0,Santa Cruz,Urbano,0,0,0,0.5352,0.3096,1,0
721-013299-A-0051,3.0,Santa Cruz,Urbano,0,0,0,0.408,0.3135,0,0
721-013299-A-0101,3.0,Santa Cruz,Urbano,0,0,1,0.367,0.297,0,0
721-013299-A-0081,3.0,Santa Cruz,Urbano,0,0,1,0.5076,0.2985,1,0
721-013299-A-0091,3.0,Santa Cruz,Urbano,0,0,0,0.3602,0.3162,0,0
721-013299-A-0111,1.0,Santa Cruz,Urbano,0,0,0,0.3554,0.2787,0,0
721-013299-A-0121,3.0,Santa Cruz,Urbano,0,0,1,0.2826,0.2986,0,0
722-017252-A-0091,3.0,Santa Cruz,Urbano,1,0,1,0.4157,0.4331,0,0
722-017252-A-0161,3.0,Santa Cruz,Urbano,0,0,0,0.3823,0.3788,0,0
722-017252-A-0141,2.0,Santa Cruz,Urbano,0,0,1,0.4672,0.3149,0,0
722-017252-A-0181,3.0,Santa Cruz,Urbano,0,0,1,0.3744,0.2507,0,0
722-017252-A-0201,1.0,Santa Cruz,Urbano,0,0,0,0.4274,0.3618,0,0
722-017252-A-0221,1.0,Santa Cruz,Urbano,0,0,0,0.4296,0.247,0,0
722-017252-A-0251,2.0,Santa Cruz,Urbano,0,0,1,0.5121,0.3616,1,0
722-017252-A-0011,3.0,Santa Cruz,Urbano,0,0,1,0.5473,0.4136,1,0
722-017252-A-0031,1.0,Santa Cruz,Urbano,0,0,0,0.3945,0.2792,0,0
722-017252-A-0051,1.0,Santa Cruz,Urbano,0,1,1,0.4498,0.3568,0,0
722-017252-A-0071,3.0,Santa Cruz,Urbano,0,0,1,0.4545,0.3653,0,0
722-017252-A-0121,1.0,Santa Cruz,Urbano,0,0,1,0.4814,0.2663,0,0
751-021678-D-0061,3.0,Santa Cruz,Rural,0,0,0,0.5507,0.386,1,0
751-021678-D-0071,1.0,Santa Cruz,Rural,0,0,1,0.561,0.3616,1,0
751-021678-D-0121,1.0,Santa Cruz,Rural,0,0,0,0.6367,0.3473,1,0
751-021678-D-0111,1.0,Santa Cruz,Rural,0,0,0,0.5006,0.2987,1,0
751-021678-D-0091,1.0,Santa Cruz,Rural,0,0,0,0.4553,0.2256,0,0
751-021678-D-0081,1.0,Santa Cruz,Rural,0,0,0,0.527,0.3723,1,0
751-021678-D-0101,1.0,Santa Cruz,Rural,0,0,0,0.645,0.2961,1,0
751-021678-D-0011,1.0,Santa Cruz,Rural,0,0,0,0.4686,0.4064,0,0
751-021678-D-0031,1.0,Santa Cruz,Rural,0,0,0,0.3272,0.2749,0,0
751-021678-D-0041,1.0,Santa Cruz,Rural,0,0,0,0.5192,0.3519,1,0
751-021678-D-0051,1.0,Santa Cruz,Rural,0,0,0,0.2981,0.1815,0,0
751-021678-D-0021,3.0,Santa Cruz,Rural,0,0,0,0.3642,0.2397,0,0
731-017936-A-0111,3.0,Santa Cruz,Urbano,0,0,0,0.5485,0.2518,1,0
731-017936-A-0151,3.0,Santa Cruz,Urbano,0,0,0,0.4306,0.2606,0,0
731-017936-A-0261,3.0,Santa Cruz,Urbano,0,0,1,0.5446,0.3763,1,0
731-017936-A-0291,3.0,Santa Cruz,Urbano,0,0,1,0.4268,0.2895,0,0
731-017936-A-0331,2.0,Santa Cruz,Urbano,0,0,1,0.6243,0.453,1,0
731-017936-A-0361,1.0,Santa Cruz,Urbano,0,0,0,0.5228,0.3365,1,0
731-017936-A-0401,1.0,Santa Cruz,Urbano,0,0,1,0.626,0.2364,1,0
731-017936-A-0011,4.0,Santa Cruz,Urbano,0,0,0,0.4762,0.2806,0,0
731-017936-A-0041,3.0,Santa Cruz,Urbano,0,0,0,0.4126,0.285,0,0
731-017936-A-0181,1.0,Santa Cruz,Urbano,0,0,0,0.5614,0.2583,1,0
731-017936-A-0221,1.0,Santa Cruz,Urbano,0,0,1,0.3652,0.2755,0,0
731-018298-A-0171,1.0,Santa Cruz,Urbano,1,0,0,0.3766,0.532,0,1
731-018298-A-0211,3.0,Santa Cruz,Urbano,0,0,0,0.5931,0.3705,1,0
731-018298-A-0261,1.0,Santa Cruz,Urbano,0,0,0,0.5845,0.2546,1,0
731-018298-A-0011,1.0,Santa Cruz,Urbano,0,0,1,0.5344,0.3329,1,0
731-018298-A-0031,1.0,Santa Cruz,Urbano,0,0,0,0.4042,0.2322,0,0
731-018298-A-0051,3.0,Santa Cruz,Urbano,0,0,0,0.3323,0.3021,0,0
731-018298-A-0231,1.0,Santa Cruz,Urbano,0,0,1,0.5637,0.3129,1,0
731-018298-A-0081,3.0,Santa Cruz,Urbano,0,0,0,0.3928,0.284,0,0
731-018298-A-0101,1.0,Santa Cruz,Urbano,0,1,1,0.7271,0.4539,1,0
731-018298-A-0121,1.0,Santa Cruz,Urbano,1,0,0,0.3963,0.4565,0,0
731-018298-A-0141,1.0,Santa Cruz,Urbano,0,0,0,0.6818,0.4589,1,0
731-018298-A-0191,1.0,Santa Cruz,Urbano,0,0,0,0.7686,0.4405,1,0
721-018021-A-0161,1.0,Santa Cruz,Urbano,0,0,0,0.5112,0.3915,1,0
721-018021-A-0241,2.0,Santa Cruz,Urbano,0,0,0,0.588,0.4182,1,0
721-018021-A-0061,1.0,Santa Cruz,Urbano,0,0,0,0.3386,0.3368,0,0
721-018021-A-0041,1.0,Santa Cruz,Urbano,0,0,0,0.3515,0.2842,0,0
721-018021-A-0011,7.0,Santa Cruz,Urbano,0,0,0,0.5458,0.4525,1,0
721-018021-A-0081,3.0,Santa Cruz,Urbano,0,0,0,0.4731,0.2902,0,0
721-018021-A-0101,1.0,Santa Cruz,Urbano,0,0,1,0.4398,0.3364,0,0
721-018021-A-0121,3.0,Santa Cruz,Urbano,0,0,0,0.3431,0.2872,0,0
721-018021-A-0141,1.0,Santa Cruz,Urbano,0,0,1,0.4207,0.2786,0,0
721-018021-A-0181,1.0,Santa Cruz,Urbano,0,0,1,0.7288,0.3336,1,0
721-018021-A-0201,1.0,Santa Cruz,Urbano,0,0,1,0.4565,0.3198,0,0
721-018021-A-0221,1.0,Santa Cruz,Urbano,0,0,0,0.339,0.2419,0,0
722-018088-A-0231,2.0,Santa Cruz,Urbano,0,0,0,0.5738,0.3045,1,0
722-018088-A-0251,1.0,Santa Cruz,Urbano,0,0,0,0.4115,0.3089,0,0
722-018088-A-0131,2.0,Santa Cruz,Urbano,0,0,0,0.4412,0.3046,0,0
722-018088-A-0151,2.0,Santa Cruz,Urbano,0,0,0,0.4619,0.3181,0,0
722-018088-A-0181,2.0,Santa Cruz,Urbano,0,0,1,0.4033,0.2917,0,0
722-018088-A-0201,4.0,Santa Cruz,Urbano,0,0,0,0.4845,0.3376,0,0
722-018088-A-0271,2.0,Santa Cruz,Urbano,0,0,1,0.3262,0.2812,0,0
722-018088-A-0011,1.0,Santa Cruz,Urbano,0,1,1,0.3494,0.2653,0,0
722-018088-A-0061,6.0,Santa Cruz,Urbano,0,0,0,0.3963,0.3906,0,0
722-018088-A-0081,1.0,Santa Cruz,Urbano,1,0,1,0.5195,0.4453,1,0
722-018088-A-0101,1.0,Santa Cruz,Urbano,0,0,1,0.3423,0.2145,0,0
722-017133-A-0151,3.0,Santa Cruz,Urbano,0,0,1,0.3892,0.2431,0,0
722-017133-A-0181,1.0,Santa Cruz,Urbano,0,0,0,0.3882,0.2727,0,0
722-017133-A-0101,5.0,Santa Cruz,Urbano,0,0,0,0.437,0.2841,0,0
722-017133-A-0131,3.0,Santa Cruz,Urbano,0,0,0,0.4163,0.2707,0,0
722-017133-A-0011,1.0,Santa Cruz,Urbano,0,0,0,0.3304,0.2707,0,0
722-017133-A-0031,1.0,Santa Cruz,Urbano,0,0,0,0.4017,0.255,0,0
722-017133-A-0061,5.0,Santa Cruz,Urbano,0,0,0,0.5565,0.3366,1,0
722-017133-A-0081,1.0,Santa Cruz,Urbano,0,0,1,0.6679,0.5173,1,1
722-017133-A-0201,1.0,Santa Cruz,Urbano,0,0,1,0.3376,0.264,0,0
722-017133-A-0231,1.0,Santa Cruz,Urbano,0,0,1,0.4253,0.2948,0,0
722-017133-A-0251,1.0,Santa Cruz,Urbano,0,0,1,0.4073,0.241,0,0
722-017133-A-0271,1.0,Santa Cruz,Urbano,0,0,1,0.4061,0.4118,0,0
721-015811-A-0081,3.0,Santa Cruz,Urbano,0,0,0,0.4094,0.2752,0,0
721-015811-A-0101,1.0,Santa Cruz,Urbano,0,0,0,0.4214,0.2893,0,0
721-015811-A-0121,3.0,Santa Cruz,Urbano,0,0,0,0.3761,0.274,0,0
721-015811-A-0141,1.0,Santa Cruz,Urbano,0,0,0,0.6157,0.3379,1,0
721-015811-A-0011,1.0,Santa Cruz,Urbano,0,0,0,0.6586,0.4069,1,0
721-015811-A-0051,1.0,Santa Cruz,Urbano,0,0,0,0.5993,0.2618,1,0
721-015811-A-0061,1.0,Santa Cruz,Urbano,0,0,0,0.3371,0.2166,0,0
721-015811-A-0031,1.0,Santa Cruz,Urbano,0,0,0,0.5538,0.3014,1,0
721-015811-A-0161,1.0,Santa Cruz,Urbano,0,0,0,0.4067,0.3131,0,0
721-015811-A-0171,1.0,Santa Cruz,Urbano,0,0,0,0.4309,0.3136,0,0
721-015811-A-0191,2.0,Santa Cruz,Urbano,0,1,0,0.4702,0.28,0,0
721-015811-A-0211,2.0,Santa Cruz,Urbano,0,0,0,0.4227,0.3468,0,0
723-015885-A-0151,1.0,Santa Cruz,Urbano,0,0,1,0.3693,0.2471,0,0
723-015885-A-0111,1.0,Santa Cruz,Urbano,0,0,0,0.4228,0.3792,0,0
723-015885-A-0091,1.0,Santa Cruz,Urbano,0,0,0,0.3401,0.197,0,0
723-015885-A-0131,1.0,Santa Cruz,Urbano,0,0,0,0.4209,0.3753,0,0
723-015885-A-0011,1.0,Santa Cruz,Urbano,0,0,0,0.455,0.3435,0,0
723-015885-A-0031,1.0,Santa Cruz,Urbano,0,0,1,0.5468,0.2089,1,0
723-015885-A-0071,1.0,Santa Cruz,Urbano,0,0,0,0.3342,0.2497,0,0
723-015885-A-0051,3.0,Santa Cruz,Urbano,0,0,0,0.3357,0.3044,0,0
723-015885-A-0171,1.0,Santa Cruz,Urbano,0,0,0,0.3044,0.223,0,0
723-015885-A-0191,3.0,Santa Cruz,Urbano,0,0,0,0.3744,0.2953,0,0
723-015885-A-0211,6.0,Santa Cruz,Urbano,0,0,0,0.6023,0.3387,1,0
723-015885-A-0231,1.0,Santa Cruz,Urbano,0,0,0,0.3076,0.2383,0,0
742-020200-A-0121,1.0,Santa Cruz,Rural,0,0,0,0.4745,0.2729,0,0
742-020200-A-0151,1.0,Santa Cruz,Rural,0,0,0,0.5497,0.3625,1,0
742-020200-A-0181,1.0,Santa Cruz,Rural,0,0,0,0.4234,0.3108,0,0
742-020200-A-0201,3.0,Santa Cruz,Rural,0,0,0,0.5717,0.3991,1,0
742-020200-A-0011,3.0,Santa Cruz,Rural,1,0,0,0.3167,0.4058,0,0
742-020200-A-0031,1.0,Santa Cruz,Rural,0,0,1,0.3239,0.2933,0,0
742-020200-A-0061,4.0,Santa Cruz,Rural,1,0,0,0.2385,0.452,0,0
742-020200-A-0091,3.0,Santa Cruz,Rural,0,0,0,0.3306,0.2254,0,0
742-020200-A-0231,2.0,Santa Cruz,Rural,0,0,0,0.3885,0.2571,0,0
742-020200-A-0261,1.0,Santa Cruz,Rural,0,0,0,0.3256,0.2483,0,0
742-020200-A-0291,1.0,Santa Cruz,Rural,0,0,0,0.4074,0.3112,0,0
742-020200-A-0321,1.0,Santa Cruz,Rural,0,0,0,0.5009,0.2724,1,0
732-015084-A-0101,1.0,Santa Cruz,Urbano,0,0,0,0.4235,0.3397,0,0
732-015084-A-0121,3.0,Santa Cruz,Urbano,0,0,0,0.4454,0.3129,0,0
732-015084-A-0141,1.0,Santa Cruz,Urbano,0,0,0,0.5104,0.3867,1,0
732-015084-A-0161,6.0,Santa Cruz,Urbano,1,0,0,0.4362,0.4068,0,0
732-015084-A-0061,1.0,Santa Cruz,Urbano,0,0,1,0.3476,0.228,0,0
732-015084-A-0081,1.0,Santa Cruz,Urbano,0,0,0,0.298,0.2395,0,0
732-015084-A-0011,1.0,Santa Cruz,Urbano,1,0,1,0.5615,0.6255,1,1
732-015084-A-0041,3.0,Santa Cruz,Urbano,0,0,0,0.3091,0.2854,0,0
732-015084-A-0181,1.0,Santa Cruz,Urbano,0,0,0,0.553,0.2985,1,0
732-015084-A-0201,1.0,Santa Cruz,Urbano,0,0,0,0.4516,0.3756,0,0
732-015084-A-0221,2.0,Santa Cruz,Urbano,0,0,0,0.4901,0.2505,0,0
732-015084-A-0241,1.0,Santa Cruz,Urbano,0,0,0,0.5369,0.4652,1,0
743-022135-D-0191,1.0,Santa Cruz,Rural,0,1,0,0.3175,0.271,0,0
743-022135-D-0221,1.0,Santa Cruz,Rural,0,0,0,0.4706,0.2621,0,0
743-022135-D-0261,3.0,Santa Cruz,Rural,0,0,0,0.3282,0.2937,0,0
743-022135-D-0301,4.0,Santa Cruz,Rural,0,0,0,0.3155,0.2512,0,0
743-022135-D-0031,1.0,Santa Cruz,Rural,0,0,0,0.2989,0.2823,0,0
743-022135-D-0071,3.0,Santa Cruz,Rural,0,0,0,0.3025,0.2385,0,0
743-022135-D-0111,1.0,Santa Cruz,Rural,0,0,0,0.3167,0.2919,0,0
743-022135-D-0151,1.0,Santa Cruz,Rural,0,0,0,0.4887,0.345,0,0
743-022135-D-0341,3.0,Santa Cruz,Rural,0,0,1,0.5055,0.2579,1,0
743-022135-D-0381,2.0,Santa Cruz,Rural,0,0,0,0.3333,0.308,0,0
743-022135-D-0421,3.0,Santa Cruz,Rural,0,0,1,0.4545,0.3109,0,0
751-021735-D-0061,1.0,Santa Cruz,Rural,0,0,0,0.6543,0.3085,1,0
751-021735-D-0081,1.0,Santa Cruz,Rural,1,0,0,0.5606,0.5993,1,1
751-021735-D-0091,1.0,Santa Cruz,Rural,1,1,1,0.5844,0.6322,1,1
751-021735-D-0101,1.0,Santa Cruz,Rural,0,0,1,0.7327,0.418,1,0
751-021735-D-0011,1.0,Santa Cruz,Rural,0,0,1,0.4509,0.2809,0,0
751-021735-D-0021,1.0,Santa Cruz,Rural,0,0,1,0.6709,0.32,1,0
751-021735-D-0031,1.0,Santa Cruz,Rural,0,0,0,0.7295,0.404,1,0
751-021735-D-0051,1.0,Santa Cruz,Rural,0,0,0,0.6431,0.318,1,0
751-021735-D-0121,2.0,Santa Cruz,Rural,0,0,1,0.6718,0.3673,1,0
751-021735-D-0131,1.0,Santa Cruz,Rural,0,0,1,0.7451,0.4079,1,0
751-021735-D-0151,1.0,Santa Cruz,Rural,0,0,1,0.541,0.4168,1,0
751-021735-D-0161,2.0,Santa Cruz,Rural,0,0,1,0.6744,0.3651,1,0
752-021804-D-0121,1.0,Santa Cruz,Rural,0,0,0,0.6506,0.4255,1,0
752-021804-D-0151,1.0,Santa Cruz,Rural,0,0,0,0.4549,0.3239,0,0
752-021804-D-0181,3.0,Santa Cruz,Rural,1,0,0,0.4943,0.5344,0,1
752-021804-D-0201,1.0,Santa Cruz,Rural,0,0,0,0.6073,0.4218,1,0
752-021804-D-0011,1.0,Santa Cruz,Rural,0,0,0,0.5709,0.3145,1,0
752-021804-D-0031,1.0,Santa Cruz,Rural,0,0,0,0.4132,0.246,0,0
752-021804-D-0061,1.0,Santa Cruz,Rural,1,0,1,0.4687,0.5096,0,1
752-021804-D-0091,3.0,Santa Cruz,Rural,0,0,1,0.3696,0.2414,0,0
752-021804-D-0231,1.0,Santa Cruz,Rural,0,0,0,0.4778,0.267,0,0
752-021804-D-0261,1.0,Santa Cruz,Rural,0,0,0,0.591,0.3143,1,0
752-021804-D-0291,3.0,Santa Cruz,Rural,0,0,0,0.5353,0.2601,1,0
752-021804-D-0321,3.0,Santa Cruz,Rural,0,0,0,0.5696,0.3926,1,0
723-015398-A-0151,1.0,Santa Cruz,Urbano,0,0,0,0.3466,0.2688,0,0
723-015398-A-0091,1.0,Santa Cruz,Urbano,1,0,0,0.4814,0.5329,0,1
723-015398-A-0111,1.0,Santa Cruz,Urbano,0,0,1,0.3833,0.331,0,0
723-015398-A-0131,3.0,Santa Cruz,Urbano,0,0,0,0.4152,0.2202,0,0
723-015398-A-0011,3.0,Santa Cruz,Urbano,0,0,0,0.3719,0.2952,0,0
723-015398-A-0031,3.0,Santa Cruz,Urbano,0,0,0,0.4468,0.2146,0,0
723-015398-A-0051,1.0,Santa Cruz,Urbano,0,0,1,0.8137,0.5341,1,1
723-015398-A-0071,4.0,Santa Cruz,Urbano,0,0,0,0.5824,0.4003,1,0
723-015398-A-0191,1.0,Santa Cruz,Urbano,0,1,1,0.3331,0.309,0,0
723-015398-A-0211,1.0,Santa Cruz,Urbano,0,1,1,0.341,0.263,0,0
723-015398-A-0231,1.0,Santa Cruz,Urbano,0,1,1,0.2569,0.2748,0,0
723-015398-A-0171,1.0,Santa Cruz,Urbano,0,0,1,0.4778,0.321,0,0
752-022283-D-0011,1.0,Santa Cruz,Rural,0,0,0,0.3462,0.2247,0,0
752-022283-D-0031,4.0,Santa Cruz,Rural,0,0,0,0.5349,0.3281,1,0
752-022283-D-0061,3.0,Santa Cruz,Rural,0,1,0,0.4678,0.2711,0,0
752-022283-D-0081,1.0,Santa Cruz,Rural,1,0,1,0.6388,0.6004,1,1
752-022283-D-0101,1.0,Santa Cruz,Rural,0,0,0,0.4727,0.2835,0,0
752-022283-D-0151,1.0,Santa Cruz,Rural,0,0,0,0.5442,0.2379,1,0
752-022283-D-0131,1.0,Santa Cruz,Rural,0,0,0,0.4565,0.3394,0,0
752-022283-D-0181,1.0,Santa Cruz,Rural,0,1,0,0.5903,0.3203,1,0
752-022283-D-0201,1.0,Santa Cruz,Rural,0,0,0,0.5929,0.4602,1,0
752-022283-D-0231,1.0,Santa Cruz,Rural,0,0,0,0.3388,0.2369,0,0
752-022283-D-0251,2.0,Santa Cruz,Rural,0,0,0,0.5964,0.3722,1,0
752-022283-D-0271,1.0,Santa Cruz,Rural,0,0,0,0.7321,0.4686,1,0
721-012495-A-0121,3.0,Santa Cruz,Urbano,0,0,0,0.4914,0.301,0,0
721-012495-A-0231,1.0,Santa Cruz,Urbano,0,0,1,0.5644,0.5202,1,1
721-012495-A-0331,1.0,Santa Cruz,Urbano,0,0,1,0.5809,0.3405,1,0
721-012495-A-0761,1.0,Santa Cruz,Urbano,0,0,0,0.3896,0.36,0,0
721-012495-A-0441,1.0,Santa Cruz,Urbano,0,0,0,0.2407,0.2582,0,0
721-012495-A-0971,1.0,Santa Cruz,Urbano,0,1,0,0.2822,0.2122,0,0
721-012495-A-0861,3.0,Santa Cruz,Urbano,0,0,1,0.4304,0.3073,0,0
721-012495-A-1181,1.0,Santa Cruz,Urbano,0,0,0,0.2937,0.2106,0,0
721-012495-A-1071,2.0,Santa Cruz,Urbano,0,0,0,0.5119,0.2821,1,0
721-012495-A-0551,4.0,Santa Cruz,Urbano,0,0,0,0.3337,0.3057,0,0
722-012613-A-0051,1.0,Santa Cruz,Urbano,0,0,0,0.5633,0.5339,1,1
722-012613-A-0151,1.0,Santa Cruz,Urbano,0,0,0,0.4918,0.2669,0,0
722-012613-A-0011,1.0,Santa Cruz,Urbano,0,0,1,0.5571,0.4942,1,0
722-012613-A-0031,1.0,Santa Cruz,Urbano,0,0,0,0.5051,0.3143,1,0
722-012613-A-0091,1.0,Santa Cruz,Urbano,0,0,0,0.3184,0.2196,0,0
722-012613-A-0111,3.0,Santa Cruz,Urbano,0,0,0,0.3968,0.3972,0,0
722-012613-A-0071,1.0,Santa Cruz,Urbano,0,0,0,0.5829,0.4187,1,0
722-012613-A-0131,1.0,Santa Cruz,Urbano,0,0,0,0.2765,0.2359,0,0
722-012613-A-0231,1.0,Santa Cruz,Urbano,0,0,1,0.4269,0.3153,0,0
722-012613-A-0191,1.0,Santa Cruz,Urbano,0,0,0,0.3545,0.2921,0,0
722-012613-A-0171,1.0,Santa Cruz,Urbano,0,0,0,0.4522,0.3992,0,0
722-012613-A-0211,2.0,Santa Cruz,Urbano,0,1,0,0.3885,0.3762,0,0
722-013391-A-0011,1.0,Santa Cruz,Urbano,0,0,1,0.5966,0.3805,1,0
722-013391-A-0161,2.0,Santa Cruz,Urbano,0,0,1,0.4036,0.3079,0,0
722-013391-A-0071,1.0,Santa Cruz,Urbano,0,0,1,0.3625,0.2764,0,0
722-013391-A-0101,1.0,Santa Cruz,Urbano,0,0,1,0.4476,0.232,0,0
722-013391-A-0131,1.0,Santa Cruz,Urbano,0,0,0,0.3108,0.3091,0,0
722-013391-A-0221,1.0,Santa Cruz,Urbano,0,1,0,0.5025,0.3513,1,0
722-013391-A-0041,1.0,Santa Cruz,Urbano,0,0,0,0.3684,0.2991,0,0
722-013391-A-0251,1.0,Santa Cruz,Urbano,0,0,0,0.3121,0.3283,0,0
722-013391-A-0311,1.0,Santa Cruz,Urbano,0,0,0,0.359,0.202,0,0
722-013391-A-0341,4.0,Santa Cruz,Urbano,0,0,0,0.3543,0.3576,0,0
722-013391-A-0281,1.0,Santa Cruz,Urbano,0,1,1,0.4997,0.4322,0,0
743-020524-A-0031,2.0,Santa Cruz,Rural,0,0,0,0.2979,0.2253,0,0
743-020524-A-0051,1.0,Santa Cruz,Rural,0,0,0,0.3947,0.2633,0,0
743-020524-A-0011,2.0,Santa Cruz,Rural,0,1,0,0.3829,0.2703,0,0
743-020524-A-0091,1.0,Santa Cruz,Rural,0,0,0,0.5346,0.3308,1,0
743-020524-A-0101,1.0,Santa Cruz,Rural,0,0,0,0.2478,0.1792,0,0
743-020524-A-0071,4.0,Santa Cruz,Rural,0,0,0,0.5371,0.3874,1,0
743-020524-A-0061,3.0,Santa Cruz,Rural,0,0,0,0.1976,0.2005,0,0
743-020524-A-0131,2.0,Santa Cruz,Rural,0,1,1,0.3901,0.2954,0,0
743-020524-A-0141,1.0,Santa Cruz,Rural,0,0,0,0.2894,0.2024,0,0
743-020524-A-0151,1.0,Santa Cruz,Rural,0,0,0,0.3619,0.2972,0,0
743-020524-A-0111,1.0,Santa Cruz,Rural,0,0,0,0.4495,0.2798,0,0
722-016241-A-0101,1.0,Santa Cruz,Urbano,0,0,1,0.5372,0.367,1,0
722-016241-A-0061,1.0,Santa Cruz,Urbano,0,0,0,0.3283,0.3019,0,0
722-016241-A-0141,1.0,Santa Cruz,Urbano,0,0,0,0.3641,0.2414,0,0
722-016241-A-0211,1.0,Santa Cruz,Urbano,0,0,0,0.5501,0.422,1,0
722-016241-A-0171,1.0,Santa Cruz,Urbano,0,0,0,0.389,0.2287,0,0
722-016241-A-0251,3.0,Santa Cruz,Urbano,0,0,0,0.3976,0.3733,0,0
722-016241-A-0291,1.0,Santa Cruz,Urbano,0,0,0,0.3262,0.2219,0,0
722-016241-A-0411,1.0,Santa Cruz,Urbano,0,0,0,0.4957,0.3748,0,0
722-016241-A-0371,1.0,Santa Cruz,Urbano,0,0,0,0.3875,0.3038,0,0
722-016241-A-0331,5.0,Santa Cruz,Urbano,0,0,0,0.4311,0.2771,0,0
723-016381-A-0101,3.0,Santa Cruz,Urbano,0,0,0,0.4805,0.3334,0,0
723-016381-A-0021,2.0,Santa Cruz,Urbano,0,0,1,0.3962,0.335,0,0
723-016381-A-0141,3.0,Santa Cruz,Urbano,0,0,1,0.6275,0.3365,1,0
723-016381-A-0221,3.0,Santa Cruz,Urbano,0,0,0,0.3803,0.2473,0,0
723-016381-A-0261,1.0,Santa Cruz,Urbano,0,0,0,0.3929,0.3916,0,0
723-016381-A-0181,1.0,Santa Cruz,Urbano,0,0,0,0.3445,0.3714,0,0
723-016381-A-0301,1.0,Santa Cruz,Urbano,0,0,0,0.4718,0.3515,0,0
723-016381-A-0471,1.0,Santa Cruz,Urbano,0,0,0,0.4615,0.3479,0,0
723-016381-A-0381,3.0,Santa Cruz,Urbano,0,0,0,0.4077,0.3464,0,0
723-016381-A-0341,4.0,Santa Cruz,Urbano,0,0,1,0.4294,0.2897,0,0
723-016381-A-0431,3.0,Santa Cruz,Urbano,0,0,0,0.5461,0.3086,1,0
724-016457-A-0021,1.0,Santa Cruz,Urbano,1,0,0,0.5086,0.4376,1,0
724-016457-A-0011,1.0,Santa Cruz,Urbano,0,0,0,0.5677,0.3525,1,0
724-016457-A-0031,3.0,Santa Cruz,Urbano,0,1,0,0.3232,0.2338,0,0
724-016457-A-0091,1.0,Santa Cruz,Urbano,0,0,0,0.2859,0.2315,0,0
724-016457-A-0061,1.0,Santa Cruz,Urbano,0,0,0,0.3315,0.2997,0,0
724-016457-A-0101,1.0,Santa Cruz,Urbano,0,0,0,0.3176,0.2819,0,0
724-016457-A-0071,1.0,Santa Cruz,Urbano,0,0,0,0.2835,0.2456,0,0
724-016457-A-0141,1.0,Santa Cruz,Urbano,0,0,0,0.4227,0.2508,0,0
724-016457-A-0131,1.0,Santa Cruz,Urbano,0,1,0,0.257,0.2292,0,0
724-016457-A-0111,1.0,Santa Cruz,Urbano,0,1,0,0.2865,0.2767,0,0
724-016457-A-0151,1.0,Santa Cruz,Urbano,0,0,0,0.348,0.3013,0,0
733-016092-A-0011,1.0,Santa Cruz,Urbano,0,0,0,0.456,0.2779,0,0
733-016092-A-0051,3.0,Santa Cruz,Urbano,0,0,0,0.5109,0.2654,1,0
733-016092-A-0081,1.0,Santa Cruz,Urbano,0,0,1,0.3921,0.3754,0,0
733-016092-A-0031,1.0,Santa Cruz,Urbano,0,0,1,0.6247,0.2365,1,0
733-016092-A-0141,1.0,Santa Cruz,Urbano,0,0,0,0.379,0.3625,0,0
733-016092-A-0171,1.0,Santa Cruz,Urbano,0,0,1,0.2749,0.196,0,0
733-016092-A-0101,1.0,Santa Cruz,Urbano,0,0,0,0.4953,0.3725,0,0
733-016092-A-0191,2.0,Santa Cruz,Urbano,0,0,0,0.5934,0.3681,1,0
733-016092-A-0261,1.0,Santa Cruz,Urbano,0,0,0,0.4724,0.3212,0,0
733-016092-A-0231,1.0,Santa Cruz,Urbano,0,0,0,0.369,0.2849,0,0
733-016092-A-0211,4.0,Santa Cruz,Urbano,0,0,0,0.4167,0.483,0,0
812-000165-A-0011,3.0,Beni,Urbano,0,0,0,0.4075,0.293,0,0
812-000165-A-0031,1.0,Beni,Urbano,1,0,0,0.6684,0.664,1,1
812-000165-A-0051,3.0,Beni,Urbano,0,0,0,0.3911,0.3104,0,0
812-000165-A-0101,1.0,Beni,Urbano,0,0,0,0.4669,0.2399,0,0
812-000165-A-0121,1.0,Beni,Urbano,0,0,0,0.5656,0.3397,1,0
812-000165-A-0151,1.0,Beni,Urbano,0,0,0,0.5163,0.3482,1,0
812-000165-A-0171,1.0,Beni,Urbano,0,0,0,0.4275,0.3045,0,0
812-000165-A-0191,1.0,Beni,Urbano,0,0,0,0.4226,0.2806,0,0
812-000165-A-0221,1.0,Beni,Urbano,0,0,1,0.5335,0.39,1,0
812-000165-A-0241,1.0,Beni,Urbano,0,0,1,0.6898,0.4883,1,0
812-000165-A-0261,1.0,Beni,Urbano,0,0,1,0.39,0.3059,0,0
813-000434-A-0011,1.0,Beni,Urbano,1,0,1,0.5558,0.5202,1,1
813-000434-A-0031,1.0,Beni,Urbano,1,0,0,0.3597,0.3545,0,0
813-000434-A-0051,1.0,Beni,Urbano,1,1,1,0.5179,0.3641,1,0
813-000434-A-0071,1.0,Beni,Urbano,0,1,1,0.3922,0.2217,0,0
813-000434-A-0091,4.0,Beni,Urbano,0,0,0,0.3517,0.3865,0,0
813-000434-A-0111,1.0,Beni,Urbano,1,0,1,0.3613,0.3381,0,0
813-000434-A-0131,1.0,Beni,Urbano,0,0,0,0.4096,0.2645,0,0
813-000434-A-0151,2.0,Beni,Urbano,0,0,0,0.3318,0.2947,0,0
813-000434-A-0171,1.0,Beni,Urbano,0,0,1,0.5018,0.2847,1,0
813-000434-A-0191,1.0,Beni,Urbano,0,0,1,0.5547,0.4155,1,0
813-000434-A-0211,1.0,Beni,Urbano,0,0,0,0.5671,0.4746,1,0
813-000434-A-0221,3.0,Beni,Urbano,0,0,0,0.3653,0.2949,0,0
814-000658-A-0011,1.0,Beni,Urbano,1,0,0,0.3432,0.425,0,0
814-000658-A-0021,1.0,Beni,Urbano,0,1,1,0.5388,0.2934,1,0
814-000658-A-0031,1.0,Beni,Urbano,1,0,1,0.568,0.5502,1,1
814-000658-A-0041,3.0,Beni,Urbano,0,1,1,0.5429,0.3632,1,0
814-000658-A-0051,2.0,Beni,Urbano,0,0,0,0.4163,0.3198,0,0
814-000658-A-0061,1.0,Beni,Urbano,0,0,0,0.453,0.3452,0,0
814-000658-A-0091,1.0,Beni,Urbano,0,0,1,0.4343,0.2872,0,0
814-000658-A-0101,1.0,Beni,Urbano,0,0,0,0.3248,0.2575,0,0
814-000658-A-0111,1.0,Beni,Urbano,0,0,1,0.3833,0.2986,0,0
814-000658-A-0121,1.0,Beni,Urbano,0,0,1,0.3735,0.2744,0,0
814-000658-A-0131,1.0,Beni,Urbano,0,0,1,0.4761,0.2775,0,0
814-000675-A-0011,1.0,Beni,Urbano,0,1,1,0.3102,0.2639,0,0
814-000675-A-0051,1.0,Beni,Urbano,0,1,1,0.4475,0.3074,0,0
814-000675-A-0071,1.0,Beni,Urbano,0,0,0,0.3971,0.2966,0,0
814-000675-A-0111,1.0,Beni,Urbano,0,0,0,0.469,0.3017,0,0
814-000675-A-0131,2.0,Beni,Urbano,0,0,0,0.3531,0.3106,0,0
814-000675-A-0151,1.0,Beni,Urbano,0,0,1,0.3766,0.2042,0,0
814-000675-A-0171,3.0,Beni,Urbano,0,0,1,0.4225,0.3218,0,0
814-000675-A-0191,3.0,Beni,Urbano,0,0,1,0.4634,0.2666,0,0
814-000675-A-0211,4.0,Beni,Urbano,0,0,1,0.4365,0.2825,0,0
814-000675-A-0221,3.0,Beni,Urbano,0,0,1,0.4045,0.3205,0,0
813-000616-A-0011,1.0,Beni,Urbano,0,1,1,0.3376,0.2473,0,0
813-000616-A-0031,1.0,Beni,Urbano,0,0,1,0.3785,0.3076,0,0
813-000616-A-0041,1.0,Beni,Urbano,1,0,1,0.4991,0.5022,0,1
813-000616-A-0061,1.0,Beni,Urbano,0,1,1,0.5173,0.3434,1,0
813-000616-A-0111,1.0,Beni,Urbano,0,0,1,0.3632,0.3057,0,0
813-000616-A-0091,3.0,Beni,Urbano,0,0,0,0.6075,0.4339,1,0
813-000616-A-0081,1.0,Beni,Urbano,0,0,0,0.4582,0.4336,0,0
813-000616-A-0131,2.0,Beni,Urbano,0,0,1,0.5165,0.3425,1,0
813-000616-A-0141,3.0,Beni,Urbano,0,0,0,0.3238,0.2922,0,0
813-000616-A-0161,2.0,Beni,Urbano,0,0,1,0.3692,0.2854,0,0
813-000616-A-0181,1.0,Beni,Urbano,0,0,0,0.3395,0.2246,0,0
813-000616-A-0191,1.0,Beni,Urbano,0,0,0,0.5232,0.5508,1,1
812-000322-A-0011,3.0,Beni,Urbano,1,0,1,0.5128,0.2836,1,0
812-000322-A-0051,1.0,Beni,Urbano,1,1,1,0.4507,0.4413,0,0
812-000322-A-0031,1.0,Beni,Urbano,0,1,1,0.319,0.2196,0,0
812-000322-A-0081,1.0,Beni,Urbano,0,1,1,0.3683,0.2911,0,0
812-000322-A-0121,1.0,Beni,Urbano,0,0,0,0.3219,0.1924,0,0
812-000322-A-0101,2.0,Beni,Urbano,0,0,0,0.3895,0.3378,0,0
812-000322-A-0151,2.0,Beni,Urbano,0,1,0,0.4025,0.213,0,0
812-000322-A-0171,1.0,Beni,Urbano,0,0,0,0.5614,0.335,1,0
812-000322-A-0191,1.0,Beni,Urbano,0,0,1,0.518,0.3267,1,0
812-000322-A-0221,1.0,Beni,Urbano,0,0,1,0.4684,0.2842,0,0
812-000322-A-0241,1.0,Beni,Urbano,0,0,0,0.4624,0.3626,0,0
812-000322-A-0261,2.0,Beni,Urbano,0,0,1,0.4613,0.2858,0,0
811-000029-A-0011,1.0,Beni,Urbano,0,0,1,0.4246,0.2765,0,0
811-000029-A-0031,3.0,Beni,Urbano,0,0,0,0.4357,0.3181,0,0
811-000029-A-0061,1.0,Beni,Urbano,0,1,0,0.3945,0.3498,0,0
811-000029-A-0081,4.0,Beni,Urbano,0,0,0,0.3869,0.2994,0,0
811-000029-A-0131,2.0,Beni,Urbano,0,0,0,0.3437,0.2615,0,0
811-000029-A-0151,1.0,Beni,Urbano,0,0,0,0.3649,0.2734,0,0
811-000029-A-0181,1.0,Beni,Urbano,0,0,0,0.4568,0.3545,0,0
811-000029-A-0201,1.0,Beni,Urbano,0,0,0,0.3014,0.2089,0,0
811-000029-A-0231,1.0,Beni,Urbano,0,0,0,0.5458,0.3042,1,0
811-000029-A-0251,1.0,Beni,Urbano,0,0,0,0.3642,0.3093,0,0
811-000029-A-0271,2.0,Beni,Urbano,0,0,1,0.5598,0.4224,1,0
812-000242-A-0011,1.0,Beni,Urbano,0,0,0,0.4587,0.37,0,0
812-000242-A-0031,4.0,Beni,Urbano,0,0,1,0.3682,0.2657,0,0
812-000242-A-0061,1.0,Beni,Urbano,1,0,0,0.3386,0.3794,0,0
812-000242-A-0041,1.0,Beni,Urbano,0,0,0,0.4807,0.4883,0,0
812-000242-A-0091,5.0,Beni,Urbano,0,0,0,0.5707,0.3381,1,0
812-000242-A-0081,1.0,Beni,Urbano,0,1,1,0.5776,0.4338,1,0
812-000242-A-0131,1.0,Beni,Urbano,0,0,0,0.5057,0.3423,1,0
812-000242-A-0111,2.0,Beni,Urbano,0,0,0,0.3547,0.3538,0,0
812-000242-A-0161,3.0,Beni,Urbano,0,0,1,0.3936,0.2974,0,0
812-000242-A-0181,3.0,Beni,Urbano,0,0,0,0.4695,0.3742,0,0
812-000242-A-0191,3.0,Beni,Urbano,0,0,0,0.3534,0.3181,0,0
812-000242-A-0141,2.0,Beni,Urbano,0,0,0,0.3825,0.2634,0,0
811-000101-A-0011,4.0,Beni,Urbano,0,0,1,0.4079,0.2677,0,0
811-000101-A-0041,3.0,Beni,Urbano,0,0,0,0.4646,0.3037,0,0
811-000101-A-0071,3.0,Beni,Urbano,1,0,1,0.4647,0.5739,0,1
811-000101-A-0101,2.0,Beni,Urbano,1,0,0,0.5822,0.4524,1,0
811-000101-A-0131,1.0,Beni,Urbano,0,0,0,0.4443,0.2671,0,0
811-000101-A-0161,1.0,Beni,Urbano,0,0,0,0.3972,0.3197,0,0
811-000101-A-0191,1.0,Beni,Urbano,1,1,1,0.4714,0.3492,0,0
811-000101-A-0221,1.0,Beni,Urbano,0,0,0,0.3907,0.2795,0,0
811-000101-A-0251,1.0,Beni,Urbano,0,0,0,0.4589,0.2424,0,0
811-000101-A-0281,2.0,Beni,Urbano,0,0,1,0.5332,0.3047,1,0
811-000101-A-0311,1.0,Beni,Urbano,0,0,0,0.4877,0.3646,0,0
811-000101-A-0341,3.0,Beni,Urbano,0,0,1,0.3184,0.279,0,0
831-003028-A-0011,3.0,Beni,Urbano,0,0,0,0.4368,0.3043,0,0
831-003028-A-0031,1.0,Beni,Urbano,0,0,0,0.476,0.2311,0,0
831-003028-A-0051,1.0,Beni,Urbano,0,0,0,0.428,0.2428,0,0
831-003028-A-0061,1.0,Beni,Urbano,0,0,1,0.3639,0.2845,0,0
831-003028-A-0081,3.0,Beni,Urbano,0,0,0,0.5261,0.2217,1,0
831-003028-A-0101,3.0,Beni,Urbano,0,0,1,0.4418,0.2381,0,0
831-003028-A-0121,5.0,Beni,Urbano,0,0,0,0.6373,0.3591,1,0
831-003028-A-0141,1.0,Beni,Urbano,0,0,0,0.3866,0.2631,0,0
831-003028-A-0161,1.0,Beni,Urbano,1,0,1,0.6029,0.5933,1,1
831-003028-A-0171,1.0,Beni,Urbano,0,1,0,0.6264,0.3576,1,0
831-003028-A-0191,1.0,Beni,Urbano,0,0,0,0.5785,0.3802,1,0
831-003028-A-0211,1.0,Beni,Urbano,0,0,0,0.3253,0.2357,0,0
852-004146-D-0011,1.0,Beni,Rural,0,0,0,0.3094,0.2745,0,0
852-004146-D-0051,1.0,Beni,Rural,0,0,0,0.4617,0.3524,0,0
852-004146-D-0081,1.0,Beni,Rural,0,0,1,0.3332,0.2615,0,0
852-004146-D-0111,1.0,Beni,Rural,0,0,0,0.2837,0.2027,0,0
852-004146-D-0181,7.0,Beni,Rural,0,0,0,0.6368,0.3382,1,0
852-004146-D-0151,1.0,Beni,Rural,0,0,0,0.4057,0.2341,0,0
852-004146-D-0211,1.0,Beni,Rural,0,0,0,0.3327,0.248,0,0
852-004146-D-0251,1.0,Beni,Rural,0,0,1,0.3533,0.2206,0,0
852-004146-D-0281,1.0,Beni,Rural,0,0,1,0.4782,0.3354,0,0
852-004146-D-0311,1.0,Beni,Rural,0,1,0,0.4943,0.3236,0,0
852-004146-D-0351,1.0,Beni,Rural,0,0,1,0.2753,0.2473,0,0
852-004146-D-0381,1.0,Beni,Rural,0,0,0,0.386,0.2657,0,0
814-000746-A-0011,1.0,Beni,Urbano,0,0,1,0.3148,0.289,0,0
814-000746-A-0031,1.0,Beni,Urbano,0,0,0,0.3719,0.3325,0,0
814-000746-A-0051,1.0,Beni,Urbano,0,0,0,0.2988,0.2698,0,0
814-000746-A-0061,1.0,Beni,Urbano,0,0,1,0.384,0.3011,0,0
814-000746-A-0081,4.0,Beni,Urbano,0,0,1,0.3038,0.2559,0,0
814-000746-A-0101,1.0,Beni,Urbano,0,0,0,0.4913,0.3074,0,0
814-000746-A-0121,1.0,Beni,Urbano,0,0,0,0.3602,0.2719,0,0
814-000746-A-0131,3.0,Beni,Urbano,0,0,0,0.3205,0.2448,0,0
814-000746-A-0151,3.0,Beni,Urbano,0,0,0,0.387,0.2564,0,0
814-000746-A-0171,1.0,Beni,Urbano,0,0,1,0.2816,0.2253,0,0
814-000746-A-0201,1.0,Beni,Urbano,0,0,1,0.4137,0.3812,0,0
843-003496-D-0011,1.0,Beni,Rural,0,0,0,0.3013,0.1884,0,0
843-003496-D-0031,4.0,Beni,Rural,0,1,0,0.3981,0.1737,0,0
843-003496-D-0051,1.0,Beni,Rural,0,0,0,0.3512,0.2945,0,0
843-003496-D-0071,1.0,Beni,Rural,0,0,0,0.3034,0.193,0,0
843-003496-D-0091,1.0,Beni,Rural,0,0,0,0.2773,0.2357,0,0
843-003496-D-0111,1.0,Beni,Rural,0,0,0,0.2137,0.1885,0,0
843-003496-D-0131,1.0,Beni,Rural,0,0,0,0.2678,0.1504,0,0
843-003496-D-0151,1.0,Beni,Rural,0,0,0,0.3196,0.1914,0,0
843-003496-D-0171,1.0,Beni,Rural,0,0,0,0.2207,0.2113,0,0
843-003496-D-0191,1.0,Beni,Rural,0,0,0,0.2471,0.2161,0,0
843-003496-D-0211,1.0,Beni,Rural,0,0,0,0.1735,0.1477,0,0
843-003496-D-0221,1.0,Beni,Rural,0,0,0,0.1707,0.1458,0,0
853-004162-D-0011,1.0,Beni,Rural,0,1,1,0.339,0.2947,0,0
853-004162-D-0021,1.0,Beni,Rural,0,0,1,0.2551,0.1274,0,0
853-004162-D-0031,3.0,Beni,Rural,0,0,1,0.3093,0.2589,0,0
853-004162-D-0041,1.0,Beni,Rural,0,0,1,0.3403,0.2606,0,0
853-004162-D-0051,1.0,Beni,Rural,0,0,0,0.4353,0.1733,0,0
853-004162-D-0071,3.0,Beni,Rural,0,0,0,0.2843,0.1884,0,0
853-004162-D-0081,1.0,Beni,Rural,0,0,0,0.4572,0.2478,0,0
853-004162-D-0101,1.0,Beni,Rural,0,0,0,0.4781,0.2446,0,0
853-004162-D-0111,5.0,Beni,Rural,0,0,0,0.3705,0.2061,0,0
853-004162-D-0121,3.0,Beni,Rural,0,0,0,0.3153,0.2396,0,0
853-004162-D-0091,1.0,Beni,Rural,0,0,1,0.3935,0.2001,0,0
843-003272-A-0011,3.0,Beni,Rural,0,0,0,0.4104,0.3663,0,0
843-003272-A-0031,1.0,Beni,Rural,0,0,0,0.3724,0.2046,0,0
843-003272-A-0021,3.0,Beni,Rural,0,1,0,0.4965,0.2832,0,0
843-003272-A-0041,1.0,Beni,Rural,0,0,0,0.2521,0.2833,0,0
843-003272-A-0051,1.0,Beni,Rural,0,0,0,0.3034,0.2178,0,0
843-003272-A-0061,1.0,Beni,Rural,0,0,0,0.543,0.3203,1,0
843-003272-A-0071,4.0,Beni,Rural,0,0,0,0.4124,0.2686,0,0
843-003272-A-0081,1.0,Beni,Rural,0,0,0,0.2722,0.2307,0,0
843-003272-A-0091,3.0,Beni,Rural,0,0,0,0.2931,0.2092,0,0
843-003272-A-0101,1.0,Beni,Rural,0,1,0,0.3485,0.3155,0,0
843-003272-A-0121,3.0,Beni,Rural,0,0,0,0.2702,0.1657,0,0
843-003272-A-0111,3.0,Beni,Rural,0,0,0,0.2367,0.2178,0,0
821-002793-A-0011,1.0,Beni,Urbano,0,0,1,0.2313,0.1885,0,0
821-002793-A-0021,4.0,Beni,Urbano,0,0,0,0.3852,0.2613,0,0
821-002793-A-0041,3.0,Beni,Urbano,0,0,0,0.2923,0.2082,0,0
821-002793-A-0061,1.0,Beni,Urbano,0,1,0,0.4091,0.2293,0,0
821-002793-A-0071,3.0,Beni,Urbano,0,0,0,0.3678,0.3263,0,0
821-002793-A-0091,3.0,Beni,Urbano,0,0,0,0.5114,0.3876,1,0
821-002793-A-0101,7.0,Beni,Urbano,0,0,1,0.4403,0.3507,0,0
821-002793-A-0121,1.0,Beni,Urbano,0,0,0,0.6677,0.4468,1,0
821-002793-A-0131,1.0,Beni,Urbano,0,0,0,0.4028,0.2156,0,0
821-002793-A-0151,1.0,Beni,Urbano,0,0,1,0.486,0.2895,0,0
821-002793-A-0171,5.0,Beni,Urbano,0,0,1,0.4634,0.2515,0,0
821-002793-A-0181,3.0,Beni,Urbano,0,0,1,0.5383,0.3992,1,0
821-002777-A-0011,3.0,Beni,Urbano,0,0,0,0.3446,0.2236,0,0
821-002777-A-0041,1.0,Beni,Urbano,0,0,0,0.344,0.1951,0,0
821-002777-A-0071,1.0,Beni,Urbano,0,0,1,0.5811,0.3316,1,0
821-002777-A-0101,1.0,Beni,Urbano,0,1,1,0.473,0.3263,0,0
821-002777-A-0131,1.0,Beni,Urbano,0,0,0,0.4918,0.3589,0,0
821-002777-A-0161,1.0,Beni,Urbano,0,0,0,0.4207,0.3581,0,0
821-002777-A-0191,1.0,Beni,Urbano,0,0,0,0.5643,0.3938,1,0
821-002777-A-0231,1.0,Beni,Urbano,0,0,1,0.5096,0.3268,1,0
821-002777-A-0261,2.0,Beni,Urbano,0,0,0,0.4357,0.2643,0,0
821-002777-A-0291,1.0,Beni,Urbano,0,0,0,0.3752,0.2476,0,0
821-002777-A-0321,3.0,Beni,Urbano,0,0,0,0.3179,0.2591,0,0
821-002777-A-0351,5.0,Beni,Urbano,0,0,0,0.3711,0.2589,0,0
813-000480-A-0011,1.0,Beni,Urbano,0,0,0,0.4077,0.2855,0,0
813-000480-A-0021,1.0,Beni,Urbano,0,0,0,0.2131,0.3061,0,0
813-000480-A-0041,1.0,Beni,Urbano,0,1,0,0.4378,0.2913,0,0
813-000480-A-0051,1.0,Beni,Urbano,0,0,0,0.3234,0.3392,0,0
813-000480-A-0071,1.0,Beni,Urbano,0,0,1,0.3994,0.4044,0,0
813-000480-A-0081,1.0,Beni,Urbano,0,0,1,0.3068,0.2752,0,0
813-000480-A-0101,1.0,Beni,Urbano,0,0,1,0.4111,0.2492,0,0
813-000480-A-0111,2.0,Beni,Urbano,1,0,1,0.3276,0.3994,0,0
813-000480-A-0131,3.0,Beni,Urbano,0,0,1,0.3696,0.3281,0,0
813-000480-A-0141,1.0,Beni,Urbano,0,0,0,0.2689,0.2041,0,0
813-000480-A-0161,1.0,Beni,Urbano,1,1,1,0.4746,0.5296,0,1
813-000480-A-0171,1.0,Beni,Urbano,0,0,1,0.2293,0.2604,0,0
823-002041-A-0011,1.0,Beni,Urbano,0,0,0,0.421,0.235,0,0
823-002041-A-0021,1.0,Beni,Urbano,0,1,0,0.3243,0.3367,0,0
823-002041-A-0031,1.0,Beni,Urbano,0,1,1,0.4617,0.3108,0,0
823-002041-A-0041,1.0,Beni,Urbano,0,0,1,0.2172,0.2951,0,0
823-002041-A-0081,1.0,Beni,Urbano,0,0,1,0.4087,0.2203,0,0
823-002041-A-0061,4.0,Beni,Urbano,0,1,0,0.3598,0.3283,0,0
823-002041-A-0071,3.0,Beni,Urbano,0,0,1,0.3895,0.3288,0,0
823-002041-A-0091,3.0,Beni,Urbano,0,0,0,0.2972,0.2491,0,0
823-002041-A-0111,1.0,Beni,Urbano,0,0,0,0.517,0.3435,1,0
823-002041-A-0121,1.0,Beni,Urbano,0,0,0,0.4123,0.26,0,0
823-002041-A-0131,1.0,Beni,Urbano,0,0,0,0.2508,0.2704,0,0
823-002041-A-0141,1.0,Beni,Urbano,0,0,1,0.2612,0.1981,0,0
823-002009-A-0011,1.0,Beni,Urbano,0,0,0,0.5455,0.3527,1,0
823-002009-A-0021,1.0,Beni,Urbano,0,0,1,0.2463,0.247,0,0
823-002009-A-0031,1.0,Beni,Urbano,0,0,1,0.3031,0.2734,0,0
823-002009-A-0051,1.0,Beni,Urbano,0,1,0,0.2934,0.2302,0,0
823-002009-A-0061,1.0,Beni,Urbano,1,0,1,0.3425,0.4361,0,0
823-002009-A-0081,1.0,Beni,Urbano,0,0,1,0.4188,0.2874,0,0
823-002009-A-0091,1.0,Beni,Urbano,0,0,1,0.435,0.2316,0,0
823-002009-A-0131,1.0,Beni,Urbano,0,0,1,0.4191,0.297,0,0
823-002009-A-0151,3.0,Beni,Urbano,0,0,0,0.4924,0.2631,0,0
823-002009-A-0161,1.0,Beni,Urbano,0,0,0,0.5648,0.3345,1,0
823-002009-A-0121,2.0,Beni,Urbano,0,0,0,0.5714,0.3729,1,0
824-002121-A-0011,1.0,Beni,Urbano,0,0,1,0.3821,0.2753,0,0
824-002121-A-0031,1.0,Beni,Urbano,0,0,0,0.3234,0.3634,0,0
824-002121-A-0051,1.0,Beni,Urbano,0,0,0,0.3365,0.2959,0,0
824-002121-A-0061,1.0,Beni,Urbano,0,0,0,0.3467,0.2246,0,0
824-002121-A-0081,2.0,Beni,Urbano,1,1,1,0.4071,0.3915,0,0
824-002121-A-0101,1.0,Beni,Urbano,0,0,1,0.2828,0.2162,0,0
824-002121-A-0121,1.0,Beni,Urbano,1,0,1,0.4678,0.5005,0,1
824-002121-A-0131,1.0,Beni,Urbano,0,1,1,0.3777,0.2236,0,0
824-002121-A-0151,3.0,Beni,Urbano,0,0,1,0.3477,0.3222,0,0
824-002121-A-0171,3.0,Beni,Urbano,0,0,1,0.4222,0.2815,0,0
824-002121-A-0191,1.0,Beni,Urbano,0,0,1,0.3639,0.401,0,0
824-002121-A-0201,1.0,Beni,Urbano,0,0,0,0.3035,0.2954,0,0
822-001854-A-0021,1.0,Beni,Urbano,0,0,0,0.4453,0.3149,0,0
822-001854-A-0031,1.0,Beni,Urbano,0,0,0,0.3278,0.3124,0,0
822-001854-A-0041,1.0,Beni,Urbano,0,0,0,0.4146,0.2807,0,0
822-001854-A-0011,1.0,Beni,Urbano,0,0,0,0.3927,0.3515,0,0
822-001854-A-0061,2.0,Beni,Urbano,0,0,1,0.6358,0.4208,1,0
822-001854-A-0081,1.0,Beni,Urbano,0,0,1,0.2787,0.2688,0,0
822-001854-A-0071,1.0,Beni,Urbano,1,0,1,0.3387,0.4721,0,0
822-001854-A-0051,1.0,Beni,Urbano,0,0,1,0.4117,0.2757,0,0
822-001854-A-0091,1.0,Beni,Urbano,0,0,0,0.4565,0.3401,0,0
822-001854-A-0101,2.0,Beni,Urbano,0,0,0,0.4773,0.2942,0,0
822-001854-A-0111,1.0,Beni,Urbano,0,0,1,0.4919,0.2135,0,0
822-001854-A-0121,1.0,Beni,Urbano,0,0,1,0.546,0.3176,1,0
823-002062-A-0011,3.0,Beni,Urbano,0,1,0,0.4059,0.2613,0,0
823-002062-A-0031,1.0,Beni,Urbano,0,1,0,0.4725,0.335,0,0
823-002062-A-0061,1.0,Beni,Urbano,0,0,0,0.406,0.3268,0,0
823-002062-A-0081,1.0,Beni,Urbano,0,0,0,0.4797,0.2937,0,0
823-002062-A-0101,2.0,Beni,Urbano,0,1,1,0.383,0.2423,0,0
823-002062-A-0131,1.0,Beni,Urbano,0,1,0,0.3528,0.2848,0,0
823-002062-A-0181,1.0,Beni,Urbano,1,1,1,0.3691,0.2864,0,0
823-002062-A-0231,1.0,Beni,Urbano,0,0,0,0.5877,0.3343,1,0
823-002062-A-0251,1.0,Beni,Urbano,0,0,0,0.5392,0.3107,1,0
823-002062-A-0201,1.0,Beni,Urbano,0,0,1,0.529,0.2768,1,0
823-002062-A-0271,4.0,Beni,Urbano,0,0,0,0.4851,0.2966,0,0
822-001902-A-0011,1.0,Beni,Urbano,0,0,1,0.4894,0.2781,0,0
822-001902-A-0021,1.0,Beni,Urbano,0,0,1,0.5176,0.32,1,0
822-001902-A-0041,1.0,Beni,Urbano,0,0,0,0.6696,0.4841,1,0
822-001902-A-0051,1.0,Beni,Urbano,0,0,1,0.4971,0.4007,0,0
822-001902-A-0071,1.0,Beni,Urbano,0,1,1,0.56,0.4524,1,0
822-001902-A-0081,1.0,Beni,Urbano,0,0,1,0.4057,0.3544,0,0
822-001902-A-0101,2.0,Beni,Urbano,0,0,1,0.6209,0.3641,1,0
822-001902-A-0111,3.0,Beni,Urbano,0,0,1,0.4135,0.2718,0,0
822-001902-A-0131,1.0,Beni,Urbano,0,1,0,0.3884,0.3249,0,0
822-001902-A-0141,1.0,Beni,Urbano,0,0,0,0.4924,0.3688,0,0
822-001902-A-0161,1.0,Beni,Urbano,0,0,0,0.4785,0.2682,0,0
822-001902-A-0171,1.0,Beni,Urbano,0,0,0,0.4088,0.2871,0,0
833-003122-A-0011,1.0,Beni,Urbano,0,0,0,0.498,0.2234,0,0
833-003122-A-0021,3.0,Beni,Urbano,0,0,0,0.391,0.3484,0,0
833-003122-A-0031,1.0,Beni,Urbano,0,0,0,0.4328,0.3208,0,0
833-003122-A-0051,1.0,Beni,Urbano,0,0,0,0.2929,0.2047,0,0
833-003122-A-0061,1.0,Beni,Urbano,0,0,0,0.4816,0.2512,0,0
833-003122-A-0071,1.0,Beni,Urbano,0,0,0,0.3609,0.3098,0,0
833-003122-A-0091,1.0,Beni,Urbano,0,0,1,0.3952,0.2602,0,0
833-003122-A-0101,1.0,Beni,Urbano,0,0,0,0.5656,0.3235,1,0
833-003122-A-0111,3.0,Beni,Urbano,0,0,0,0.6019,0.3886,1,0
833-003122-A-0141,1.0,Beni,Urbano,0,0,0,0.3116,0.2212,0,0
833-003122-A-0151,1.0,Beni,Urbano,0,0,1,0.3134,0.3058,0,0
833-003122-A-0131,1.0,Beni,Urbano,0,0,0,0.5272,0.361,1,0
832-003161-A-0021,3.0,Beni,Urbano,0,0,0,0.3959,0.3199,0,0
832-003161-A-0081,4.0,Beni,Urbano,0,0,0,0.4534,0.2975,0,0
832-003161-A-0151,1.0,Beni,Urbano,0,0,1,0.5545,0.3185,1,0
832-003161-A-0211,1.0,Beni,Urbano,0,0,1,0.4834,0.3797,0,0
832-003161-A-0271,1.0,Beni,Urbano,1,0,0,0.5384,0.5126,1,1
832-003161-A-0451,4.0,Beni,Urbano,0,0,0,0.3586,0.2072,0,0
832-003161-A-0581,1.0,Beni,Urbano,0,0,0,0.6375,0.3925,1,0
832-003161-A-0641,7.0,Beni,Urbano,0,0,0,0.5499,0.2729,1,0
832-003161-A-0701,1.0,Beni,Urbano,0,0,1,0.4399,0.2794,0,0
813-000597-A-0021,1.0,Beni,Urbano,0,0,1,0.3328,0.3415,0,0
813-000597-A-0041,1.0,Beni,Urbano,0,0,0,0.313,0.2301,0,0
813-000597-A-0071,3.0,Beni,Urbano,0,0,0,0.2826,0.249,0,0
813-000597-A-0101,1.0,Beni,Urbano,0,0,0,0.3875,0.3519,0,0
813-000597-A-0121,1.0,Beni,Urbano,0,0,1,0.4044,0.2329,0,0
813-000597-A-0151,1.0,Beni,Urbano,0,0,1,0.4681,0.2783,0,0
813-000597-A-0201,1.0,Beni,Urbano,0,0,1,0.4251,0.2786,0,0
813-000597-A-0221,1.0,Beni,Urbano,0,0,1,0.3563,0.3553,0,0
813-000597-A-0251,1.0,Beni,Urbano,0,0,1,0.4168,0.3785,0,0
813-000597-A-0281,1.0,Beni,Urbano,0,0,1,0.3662,0.3088,0,0
813-000597-A-0301,1.0,Beni,Urbano,0,0,1,0.39,0.3392,0,0
852-003517-D-0011,1.0,Beni,Rural,0,0,1,0.3061,0.1484,0,0
852-003517-D-0031,1.0,Beni,Rural,0,0,0,0.302,0.2827,0,0
852-003517-D-0061,1.0,Beni,Rural,0,0,1,0.2897,0.1916,0,0
852-003517-D-0081,1.0,Beni,Rural,0,0,1,0.3082,0.2573,0,0
852-003517-D-0101,3.0,Beni,Rural,0,0,0,0.3505,0.317,0,0
852-003517-D-0151,1.0,Beni,Rural,0,0,0,0.295,0.2054,0,0
852-003517-D-0181,4.0,Beni,Rural,0,0,0,0.2795,0.2249,0,0
852-003517-D-0201,1.0,Beni,Rural,0,0,0,0.3945,0.2115,0,0
852-003517-D-0231,1.0,Beni,Rural,0,0,0,0.2669,0.1866,0,0
852-003517-D-0251,1.0,Beni,Rural,0,0,1,0.3228,0.2272,0,0
852-003517-D-0271,1.0,Beni,Rural,0,0,0,0.2641,0.1757,0,0
822-001489-A-0011,1.0,Beni,Urbano,0,0,1,0.5243,0.2093,1,0
822-001489-A-0031,1.0,Beni,Urbano,0,0,1,0.374,0.2152,0,0
822-001489-A-0051,3.0,Beni,Urbano,0,0,1,0.3824,0.2244,0,0
822-001489-A-0061,1.0,Beni,Urbano,0,0,1,0.2951,0.2628,0,0
822-001489-A-0081,1.0,Beni,Urbano,0,0,1,0.409,0.3547,0,0
822-001489-A-0101,1.0,Beni,Urbano,0,0,1,0.3482,0.2463,0,0
822-001489-A-0121,1.0,Beni,Urbano,0,0,1,0.1957,0.198,0,0
822-001489-A-0151,2.0,Beni,Urbano,0,0,0,0.3371,0.2886,0,0
822-001489-A-0171,1.0,Beni,Urbano,0,0,1,0.3279,0.2925,0,0
822-001489-A-0191,1.0,Beni,Urbano,0,0,1,0.2649,0.2369,0,0
822-001489-A-0201,1.0,Beni,Urbano,0,0,1,0.3308,0.2882,0,0
821-001056-A-0011,3.0,Beni,Urbano,0,0,1,0.3003,0.2978,0,0
821-001056-A-0031,1.0,Beni,Urbano,0,0,1,0.4114,0.3151,0,0
821-001056-A-0051,1.0,Beni,Urbano,0,0,1,0.3397,0.1911,0,0
821-001056-A-0061,3.0,Beni,Urbano,0,0,1,0.2776,0.2263,0,0
821-001056-A-0081,1.0,Beni,Urbano,0,0,1,0.5584,0.3636,1,0
821-001056-A-0101,2.0,Beni,Urbano,0,0,1,0.3342,0.2375,0,0
821-001056-A-0141,1.0,Beni,Urbano,0,0,1,0.3512,0.2686,0,0
821-001056-A-0161,1.0,Beni,Urbano,0,0,0,0.2988,0.2287,0,0
821-001056-A-0171,1.0,Beni,Urbano,0,0,1,0.306,0.2118,0,0
821-001056-A-0191,1.0,Beni,Urbano,0,0,1,0.4062,0.2532,0,0
821-001056-A-0211,1.0,Beni,Urbano,0,0,1,0.4089,0.3757,0,0
822-001349-A-0011,1.0,Beni,Urbano,0,0,1,0.3658,0.2679,0,0
822-001349-A-0021,4.0,Beni,Urbano,0,0,1,0.2964,0.2463,0,0
822-001349-A-0031,1.0,Beni,Urbano,0,0,1,0.3525,0.266,0,0
822-001349-A-0051,1.0,Beni,Urbano,0,0,0,0.3231,0.2619,0,0
822-001349-A-0061,5.0,Beni,Urbano,0,0,1,0.3915,0.3398,0,0
822-001349-A-0081,3.0,Beni,Urbano,0,0,1,0.3905,0.2828,0,0
822-001349-A-0091,2.0,Beni,Urbano,0,0,0,0.3651,0.4013,0,0
822-001349-A-0101,1.0,Beni,Urbano,0,0,1,0.2955,0.2161,0,0
822-001349-A-0131,1.0,Beni,Urbano,0,0,1,0.3077,0.3208,0,0
822-001349-A-0151,1.0,Beni,Urbano,0,0,1,0.2978,0.2498,0,0
822-001349-A-0161,2.0,Beni,Urbano,0,0,1,0.3242,0.2176,0,0
822-001349-A-0121,1.0,Beni,Urbano,0,0,1,0.2968,0.2416,0,0
821-001044-A-0011,1.0,Beni,Urbano,0,0,1,0.278,0.2161,0,0
821-001044-A-0021,1.0,Beni,Urbano,0,0,1,0.5947,0.4075,1,0
821-001044-A-0041,4.0,Beni,Urbano,0,0,1,0.3047,0.2508,0,0
821-001044-A-0051,1.0,Beni,Urbano,0,0,1,0.3599,0.2897,0,0
821-001044-A-0101,1.0,Beni,Urbano,0,0,1,0.2422,0.1806,0,0
821-001044-A-0111,1.0,Beni,Urbano,0,0,1,0.4588,0.4687,0,0
821-001044-A-0171,1.0,Beni,Urbano,0,0,1,0.3317,0.2663,0,0
821-001044-A-0131,3.0,Beni,Urbano,0,0,1,0.3377,0.3293,0,0
821-001044-A-0141,1.0,Beni,Urbano,1,0,1,0.3645,0.5307,0,1
821-001044-A-0161,4.0,Beni,Urbano,0,0,1,0.3834,0.3346,0,0
821-000995-A-0031,2.0,Beni,Urbano,0,0,1,0.2821,0.2068,0,0
821-000995-A-0041,3.0,Beni,Urbano,0,0,0,0.3806,0.211,0,0
821-000995-A-0011,3.0,Beni,Urbano,0,0,0,0.3905,0.2344,0,0
821-000995-A-0021,1.0,Beni,Urbano,0,0,1,0.3174,0.2274,0,0
821-000995-A-0081,3.0,Beni,Urbano,0,0,1,0.3914,0.339,0,0
821-000995-A-0051,1.0,Beni,Urbano,0,0,1,0.3226,0.2639,0,0
821-000995-A-0061,1.0,Beni,Urbano,0,0,1,0.5863,0.279,1,0
821-000995-A-0071,1.0,Beni,Urbano,0,0,1,0.4988,0.3338,0,0
821-000995-A-0121,1.0,Beni,Urbano,0,0,1,0.3514,0.2515,0,0
821-000995-A-0091,1.0,Beni,Urbano,1,0,1,0.5497,0.435,1,0
821-000995-A-0101,1.0,Beni,Urbano,0,0,1,0.3246,0.2675,0,0
821-000995-A-0111,3.0,Beni,Urbano,0,0,1,0.3632,0.3305,0,0
821-001147-A-0011,1.0,Beni,Urbano,0,0,1,0.4183,0.2794,0,0
821-001147-A-0041,1.0,Beni,Urbano,0,0,1,0.4096,0.2856,0,0
821-001147-A-0061,1.0,Beni,Urbano,0,0,1,0.4025,0.2315,0,0
821-001147-A-0091,1.0,Beni,Urbano,0,0,1,0.3199,0.2195,0,0
821-001147-A-0111,3.0,Beni,Urbano,0,1,1,0.3757,0.2803,0,0
821-001147-A-0141,1.0,Beni,Urbano,0,1,1,0.2491,0.2696,0,0
821-001147-A-0161,1.0,Beni,Urbano,0,0,1,0.4613,0.2638,0,0
821-001147-A-0191,1.0,Beni,Urbano,0,0,1,0.3177,0.2214,0,0
821-001147-A-0211,3.0,Beni,Urbano,0,0,1,0.4205,0.2225,0,0
821-001147-A-0241,1.0,Beni,Urbano,0,0,1,0.3187,0.2797,0,0
821-001147-A-0261,5.0,Beni,Urbano,0,0,1,0.3286,0.2144,0,0
821-001147-A-0291,3.0,Beni,Urbano,0,0,1,0.3095,0.261,0,0
823-001503-A-0021,1.0,Beni,Urbano,0,0,0,0.2914,0.2659,0,0
823-001503-A-0031,1.0,Beni,Urbano,0,0,0,0.4998,0.3726,0,0
823-001503-A-0041,2.0,Beni,Urbano,0,0,1,0.213,0.2104,0,0
823-001503-A-0011,1.0,Beni,Urbano,0,0,0,0.4547,0.2915,0,0
823-001503-A-0061,1.0,Beni,Urbano,1,0,1,0.5432,0.355,1,0
823-001503-A-0071,1.0,Beni,Urbano,0,0,1,0.4338,0.352,0,0
823-001503-A-0081,1.0,Beni,Urbano,0,1,1,0.38,0.225,0,0
823-001503-A-0051,4.0,Beni,Urbano,0,0,0,0.4264,0.3126,0,0
823-001503-A-0121,1.0,Beni,Urbano,0,0,1,0.364,0.2317,0,0
823-001503-A-0091,1.0,Beni,Urbano,0,0,0,0.3275,0.3422,0,0
823-001503-A-0101,1.0,Beni,Urbano,0,0,1,0.2722,0.2909,0,0
823-001503-A-0111,1.0,Beni,Urbano,0,0,1,0.2799,0.2884,0,0
823-001609-A-0011,1.0,Beni,Urbano,1,1,0,0.5622,0.5979,1,1
823-001609-A-0051,1.0,Beni,Urbano,0,1,0,0.31,0.2714,0,0
823-001609-A-0041,1.0,Beni,Urbano,0,0,1,0.2974,0.3571,0,0
823-001609-A-0021,1.0,Beni,Urbano,0,0,1,0.379,0.2416,0,0
823-001609-A-0071,1.0,Beni,Urbano,0,0,0,0.3499,0.2753,0,0
823-001609-A-0081,2.0,Beni,Urbano,0,0,0,0.3916,0.2461,0,0
823-001609-A-0101,3.0,Beni,Urbano,0,0,0,0.2732,0.2551,0,0
823-001609-A-0111,3.0,Beni,Urbano,0,0,0,0.3484,0.3281,0,0
823-001609-A-0131,3.0,Beni,Urbano,1,0,0,0.3491,0.2616,0,0
823-001609-A-0161,3.0,Beni,Urbano,0,0,0,0.5375,0.281,1,0
823-001609-A-0171,1.0,Beni,Urbano,0,0,0,0.3672,0.3365,0,0
852-003590-D-0071,3.0,Beni,Rural,0,0,0,0.5788,0.3279,1,0
852-003590-D-0011,1.0,Beni,Rural,0,0,0,0.52,0.2889,1,0
852-003590-D-0031,1.0,Beni,Rural,0,1,0,0.5153,0.2337,1,0
852-003590-D-0051,3.0,Beni,Rural,0,0,0,0.6946,0.3949,1,0
852-003590-D-0091,3.0,Beni,Rural,0,0,0,0.5508,0.3181,1,0
852-003590-D-0121,1.0,Beni,Rural,0,0,0,0.5082,0.3186,1,0
852-003590-D-0141,1.0,Beni,Rural,0,0,0,0.5755,0.3511,1,0
852-003590-D-0161,4.0,Beni,Rural,1,0,0,0.6845,0.2586,1,0
852-003590-D-0201,2.0,Beni,Rural,0,0,0,0.5608,0.2975,1,0
852-003590-D-0221,1.0,Beni,Rural,0,1,1,0.6105,0.311,1,0
852-003590-D-0251,2.0,Beni,Rural,0,0,0,0.7254,0.4929,1,0
822-001286-A-0011,1.0,Beni,Urbano,0,0,1,0.4548,0.273,0,0
822-001286-A-0021,1.0,Beni,Urbano,0,0,0,0.3072,0.3195,0,0
822-001286-A-0031,1.0,Beni,Urbano,0,0,1,0.2896,0.3732,0,0
822-001286-A-0041,1.0,Beni,Urbano,0,1,1,0.4245,0.3417,0,0
822-001286-A-0051,1.0,Beni,Urbano,0,1,1,0.4294,0.3171,0,0
822-001286-A-0061,1.0,Beni,Urbano,0,1,1,0.3618,0.2121,0,0
822-001286-A-0081,3.0,Beni,Urbano,0,1,1,0.5049,0.2816,1,0
822-001286-A-0091,6.0,Beni,Urbano,0,0,0,0.4075,0.2524,0,0
822-001286-A-0131,1.0,Beni,Urbano,0,0,1,0.4872,0.2931,0,0
822-001286-A-0101,3.0,Beni,Urbano,0,0,1,0.4797,0.2487,0,0
822-001286-A-0121,4.0,Beni,Urbano,0,0,1,0.466,0.3496,0,0
822-001286-A-0111,7.0,Beni,Urbano,0,0,0,0.4681,0.3255,0,0
822-001461-A-0011,1.0,Beni,Urbano,0,1,1,0.435,0.2712,0,0
822-001461-A-0021,1.0,Beni,Urbano,1,1,1,0.4587,0.5918,0,1
822-001461-A-0031,1.0,Beni,Urbano,1,1,1,0.3493,0.4449,0,0
822-001461-A-0041,1.0,Beni,Urbano,0,0,1,0.5457,0.3407,1,0
822-001461-A-0081,4.0,Beni,Urbano,0,1,1,0.4369,0.2074,0,0
822-001461-A-0091,3.0,Beni,Urbano,0,1,1,0.3361,0.2087,0,0
822-001461-A-0061,1.0,Beni,Urbano,1,1,1,0.5007,0.5203,1,1
822-001461-A-0051,1.0,Beni,Urbano,0,0,1,0.3277,0.2014,0,0
822-001461-A-0121,3.0,Beni,Urbano,1,0,0,0.2899,0.3566,0,0
822-001461-A-0101,1.0,Beni,Urbano,0,1,0,0.424,0.2779,0,0
822-001461-A-0131,3.0,Beni,Urbano,1,1,0,0.3138,0.2816,0,0
824-001767-A-0011,1.0,Beni,Urbano,0,1,0,0.3506,0.2762,0,0
824-001767-A-0021,1.0,Beni,Urbano,0,1,1,0.3641,0.3385,0,0
824-001767-A-0031,1.0,Beni,Urbano,0,0,0,0.263,0.1889,0,0
824-001767-A-0041,1.0,Beni,Urbano,0,1,1,0.3906,0.2501,0,0
824-001767-A-0061,1.0,Beni,Urbano,0,0,1,0.4232,0.3203,0,0
824-001767-A-0051,3.0,Beni,Urbano,0,1,1,0.3739,0.3102,0,0
824-001767-A-0091,3.0,Beni,Urbano,0,0,1,0.2897,0.2676,0,0
824-001767-A-0081,1.0,Beni,Urbano,0,1,1,0.3227,0.1838,0,0
824-001767-A-0111,1.0,Beni,Urbano,1,0,0,0.3907,0.4882,0,0
824-001767-A-0101,3.0,Beni,Urbano,0,1,1,0.3017,0.2479,0,0
824-001767-A-0121,1.0,Beni,Urbano,0,0,0,0.462,0.2763,0,0
824-001767-A-0131,1.0,Beni,Urbano,1,1,1,0.4559,0.4956,0,0
823-001665-A-0011,1.0,Beni,Urbano,1,0,0,0.4036,0.428,0,0
823-001665-A-0031,1.0,Beni,Urbano,0,0,1,0.5195,0.4154,1,0
823-001665-A-0071,1.0,Beni,Urbano,0,1,1,0.1646,0.2259,0,0
823-001665-A-0051,1.0,Beni,Urbano,0,1,1,0.3787,0.3231,0,0
823-001665-A-0091,1.0,Beni,Urbano,0,1,0,0.2505,0.2513,0,0
823-001665-A-0131,1.0,Beni,Urbano,0,0,0,0.3893,0.2459,0,0
823-001665-A-0151,1.0,Beni,Urbano,1,0,1,0.3524,0.4194,0,0
823-001665-A-0171,3.0,Beni,Urbano,0,0,0,0.4268,0.257,0,0
823-001665-A-0191,1.0,Beni,Urbano,1,1,1,0.3176,0.3689,0,0
823-001665-A-0211,3.0,Beni,Urbano,0,1,1,0.4364,0.3539,0,0
823-001665-A-0221,2.0,Beni,Urbano,0,1,0,0.386,0.2622,0,0
823-001673-A-0051,1.0,Beni,Urbano,0,1,0,0.3374,0.2326,0,0
823-001673-A-0031,1.0,Beni,Urbano,0,0,0,0.2383,0.2235,0,0
823-001673-A-0071,1.0,Beni,Urbano,0,0,0,0.2571,0.2713,0,0
823-001673-A-0111,1.0,Beni,Urbano,0,1,1,0.4624,0.3269,0,0
823-001673-A-0131,1.0,Beni,Urbano,0,0,1,0.2987,0.3245,0,0
823-001673-A-0151,1.0,Beni,Urbano,0,0,0,0.172,0.2564,0,0
823-001673-A-0091,1.0,Beni,Urbano,1,1,1,0.4787,0.5654,0,1
823-001673-A-0171,3.0,Beni,Urbano,0,0,0,0.198,0.2247,0,0
823-001673-A-0191,1.0,Beni,Urbano,0,0,0,0.2932,0.284,0,0
823-001673-A-0211,1.0,Beni,Urbano,0,0,1,0.2905,0.2296,0,0
823-001673-A-0231,1.0,Beni,Urbano,0,0,1,0.2335,0.2818,0,0
821-001109-A-0011,1.0,Beni,Urbano,1,1,1,0.5971,0.4879,1,0
821-001109-A-0031,1.0,Beni,Urbano,0,1,0,0.5033,0.3413,1,0
821-001109-A-0021,1.0,Beni,Urbano,1,0,1,0.5222,0.6724,1,1
821-001109-A-0061,3.0,Beni,Urbano,0,0,0,0.5435,0.3616,1,0
821-001109-A-0071,2.0,Beni,Urbano,0,0,1,0.5122,0.2984,1,0
821-001109-A-0051,2.0,Beni,Urbano,1,1,1,0.6837,0.6087,1,1
821-001109-A-0081,1.0,Beni,Urbano,0,0,0,0.5009,0.4915,1,0
821-001109-A-0101,1.0,Beni,Urbano,0,0,0,0.4472,0.4175,0,0
821-001109-A-0111,3.0,Beni,Urbano,0,0,0,0.3583,0.2801,0,0
821-001109-A-0121,3.0,Beni,Urbano,1,0,1,0.4092,0.3104,0,0
821-001109-A-0091,4.0,Beni,Urbano,1,0,0,0.3787,0.5204,0,1
832-002618-A-0071,2.0,Beni,Urbano,0,0,1,0.3885,0.2697,0,0
832-002618-A-0031,1.0,Beni,Urbano,0,0,1,0.4646,0.227,0,0
832-002618-A-0051,1.0,Beni,Urbano,0,1,1,0.4832,0.4533,0,0
832-002618-A-0011,4.0,Beni,Urbano,0,1,1,0.3372,0.2784,0,0
832-002618-A-0091,2.0,Beni,Urbano,0,0,0,0.3544,0.3534,0,0
832-002618-A-0131,1.0,Beni,Urbano,0,0,0,0.5594,0.4262,1,0
832-002618-A-0151,3.0,Beni,Urbano,0,0,0,0.5105,0.3235,1,0
832-002618-A-0111,1.0,Beni,Urbano,0,1,0,0.4983,0.4131,0,0
832-002618-A-0171,2.0,Beni,Urbano,1,0,0,0.4125,0.4788,0,0
832-002618-A-0191,1.0,Beni,Urbano,0,0,0,0.3322,0.2209,0,0
832-002618-A-0211,5.0,Beni,Urbano,0,1,0,0.3269,0.3183,0,0
832-002618-A-0221,4.0,Beni,Urbano,1,0,1,0.5127,0.54,1,1
842-003349-A-0051,3.0,Beni,Rural,0,1,1,0.4489,0.264,0,0
842-003349-A-0061,3.0,Beni,Rural,0,0,1,0.3671,0.2691,0,0
842-003349-A-0031,1.0,Beni,Rural,0,0,0,0.3145,0.189,0,0
842-003349-A-0011,1.0,Beni,Rural,0,0,0,0.4521,0.309,0,0
842-003349-A-0101,1.0,Beni,Rural,0,0,0,0.2484,0.2601,0,0
842-003349-A-0121,1.0,Beni,Rural,0,0,0,0.3046,0.2653,0,0
842-003349-A-0141,1.0,Beni,Rural,0,0,0,0.2936,0.2099,0,0
842-003349-A-0081,1.0,Beni,Rural,0,0,0,0.444,0.3132,0,0
842-003349-A-0211,2.0,Beni,Rural,1,0,0,0.2859,0.4201,0,0
842-003349-A-0191,1.0,Beni,Rural,1,0,0,0.2523,0.477,0,0
842-003349-A-0171,1.0,Beni,Rural,1,0,0,0.4338,0.5318,0,1
842-003349-A-0161,1.0,Beni,Rural,1,1,0,0.2956,0.4825,0,0
833-002626-A-0011,1.0,Beni,Urbano,0,0,1,0.4484,0.2638,0,0
833-002626-A-0021,1.0,Beni,Urbano,0,0,1,0.3903,0.248,0,0
833-002626-A-0041,1.0,Beni,Urbano,0,0,1,0.3367,0.281,0,0
833-002626-A-0071,1.0,Beni,Urbano,0,0,0,0.2704,0.337,0,0
833-002626-A-0081,1.0,Beni,Urbano,0,0,0,0.334,0.2526,0,0
833-002626-A-0101,3.0,Beni,Urbano,0,0,0,0.3918,0.2513,0,0
833-002626-A-0111,1.0,Beni,Urbano,0,0,0,0.3988,0.3415,0,0
833-002626-A-0131,1.0,Beni,Urbano,0,1,1,0.3708,0.273,0,0
833-002626-A-0141,1.0,Beni,Urbano,0,0,1,0.3813,0.2787,0,0
833-002626-A-0171,1.0,Beni,Urbano,0,0,1,0.4133,0.2636,0,0
833-002626-A-0161,2.0,Beni,Urbano,0,0,1,0.4362,0.391,0,0
814-000883-A-0041,1.0,Beni,Urbano,0,0,1,0.3487,0.3122,0,0
814-000883-A-0031,1.0,Beni,Urbano,0,0,1,0.4265,0.2669,0,0
814-000883-A-0011,1.0,Beni,Urbano,0,0,1,0.3785,0.2926,0,0
814-000883-A-0021,5.0,Beni,Urbano,0,0,1,0.4011,0.3395,0,0
814-000883-A-0051,2.0,Beni,Urbano,0,0,0,0.3901,0.3706,0,0
814-000883-A-0061,1.0,Beni,Urbano,0,0,0,0.3472,0.234,0,0
814-000883-A-0071,1.0,Beni,Urbano,0,0,0,0.3336,0.3158,0,0
814-000883-A-0081,1.0,Beni,Urbano,0,0,1,0.5098,0.364,1,0
814-000883-A-0111,2.0,Beni,Urbano,1,0,1,0.2634,0.2967,0,0
814-000883-A-0121,1.0,Beni,Urbano,1,0,1,0.2789,0.2895,0,0
814-000883-A-0101,1.0,Beni,Urbano,1,0,1,0.5113,0.5503,1,1
814-000883-A-0091,1.0,Beni,Urbano,1,0,0,0.2468,0.4907,0,0
831-002594-A-0031,4.0,Beni,Urbano,0,0,1,0.374,0.3166,0,0
831-002594-A-0151,2.0,Beni,Urbano,0,1,1,0.5757,0.4288,1,0
831-002594-A-0071,3.0,Beni,Urbano,0,0,1,0.485,0.3276,0,0
831-002594-A-0111,2.0,Beni,Urbano,0,1,1,0.3429,0.2601,0,0
831-002594-A-0191,3.0,Beni,Urbano,1,0,0,0.5585,0.4937,1,0
831-002594-A-0221,1.0,Beni,Urbano,0,1,0,0.4266,0.3076,0,0
831-002594-A-0301,3.0,Beni,Urbano,0,0,1,0.4566,0.3372,0,0
831-002594-A-0261,1.0,Beni,Urbano,1,1,0,0.4989,0.4978,0,0
831-002594-A-0341,1.0,Beni,Urbano,1,0,0,0.8082,0.6757,1,1
831-002594-A-0421,1.0,Beni,Urbano,0,0,1,0.4927,0.3461,0,0
831-002594-A-0451,1.0,Beni,Urbano,1,0,0,0.3471,0.2521,0,0
852-003657-D-0101,1.0,Beni,Rural,0,0,1,0.321,0.2839,0,0
852-003657-D-0071,1.0,Beni,Rural,0,0,1,0.3448,0.2005,0,0
852-003657-D-0041,1.0,Beni,Rural,0,0,0,0.398,0.2597,0,0
852-003657-D-0021,1.0,Beni,Rural,0,1,1,0.247,0.2031,0,0
852-003657-D-0201,1.0,Beni,Rural,0,1,1,0.3284,0.2749,0,0
852-003657-D-0121,1.0,Beni,Rural,0,0,0,0.3156,0.2869,0,0
852-003657-D-0151,3.0,Beni,Rural,1,0,1,0.3694,0.3863,0,0
852-003657-D-0171,3.0,Beni,Rural,0,1,1,0.284,0.2924,0,0
852-003657-D-0281,1.0,Beni,Rural,0,1,1,0.2572,0.2289,0,0
852-003657-D-0301,1.0,Beni,Rural,0,0,0,0.3993,0.281,0,0
852-003657-D-0251,1.0,Beni,Rural,0,0,0,0.3154,0.1851,0,0
852-003657-D-0221,1.0,Beni,Rural,0,0,0,0.5752,0.3778,1,0
852-003665-D-0151,3.0,Beni,Rural,0,0,1,0.2618,0.2657,0,0
852-003665-D-0091,1.0,Beni,Rural,0,0,1,0.3335,0.1767,0,0
852-003665-D-0031,1.0,Beni,Rural,0,0,1,0.2907,0.2119,0,0
852-003665-D-0211,1.0,Beni,Rural,0,1,1,0.3554,0.2015,0,0
852-003665-D-0271,3.0,Beni,Rural,0,0,1,0.3301,0.3076,0,0
852-003665-D-0381,3.0,Beni,Rural,0,0,0,0.3026,0.2269,0,0
852-003665-D-0331,1.0,Beni,Rural,0,1,0,0.403,0.3004,0,0
852-003665-D-0441,1.0,Beni,Rural,0,0,0,0.3321,0.2078,0,0
852-003665-D-0501,2.0,Beni,Rural,0,0,0,0.3244,0.2402,0,0
852-003665-D-0561,1.0,Beni,Rural,0,0,1,0.4187,0.3793,0,0
852-003665-D-0621,1.0,Beni,Rural,0,1,1,0.3386,0.302,0,0
852-003665-D-0681,1.0,Beni,Rural,0,0,0,0.3489,0.3384,0,0
822-002683-A-0061,1.0,Beni,Urbano,0,1,1,0.3968,0.2673,0,0
822-002683-A-0011,1.0,Beni,Urbano,0,1,1,0.658,0.3925,1,0
822-002683-A-0041,1.0,Beni,Urbano,0,1,1,0.5023,0.3197,1,0
822-002683-A-0081,1.0,Beni,Urbano,0,0,1,0.3478,0.237,0,0
822-002683-A-0101,1.0,Beni,Urbano,0,0,0,0.3716,0.2552,0,0
822-002683-A-0161,1.0,Beni,Urbano,0,0,0,0.5288,0.3553,1,0
822-002683-A-0121,1.0,Beni,Urbano,0,0,0,0.3379,0.2517,0,0
822-002683-A-0141,1.0,Beni,Urbano,1,1,0,0.6055,0.6531,1,1
822-002683-A-0181,2.0,Beni,Urbano,1,0,1,0.4606,0.5412,0,1
822-002683-A-0201,1.0,Beni,Urbano,0,0,0,0.4749,0.414,0,0
822-002683-A-0221,1.0,Beni,Urbano,0,0,1,0.397,0.2788,0,0
822-002683-A-0241,1.0,Beni,Urbano,0,0,1,0.4023,0.2434,0,0
852-004046-D-0041,1.0,Beni,Rural,0,0,1,0.2872,0.2361,0,0
852-004046-D-0021,1.0,Beni,Rural,1,1,1,0.5208,0.639,1,1
852-004046-D-0031,1.0,Beni,Rural,0,0,0,0.4393,0.2657,0,0
852-004046-D-0011,3.0,Beni,Rural,0,0,0,0.3747,0.2457,0,0
852-004046-D-0061,1.0,Beni,Rural,0,1,0,0.578,0.3737,1,0
852-004046-D-0071,1.0,Beni,Rural,0,1,1,0.5306,0.4144,1,0
852-004046-D-0081,1.0,Beni,Rural,0,0,0,0.3891,0.2415,0,0
852-004046-D-0091,1.0,Beni,Rural,0,0,0,0.3158,0.1914,0,0
852-004046-D-0121,1.0,Beni,Rural,0,0,0,0.5315,0.2836,1,0
852-004046-D-0111,1.0,Beni,Rural,0,0,1,0.5118,0.3135,1,0
842-003276-A-0031,3.0,Beni,Rural,0,0,0,0.2381,0.2658,0,0
842-003276-A-0041,1.0,Beni,Rural,0,0,0,0.2268,0.2279,0,0
842-003276-A-0011,1.0,Beni,Rural,0,0,0,0.3962,0.3256,0,0
842-003276-A-0021,2.0,Beni,Rural,0,0,0,0.2626,0.2331,0,0
842-003276-A-0071,1.0,Beni,Rural,0,0,0,0.3914,0.3142,0,0
842-003276-A-0081,1.0,Beni,Rural,0,0,0,0.4113,0.2495,0,0
842-003276-A-0091,2.0,Beni,Rural,0,0,0,0.4106,0.1943,0,0
842-003276-A-0061,3.0,Beni,Rural,0,0,0,0.4142,0.2882,0,0
843-003285-A-0041,1.0,Beni,Rural,0,0,0,0.4391,0.4025,0,0
843-003285-A-0011,1.0,Beni,Rural,0,0,0,0.3421,0.2541,0,0
843-003285-A-0061,3.0,Beni,Rural,0,0,0,0.2808,0.2165,0,0
843-003285-A-0091,1.0,Beni,Rural,0,0,0,0.4066,0.3053,0,0
843-003285-A-0191,1.0,Beni,Rural,0,0,0,0.387,0.333,0,0
843-003285-A-0111,1.0,Beni,Rural,0,0,0,0.4926,0.3135,0,0
843-003285-A-0141,1.0,Beni,Rural,0,0,0,0.368,0.2511,0,0
843-003285-A-0161,1.0,Beni,Rural,0,0,0,0.394,0.2198,0,0
832-002551-A-0021,1.0,Beni,Urbano,0,0,0,0.6415,0.389,1,0
832-002551-A-0031,1.0,Beni,Urbano,0,0,0,0.4143,0.2497,0,0
832-002551-A-0041,1.0,Beni,Urbano,0,0,0,0.4142,0.3014,0,0
832-002551-A-0011,2.0,Beni,Urbano,0,0,1,0.4501,0.3131,0,0
832-002551-A-0061,1.0,Beni,Urbano,0,0,0,0.4009,0.2755,0,0
832-002551-A-0091,3.0,Beni,Urbano,0,0,0,0.5173,0.3129,1,0
832-002551-A-0071,1.0,Beni,Urbano,0,0,0,0.6204,0.3114,1,0
832-002551-A-0081,1.0,Beni,Urbano,1,0,0,0.5991,0.5992,1,1
823-002443-A-0011,1.0,Beni,Urbano,0,0,0,0.36,0.3139,0,0
823-002443-A-0031,3.0,Beni,Urbano,0,0,0,0.5626,0.3703,1,0
823-002443-A-0041,1.0,Beni,Urbano,0,0,0,0.4441,0.3642,0,0
823-002443-A-0061,3.0,Beni,Urbano,0,0,0,0.4011,0.2983,0,0
823-002443-A-0091,2.0,Beni,Urbano,0,0,0,0.3935,0.2564,0,0
823-002443-A-0111,1.0,Beni,Urbano,0,1,0,0.5805,0.2835,1,0
823-002443-A-0081,2.0,Beni,Urbano,0,0,0,0.4804,0.2785,0,0
823-002443-A-0131,4.0,Beni,Urbano,0,0,0,0.4716,0.271,0,0
823-002443-A-0141,1.0,Beni,Urbano,0,1,0,0.4113,0.2698,0,0
822-002375-A-0031,3.0,Beni,Urbano,0,0,0,0.4346,0.3285,0,0
822-002375-A-0041,1.0,Beni,Urbano,0,0,0,0.5944,0.335,1,0
822-002375-A-0061,1.0,Beni,Urbano,0,0,0,0.5576,0.4424,1,0
822-002375-A-0011,1.0,Beni,Urbano,0,0,0,0.4607,0.2888,0,0
822-002375-A-0131,3.0,Beni,Urbano,0,0,1,0.4051,0.2313,0,0
822-002375-A-0081,3.0,Beni,Urbano,0,0,0,0.4813,0.2887,0,0
822-002375-A-0091,1.0,Beni,Urbano,0,0,0,0.6101,0.3401,1,0
822-002375-A-0111,3.0,Beni,Urbano,0,0,0,0.3207,0.2413,0,0
822-002375-A-0191,1.0,Beni,Urbano,0,1,0,0.601,0.4171,1,0
851-003955-D-0031,1.0,Beni,Rural,1,1,1,0.6529,0.6436,1,1
851-003955-D-0041,1.0,Beni,Rural,0,0,0,0.6052,0.4712,1,0
851-003955-D-0061,1.0,Beni,Rural,0,0,1,0.5673,0.331,1,0
851-003955-D-0011,1.0,Beni,Rural,1,1,1,0.5667,0.2655,1,0
851-003955-D-0111,7.0,Beni,Rural,0,0,0,0.441,0.2062,0,0
851-003955-D-0131,3.0,Beni,Rural,0,0,1,0.4664,0.468,0,0
851-003955-D-0091,1.0,Beni,Rural,0,0,0,0.7062,0.3337,1,0
851-003955-D-0181,1.0,Beni,Rural,1,1,1,0.6218,0.5242,1,1
852-004057-D-0011,3.0,Beni,Rural,1,1,1,0.5638,0.4805,1,0
852-004057-D-0031,1.0,Beni,Rural,0,0,1,0.4877,0.2859,0,0
852-004057-D-0061,3.0,Beni,Rural,0,0,1,0.4834,0.2773,0,0
852-004057-D-0041,1.0,Beni,Rural,0,1,1,0.532,0.4205,1,0
852-004057-D-0131,1.0,Beni,Rural,1,0,0,0.4835,0.606,0,1
852-004057-D-0081,1.0,Beni,Rural,1,0,0,0.4281,0.5419,0,1
852-004057-D-0091,2.0,Beni,Rural,0,0,0,0.3262,0.267,0,0
852-004057-D-0111,3.0,Beni,Rural,1,0,0,0.401,0.579,0,1
852-004057-D-0141,1.0,Beni,Rural,0,0,0,0.4323,0.3673,0,0
914-000470-A-0111,3.0,Pando,Urbano,0,1,1,0.261,0.3263,0,0
914-000470-A-0121,3.0,Pando,Urbano,0,0,0,0.2943,0.3102,0,0
914-000470-A-0131,1.0,Pando,Urbano,0,0,0,0.3416,0.3656,0,0
914-000470-A-0141,3.0,Pando,Urbano,0,0,0,0.3578,0.2583,0,0
914-000470-A-0011,1.0,Pando,Urbano,0,0,0,0.4411,0.2722,0,0
914-000470-A-0021,1.0,Pando,Urbano,0,0,1,0.5971,0.3475,1,0
914-000470-A-0031,1.0,Pando,Urbano,1,0,1,0.3955,0.4973,0,0
914-000470-A-0041,2.0,Pando,Urbano,0,1,1,0.3473,0.3577,0,0
914-000470-A-0061,1.0,Pando,Urbano,0,0,1,0.3887,0.3196,0,0
914-000470-A-0071,3.0,Pando,Urbano,0,0,1,0.3039,0.3484,0,0
914-000470-A-0081,1.0,Pando,Urbano,0,0,1,0.3941,0.3759,0,0
914-000470-A-0091,1.0,Pando,Urbano,0,0,0,0.2868,0.3377,0,0
913-000358-A-0021,1.0,Pando,Urbano,0,1,1,0.275,0.3661,0,0
913-000358-A-0031,2.0,Pando,Urbano,0,0,1,0.3554,0.3312,0,0
913-000358-A-0041,3.0,Pando,Urbano,0,0,1,0.3704,0.2664,0,0
913-000358-A-0011,1.0,Pando,Urbano,0,0,1,0.457,0.3406,0,0
913-000358-A-0061,1.0,Pando,Urbano,0,0,1,0.263,0.2695,0,0
913-000358-A-0081,3.0,Pando,Urbano,0,0,1,0.2307,0.2168,0,0
913-000358-A-0091,1.0,Pando,Urbano,0,1,1,0.272,0.2992,0,0
913-000358-A-0051,3.0,Pando,Urbano,1,0,0,0.3018,0.4607,0,0
913-000358-A-0101,1.0,Pando,Urbano,0,0,1,0.261,0.3042,0,0
913-000358-A-0121,1.0,Pando,Urbano,0,0,1,0.2929,0.3108,0,0
913-000358-A-0111,1.0,Pando,Urbano,0,0,1,0.3044,0.3442,0,0
913-000358-A-0131,1.0,Pando,Urbano,1,0,0,0.2844,0.4371,0,0
912-000180-A-0011,1.0,Pando,Urbano,0,0,0,0.3422,0.3374,0,0
912-000180-A-0021,3.0,Pando,Urbano,0,0,1,0.3404,0.2969,0,0
912-000180-A-0031,5.0,Pando,Urbano,1,1,1,0.3585,0.4469,0,0
912-000180-A-0041,3.0,Pando,Urbano,0,0,0,0.3147,0.3623,0,0
912-000180-A-0081,2.0,Pando,Urbano,0,0,1,0.2991,0.2638,0,0
912-000180-A-0091,3.0,Pando,Urbano,0,1,1,0.3321,0.2481,0,0
912-000180-A-0061,3.0,Pando,Urbano,0,0,1,0.4,0.2459,0,0
912-000180-A-0071,1.0,Pando,Urbano,0,0,1,0.2495,0.3109,0,0
912-000180-A-0131,5.0,Pando,Urbano,0,0,1,0.3664,0.415,0,0
912-000180-A-0141,1.0,Pando,Urbano,0,0,0,0.3085,0.3402,0,0
912-000180-A-0111,1.0,Pando,Urbano,0,0,1,0.2961,0.3935,0,0
912-000180-A-0121,6.0,Pando,Urbano,0,0,1,0.2934,0.3084,0,0
913-000347-A-0011,3.0,Pando,Urbano,0,0,1,0.3402,0.2482,0,0
913-000347-A-0021,2.0,Pando,Urbano,0,0,0,0.3587,0.3789,0,0
913-000347-A-0031,1.0,Pando,Urbano,1,0,1,0.2222,0.4161,0,0
913-000347-A-0041,3.0,Pando,Urbano,0,1,0,0.346,0.2751,0,0
913-000347-A-0111,3.0,Pando,Urbano,0,1,1,0.2965,0.2104,0,0
913-000347-A-0121,1.0,Pando,Urbano,1,1,1,0.5761,0.6355,1,1
913-000347-A-0131,4.0,Pando,Urbano,0,0,1,0.2891,0.3519,0,0
913-000347-A-0101,1.0,Pando,Urbano,0,1,1,0.3239,0.2443,0,0
913-000347-A-0091,2.0,Pando,Urbano,0,0,1,0.4004,0.3502,0,0
913-000347-A-0081,3.0,Pando,Urbano,1,0,1,0.2908,0.4982,0,0
913-000421-A-0141,1.0,Pando,Urbano,0,0,1,0.4402,0.3484,0,0
913-000421-A-0161,1.0,Pando,Urbano,0,0,0,0.4445,0.3648,0,0
913-000421-A-0181,1.0,Pando,Urbano,1,0,1,0.26,0.4595,0,0
913-000421-A-0191,1.0,Pando,Urbano,0,0,0,0.2648,0.2691,0,0
913-000421-A-0081,2.0,Pando,Urbano,0,0,1,0.3556,0.2431,0,0
913-000421-A-0091,1.0,Pando,Urbano,0,0,1,0.2853,0.2885,0,0
913-000421-A-0111,1.0,Pando,Urbano,0,0,1,0.3499,0.3022,0,0
913-000421-A-0131,1.0,Pando,Urbano,1,1,1,0.3044,0.2308,0,0
913-000421-A-0011,2.0,Pando,Urbano,0,0,1,0.2662,0.3661,0,0
913-000421-A-0031,1.0,Pando,Urbano,0,1,0,0.2875,0.2883,0,0
913-000421-A-0041,1.0,Pando,Urbano,0,0,1,0.2446,0.2865,0,0
913-000421-A-0061,1.0,Pando,Urbano,1,0,1,0.2632,0.3373,0,0
913-000366-A-0131,1.0,Pando,Urbano,1,0,0,0.3007,0.4184,0,0
913-000366-A-0161,1.0,Pando,Urbano,0,1,1,0.2907,0.3188,0,0
913-000366-A-0191,3.0,Pando,Urbano,0,0,0,0.2319,0.3314,0,0
913-000366-A-0221,5.0,Pando,Urbano,1,1,1,0.5443,0.5858,1,1
913-000366-A-0251,1.0,Pando,Urbano,1,1,1,0.3643,0.5085,0,1
913-000366-A-0281,3.0,Pando,Urbano,0,0,1,0.3938,0.4019,0,0
913-000366-A-0311,1.0,Pando,Urbano,1,1,1,0.2565,0.3116,0,0
913-000366-A-0341,1.0,Pando,Urbano,0,1,1,0.271,0.2899,0,0
913-000366-A-0011,1.0,Pando,Urbano,0,1,0,0.3228,0.2876,0,0
913-000366-A-0041,1.0,Pando,Urbano,0,1,1,0.2327,0.3294,0,0
913-000366-A-0071,1.0,Pando,Urbano,0,0,0,0.2649,0.3113,0,0
913-000366-A-0101,1.0,Pando,Urbano,0,0,1,0.2669,0.3007,0,0
912-000196-A-0011,6.0,Pando,Urbano,0,0,1,0.2612,0.2279,0,0
912-000196-A-0031,1.0,Pando,Urbano,0,0,0,0.2356,0.2613,0,0
912-000196-A-0051,1.0,Pando,Urbano,0,0,0,0.2882,0.2937,0,0
912-000196-A-0071,2.0,Pando,Urbano,0,0,0,0.4228,0.3634,0,0
912-000196-A-0091,1.0,Pando,Urbano,1,0,0,0.2427,0.4489,0,0
912-000196-A-0111,1.0,Pando,Urbano,0,1,1,0.2197,0.2918,0,0
912-000196-A-0131,1.0,Pando,Urbano,1,1,1,0.413,0.6215,0,1
912-000196-A-0151,1.0,Pando,Urbano,0,1,1,0.4354,0.2307,0,0
912-000196-A-0171,1.0,Pando,Urbano,0,0,1,0.2577,0.3785,0,0
912-000196-A-0191,1.0,Pando,Urbano,0,1,0,0.3433,0.2815,0,0
912-000196-A-0211,1.0,Pando,Urbano,0,0,1,0.4001,0.3298,0,0
912-000196-A-0231,1.0,Pando,Urbano,0,0,1,0.3089,0.3793,0,0
913-000433-A-0011,1.0,Pando,Urbano,1,1,1,0.2928,0.4791,0,0
913-000433-A-0021,2.0,Pando,Urbano,1,0,1,0.3468,0.3412,0,0
913-000433-A-0031,1.0,Pando,Urbano,0,0,0,0.3317,0.3652,0,0
913-000433-A-0051,1.0,Pando,Urbano,0,1,1,0.3685,0.3097,0,0
913-000433-A-0061,1.0,Pando,Urbano,1,0,1,0.4261,0.6235,0,1
913-000433-A-0071,3.0,Pando,Urbano,0,1,1,0.4674,0.4007,0,0
913-000433-A-0091,1.0,Pando,Urbano,1,0,1,0.4476,0.5769,0,1
913-000433-A-0101,1.0,Pando,Urbano,1,1,1,0.3425,0.5816,0,1
913-000433-A-0111,1.0,Pando,Urbano,0,0,0,0.2685,0.2541,0,0
913-000433-A-0131,1.0,Pando,Urbano,0,0,1,0.2765,0.2408,0,0
913-000433-A-0141,1.0,Pando,Urbano,0,0,1,0.262,0.2251,0,0
913-000433-A-0151,2.0,Pando,Urbano,0,0,1,0.3776,0.3355,0,0
912-000126-A-0111,2.0,Pando,Urbano,0,0,1,0.3183,0.2759,0,0
912-000126-A-0121,2.0,Pando,Urbano,1,0,0,0.3921,0.4799,0,0
912-000126-A-0131,1.0,Pando,Urbano,0,1,1,0.5275,0.418,1,0
912-000126-A-0141,1.0,Pando,Urbano,0,0,0,0.3573,0.3291,0,0
912-000126-A-0011,1.0,Pando,Urbano,0,1,1,0.2083,0.2477,0,0
912-000126-A-0021,1.0,Pando,Urbano,0,0,0,0.3161,0.3029,0,0
912-000126-A-0031,2.0,Pando,Urbano,0,0,1,0.395,0.3925,0,0
912-000126-A-0041,3.0,Pando,Urbano,0,1,1,0.2849,0.4005,0,0
912-000126-A-0061,1.0,Pando,Urbano,0,1,1,0.2895,0.4141,0,0
912-000126-A-0071,1.0,Pando,Urbano,1,1,1,0.5836,0.7185,1,1
912-000126-A-0081,1.0,Pando,Urbano,0,1,1,0.315,0.28,0,0
912-000126-A-0091,3.0,Pando,Urbano,0,0,0,0.3825,0.269,0,0
912-000160-A-0011,2.0,Pando,Urbano,0,1,1,0.4732,0.351,0,0
912-000160-A-0031,3.0,Pando,Urbano,0,0,0,0.4132,0.2988,0,0
912-000160-A-0041,1.0,Pando,Urbano,0,0,0,0.3707,0.2304,0,0
912-000160-A-0021,1.0,Pando,Urbano,0,0,1,0.2677,0.4064,0,0
912-000160-A-0091,1.0,Pando,Urbano,0,0,0,0.3473,0.2583,0,0
912-000160-A-0101,1.0,Pando,Urbano,0,0,0,0.5042,0.3568,1,0
912-000160-A-0111,3.0,Pando,Urbano,0,0,0,0.3829,0.4134,0,0
912-000160-A-0121,3.0,Pando,Urbano,0,0,0,0.467,0.3341,0,0
912-000160-A-0051,1.0,Pando,Urbano,0,0,0,0.4339,0.3347,0,0
912-000160-A-0061,1.0,Pando,Urbano,0,0,0,0.2532,0.2704,0,0
912-000160-A-0071,1.0,Pando,Urbano,0,0,0,0.3933,0.2414,0,0
912-000160-A-0081,1.0,Pando,Urbano,0,0,0,0.437,0.3074,0,0
913-000278-A-0051,1.0,Pando,Urbano,0,0,0,0.4037,0.3327,0,0
913-000278-A-0061,3.0,Pando,Urbano,0,0,0,0.3695,0.2772,0,0
913-000278-A-0071,3.0,Pando,Urbano,0,0,0,0.3832,0.3802,0,0
913-000278-A-0081,3.0,Pando,Urbano,0,0,0,0.3617,0.3033,0,0
913-000278-A-0021,1.0,Pando,Urbano,0,0,0,0.3223,0.3212,0,0
913-000278-A-0091,3.0,Pando,Urbano,0,0,0,0.2696,0.3518,0,0
913-000278-A-0101,1.0,Pando,Urbano,1,0,0,0.3924,0.6673,0,1
913-000278-A-0111,1.0,Pando,Urbano,0,0,1,0.3287,0.3055,0,0
913-000278-A-0121,1.0,Pando,Urbano,0,0,0,0.3463,0.3119,0,0
913-000286-A-0051,1.0,Pando,Urbano,1,1,0,0.3574,0.2791,0,0
913-000286-A-0061,3.0,Pando,Urbano,0,1,1,0.3817,0.2877,0,0
913-000286-A-0071,1.0,Pando,Urbano,0,0,0,0.3121,0.3735,0,0
913-000286-A-0081,1.0,Pando,Urbano,0,1,1,0.4067,0.3132,0,0
913-000286-A-0021,1.0,Pando,Urbano,0,0,1,0.4611,0.3067,0,0
913-000286-A-0031,1.0,Pando,Urbano,0,0,0,0.3844,0.3947,0,0
913-000286-A-0091,1.0,Pando,Urbano,0,0,1,0.3119,0.2859,0,0
913-000286-A-0101,1.0,Pando,Urbano,0,1,1,0.2832,0.3334,0,0
913-000286-A-0111,1.0,Pando,Urbano,0,0,1,0.5357,0.3638,1,0
913-000286-A-0121,1.0,Pando,Urbano,0,0,1,0.2666,0.3244,0,0
912-000144-A-0031,1.0,Pando,Urbano,0,0,1,0.3606,0.3344,0,0
912-000144-A-0041,2.0,Pando,Urbano,0,0,1,0.3428,0.2852,0,0
912-000144-A-0101,1.0,Pando,Urbano,0,0,0,0.3822,0.2472,0,0
912-000144-A-0111,2.0,Pando,Urbano,0,0,0,0.3129,0.3131,0,0
912-000144-A-0121,1.0,Pando,Urbano,1,1,1,0.4964,0.5802,0,1
912-000144-A-0131,1.0,Pando,Urbano,0,0,1,0.222,0.2553,0,0
912-000225-A-0061,2.0,Pando,Urbano,0,0,1,0.4009,0.2924,0,0
912-000225-A-0081,2.0,Pando,Urbano,0,0,1,0.5917,0.352,1,0
912-000225-A-0101,4.0,Pando,Urbano,0,0,1,0.6087,0.434,1,0
912-000225-A-0111,1.0,Pando,Urbano,0,0,0,0.4886,0.3041,0,0
912-000225-A-0131,1.0,Pando,Urbano,0,0,0,0.5647,0.4876,1,0
912-000225-A-0031,1.0,Pando,Urbano,0,0,1,0.4435,0.3214,0,0
912-000225-A-0041,1.0,Pando,Urbano,0,0,0,0.3452,0.285,0,0
912-000225-A-0011,1.0,Pando,Urbano,1,1,0,0.4345,0.5389,0,1
912-000225-A-0021,1.0,Pando,Urbano,0,0,0,0.2976,0.3819,0,0
912-000135-A-0091,2.0,Pando,Urbano,0,0,1,0.3453,0.3546,0,0
912-000135-A-0101,1.0,Pando,Urbano,0,0,1,0.2807,0.2938,0,0
912-000135-A-0111,1.0,Pando,Urbano,0,0,1,0.3291,0.2913,0,0
912-000135-A-0121,2.0,Pando,Urbano,0,0,1,0.3764,0.3235,0,0
912-000135-A-0051,3.0,Pando,Urbano,0,0,0,0.2845,0.2928,0,0
912-000135-A-0081,1.0,Pando,Urbano,0,0,0,0.3886,0.2412,0,0
912-000135-A-0061,1.0,Pando,Urbano,0,0,0,0.3608,0.3088,0,0
912-000135-A-0071,1.0,Pando,Urbano,0,0,0,0.3649,0.263,0,0
912-000135-A-0021,1.0,Pando,Urbano,0,1,0,0.2553,0.265,0,0
912-000135-A-0031,1.0,Pando,Urbano,1,0,0,0.4402,0.4869,0,0
912-000135-A-0041,1.0,Pando,Urbano,0,0,0,0.259,0.3105,0,0
912-000135-A-0011,3.0,Pando,Urbano,0,0,0,0.3078,0.2827,0,0
912-000131-A-0101,1.0,Pando,Urbano,0,0,1,0.4534,0.2532,0,0
912-000131-A-0111,1.0,Pando,Urbano,0,0,1,0.3295,0.2854,0,0
912-000131-A-0051,1.0,Pando,Urbano,0,0,0,0.2955,0.2228,0,0
912-000131-A-0061,3.0,Pando,Urbano,0,0,0,0.4575,0.3504,0,0
912-000131-A-0081,3.0,Pando,Urbano,0,0,0,0.4008,0.2207,0,0
912-000131-A-0091,1.0,Pando,Urbano,0,0,0,0.297,0.2385,0,0
912-000131-A-0041,3.0,Pando,Urbano,0,0,0,0.3581,0.2792,0,0
912-000131-A-0011,1.0,Pando,Urbano,0,0,0,0.524,0.4436,1,0
912-000131-A-0021,4.0,Pando,Urbano,0,0,0,0.31,0.335,0,0
912-000131-A-0031,3.0,Pando,Urbano,0,0,0,0.3023,0.3536,0,0
911-000020-A-0091,2.0,Pando,Urbano,0,0,0,0.4196,0.3326,0,0
911-000020-A-0111,3.0,Pando,Urbano,0,1,0,0.2681,0.2244,0,0
911-000020-A-0101,2.0,Pando,Urbano,0,0,0,0.4255,0.3444,0,0
911-000020-A-0121,1.0,Pando,Urbano,0,0,0,0.5395,0.3495,1,0
911-000020-A-0051,3.0,Pando,Urbano,0,0,1,0.3694,0.2617,0,0
911-000020-A-0061,1.0,Pando,Urbano,0,0,0,0.469,0.3092,0,0
911-000020-A-0071,1.0,Pando,Urbano,0,0,0,0.3351,0.2369,0,0
911-000020-A-0081,3.0,Pando,Urbano,0,0,0,0.3819,0.3211,0,0
911-000020-A-0011,1.0,Pando,Urbano,0,0,0,0.2923,0.2639,0,0
911-000020-A-0021,2.0,Pando,Urbano,0,0,0,0.4933,0.3824,0,0
911-000020-A-0031,2.0,Pando,Urbano,0,0,0,0.4117,0.4878,0,0
911-000020-A-0041,1.0,Pando,Urbano,0,0,0,0.4531,0.3554,0,0
912-000236-A-0131,1.0,Pando,Urbano,0,0,0,0.2157,0.3296,0,0
912-000236-A-0141,1.0,Pando,Urbano,0,0,1,0.3639,0.2688,0,0
912-000236-A-0161,1.0,Pando,Urbano,0,0,1,0.3742,0.3473,0,0
912-000236-A-0171,1.0,Pando,Urbano,1,0,0,0.2926,0.4359,0,0
912-000236-A-0101,3.0,Pando,Urbano,0,0,1,0.314,0.3295,0,0
912-000236-A-0081,1.0,Pando,Urbano,0,0,1,0.3904,0.3653,0,0
912-000236-A-0111,1.0,Pando,Urbano,0,0,1,0.2951,0.3938,0,0
912-000236-A-0071,2.0,Pando,Urbano,0,0,1,0.4362,0.3859,0,0
912-000236-A-0041,1.0,Pando,Urbano,0,0,0,0.3058,0.3151,0,0
912-000236-A-0021,3.0,Pando,Urbano,1,0,0,0.2497,0.3822,0,0
912-000236-A-0051,1.0,Pando,Urbano,1,0,1,0.3919,0.4806,0,0
911-000010-A-0041,1.0,Pando,Urbano,0,0,0,0.3201,0.3188,0,0
911-000010-A-0011,1.0,Pando,Urbano,0,1,1,0.6135,0.5002,1,1
911-000010-A-0021,1.0,Pando,Urbano,0,0,1,0.31,0.2766,0,0
911-000010-A-0051,4.0,Pando,Urbano,0,0,1,0.4542,0.3463,0,0
911-000010-A-0071,1.0,Pando,Urbano,0,0,1,0.4554,0.2992,0,0
911-000010-A-0081,3.0,Pando,Urbano,1,0,0,0.4276,0.2624,0,0
911-000010-A-0061,1.0,Pando,Urbano,1,0,1,0.5361,0.6692,1,1
911-000010-A-0121,3.0,Pando,Urbano,0,1,0,0.3882,0.3392,0,0
911-000010-A-0101,1.0,Pando,Urbano,1,1,1,0.3834,0.4755,0,0
911-000010-A-0111,1.0,Pando,Urbano,1,0,0,0.3226,0.5347,0,1
911-000010-A-0091,3.0,Pando,Urbano,1,0,0,0.5005,0.5688,1,1
914-000451-A-0101,2.0,Pando,Urbano,0,0,1,0.3597,0.3745,0,0
914-000451-A-0121,3.0,Pando,Urbano,0,1,0,0.2692,0.3865,0,0
914-000451-A-0141,1.0,Pando,Urbano,0,1,1,0.3118,0.2902,0,0
914-000451-A-0171,1.0,Pando,Urbano,0,0,0,0.4767,0.3067,0,0
914-000451-A-0261,3.0,Pando,Urbano,0,0,1,0.3845,0.4091,0,0
914-000451-A-0211,3.0,Pando,Urbano,0,0,0,0.3142,0.3191,0,0
914-000451-A-0191,1.0,Pando,Urbano,0,0,0,0.4,0.244,0,0
914-000451-A-0231,4.0,Pando,Urbano,0,0,1,0.3292,0.249,0,0
914-000451-A-0011,1.0,Pando,Urbano,1,1,1,0.3334,0.4875,0,0
914-000451-A-0031,1.0,Pando,Urbano,1,1,1,0.3466,0.4907,0,0
914-000451-A-0081,3.0,Pando,Urbano,0,1,1,0.3138,0.3518,0,0
914-000451-A-0051,3.0,Pando,Urbano,1,1,0,0.3377,0.4415,0,0
914-000519-A-0191,1.0,Pando,Urbano,0,0,0,0.378,0.2973,0,0
914-000519-A-0211,1.0,Pando,Urbano,0,0,0,0.306,0.4268,0,0
914-000519-A-0221,1.0,Pando,Urbano,0,0,1,0.2829,0.3229,0,0
914-000519-A-0091,1.0,Pando,Urbano,0,0,1,0.2643,0.2374,0,0
914-000519-A-0111,1.0,Pando,Urbano,0,0,1,0.4733,0.4653,0,0
914-000519-A-0131,1.0,Pando,Urbano,0,0,0,0.2739,0.3281,0,0
914-000519-A-0151,1.0,Pando,Urbano,1,0,1,0.4577,0.3696,0,0
914-000519-A-0011,1.0,Pando,Urbano,0,0,1,0.3383,0.3146,0,0
914-000519-A-0031,1.0,Pando,Urbano,1,0,0,0.2547,0.4944,0,0
914-000519-A-0051,1.0,Pando,Urbano,0,0,1,0.4559,0.4595,0,0
914-000519-A-0071,1.0,Pando,Urbano,1,1,0,0.416,0.5122,0,1
912-000257-A-0071,3.0,Pando,Urbano,0,1,1,0.3171,0.2723,0,0
912-000257-A-0091,3.0,Pando,Urbano,0,0,1,0.3297,0.4099,0,0
912-000257-A-0101,1.0,Pando,Urbano,0,0,1,0.3545,0.2383,0,0
912-000257-A-0171,1.0,Pando,Urbano,1,0,1,0.3708,0.445,0,0
912-000257-A-0131,1.0,Pando,Urbano,0,0,0,0.2897,0.2515,0,0
912-000257-A-0151,4.0,Pando,Urbano,1,0,1,0.4355,0.4807,0,0
912-000257-A-0181,1.0,Pando,Urbano,1,0,0,0.4837,0.5552,0,1
912-000257-A-0011,1.0,Pando,Urbano,1,1,1,0.4357,0.63,0,1
912-000257-A-0041,2.0,Pando,Urbano,0,1,1,0.3588,0.3237,0,0
912-000257-A-0021,1.0,Pando,Urbano,1,1,1,0.2483,0.5092,0,1
912-000257-A-0061,1.0,Pando,Urbano,1,1,1,0.4586,0.3412,0,0
914-000492-A-0111,1.0,Pando,Urbano,0,0,1,0.2414,0.2774,0,0
914-000492-A-0121,1.0,Pando,Urbano,0,0,1,0.2148,0.3251,0,0
914-000492-A-0131,3.0,Pando,Urbano,0,0,1,0.317,0.2312,0,0
914-000492-A-0141,1.0,Pando,Urbano,0,1,1,0.3388,0.3318,0,0
914-000492-A-0061,2.0,Pando,Urbano,0,0,0,0.3053,0.2685,0,0
914-000492-A-0071,2.0,Pando,Urbano,0,0,1,0.316,0.2717,0,0
914-000492-A-0081,4.0,Pando,Urbano,0,0,1,0.3199,0.266,0,0
914-000492-A-0041,4.0,Pando,Urbano,1,1,1,0.3906,0.5676,0,1
914-000492-A-0031,3.0,Pando,Urbano,1,1,1,0.3056,0.4292,0,0
914-000492-A-0021,2.0,Pando,Urbano,1,1,1,0.304,0.3641,0,0
914-000492-A-0011,3.0,Pando,Urbano,1,1,1,0.4495,0.2821,0,0
914-000539-A-0011,1.0,Pando,Urbano,0,1,1,0.2784,0.276,0,0
914-000539-A-0031,1.0,Pando,Urbano,0,0,1,0.4536,0.2926,0,0
914-000539-A-0051,1.0,Pando,Urbano,0,0,1,0.2648,0.2681,0,0
914-000539-A-0071,1.0,Pando,Urbano,0,0,0,0.3397,0.4774,0,0
914-000539-A-0131,3.0,Pando,Urbano,0,0,0,0.3346,0.3477,0,0
914-000539-A-0231,3.0,Pando,Urbano,1,1,1,0.2757,0.4009,0,0
914-000539-A-0191,3.0,Pando,Urbano,1,1,1,0.2674,0.4142,0,0
914-000539-A-0111,3.0,Pando,Urbano,1,1,1,0.3068,0.5138,0,1
911-000043-A-0011,3.0,Pando,Urbano,0,0,1,0.3506,0.2537,0,0
911-000043-A-0031,1.0,Pando,Urbano,1,0,1,0.575,0.6555,1,1
911-000043-A-0051,1.0,Pando,Urbano,0,1,1,0.4089,0.3276,0,0
911-000043-A-0071,1.0,Pando,Urbano,0,1,1,0.3195,0.2637,0,0
911-000043-A-0201,1.0,Pando,Urbano,0,0,1,0.3732,0.4135,0,0
911-000043-A-0221,2.0,Pando,Urbano,0,1,1,0.397,0.3087,0,0
911-000043-A-0251,1.0,Pando,Urbano,0,0,1,0.3394,0.3075,0,0
911-000043-A-0091,1.0,Pando,Urbano,0,1,0,0.695,0.3747,1,0
911-000043-A-0121,1.0,Pando,Urbano,0,1,0,0.344,0.3764,0,0
911-000043-A-0141,3.0,Pando,Urbano,0,1,0,0.2907,0.2546,0,0
911-000043-A-0161,1.0,Pando,Urbano,0,1,1,0.3632,0.3418,0,0
953-000688-D-0071,4.0,Pando,Rural,0,0,1,0.3072,0.2834,0,0
953-000688-D-0091,1.0,Pando,Rural,0,0,0,0.2165,0.2209,0,0
953-000688-D-0101,5.0,Pando,Rural,0,0,0,0.4153,0.2929,0,0
953-000688-D-0121,1.0,Pando,Rural,0,0,1,0.4234,0.3837,0,0
953-000688-D-0131,1.0,Pando,Rural,0,0,0,0.2411,0.2768,0,0
953-000688-D-0151,1.0,Pando,Rural,0,0,0,0.3306,0.2447,0,0
953-000688-D-0171,2.0,Pando,Rural,0,0,0,0.4127,0.2163,0,0
953-000688-D-0181,6.0,Pando,Rural,0,0,0,0.3427,0.2726,0,0
953-000688-D-0041,3.0,Pando,Rural,0,0,0,0.3144,0.3218,0,0
953-000688-D-0061,1.0,Pando,Rural,0,0,0,0.4561,0.3776,0,0
953-000688-D-0011,3.0,Pando,Rural,0,0,0,0.2227,0.1813,0,0
953-000688-D-0021,1.0,Pando,Rural,0,0,1,0.3167,0.2563,0,0
943-000628-A-0091,3.0,Pando,Rural,0,0,0,0.2671,0.3239,0,0
943-000628-A-0101,5.0,Pando,Rural,0,1,0,0.3162,0.3401,0,0
943-000628-A-0111,4.0,Pando,Rural,0,1,1,0.2635,0.2075,0,0
943-000628-A-0121,4.0,Pando,Rural,0,0,1,0.2298,0.2176,0,0
943-000628-A-0011,1.0,Pando,Rural,0,1,1,0.3197,0.2113,0,0
943-000628-A-0021,3.0,Pando,Rural,0,1,1,0.2965,0.215,0,0
943-000628-A-0031,1.0,Pando,Rural,1,0,0,0.3246,0.5035,0,1
943-000628-A-0061,3.0,Pando,Rural,0,0,1,0.3597,0.3714,0,0
943-000628-A-0041,4.0,Pando,Rural,0,0,1,0.4716,0.4083,0,0
943-000628-A-0081,3.0,Pando,Rural,0,0,0,0.308,0.3304,0,0
943-000628-A-0071,3.0,Pando,Rural,0,0,0,0.2441,0.286,0,0
943-000628-A-0051,1.0,Pando,Rural,0,0,1,0.4309,0.3113,0,0
932-000550-A-0101,1.0,Pando,Urbano,0,0,0,0.5968,0.473,1,0
932-000550-A-0111,3.0,Pando,Urbano,0,1,0,0.2799,0.2647,0,0
932-000550-A-0121,3.0,Pando,Urbano,0,0,0,0.3509,0.2595,0,0
932-000550-A-0091,3.0,Pando,Urbano,0,0,0,0.3171,0.3162,0,0
932-000550-A-0021,3.0,Pando,Urbano,0,0,1,0.2916,0.2392,0,0
932-000550-A-0031,1.0,Pando,Urbano,0,0,1,0.5666,0.2846,1,0
932-000550-A-0041,1.0,Pando,Urbano,0,0,1,0.3367,0.2543,0,0
932-000550-A-0011,2.0,Pando,Urbano,0,0,1,0.5618,0.2558,1,0
932-000550-A-0071,3.0,Pando,Urbano,0,0,0,0.2859,0.3586,0,0
932-000550-A-0061,1.0,Pando,Urbano,0,0,0,0.3341,0.247,0,0
932-000550-A-0051,3.0,Pando,Urbano,0,0,0,0.4719,0.334,0,0
931-000547-A-0171,1.0,Pando,Urbano,0,0,0,0.3705,0.206,0,0
931-000547-A-0131,5.0,Pando,Urbano,0,0,1,0.2998,0.2623,0,0
931-000547-A-0181,3.0,Pando,Urbano,0,0,0,0.2844,0.2353,0,0
931-000547-A-0151,3.0,Pando,Urbano,0,0,0,0.3669,0.2541,0,0
931-000547-A-0011,3.0,Pando,Urbano,0,0,1,0.4704,0.3261,0,0
931-000547-A-0021,3.0,Pando,Urbano,1,0,1,0.6372,0.6469,1,1
931-000547-A-0041,1.0,Pando,Urbano,0,0,1,0.3753,0.2604,0,0
931-000547-A-0061,3.0,Pando,Urbano,0,0,1,0.4293,0.244,0,0
931-000547-A-0071,3.0,Pando,Urbano,0,0,1,0.4208,0.2423,0,0
931-000547-A-0091,1.0,Pando,Urbano,0,0,0,0.4283,0.4416,0,0
931-000547-A-0101,3.0,Pando,Urbano,0,0,0,0.4726,0.305,0,0
931-000547-A-0121,3.0,Pando,Urbano,0,0,1,0.3746,0.3049,0,0
952-000836-D-0171,3.0,Pando,Rural,0,0,0,0.4916,0.4348,0,0
952-000836-D-0151,3.0,Pando,Rural,0,0,0,0.4515,0.2427,0,0
952-000836-D-0191,1.0,Pando,Rural,0,0,0,0.4361,0.2983,0,0
952-000836-D-0201,3.0,Pando,Rural,0,0,0,0.3739,0.2249,0,0
952-000836-D-0051,2.0,Pando,Rural,0,0,0,0.5263,0.2595,1,0
952-000836-D-0061,1.0,Pando,Rural,0,0,0,0.428,0.2427,0,0
952-000836-D-0011,1.0,Pando,Rural,0,0,0,0.4911,0.3163,0,0
952-000836-D-0031,1.0,Pando,Rural,0,0,0,0.3658,0.3274,0,0
952-000836-D-0101,1.0,Pando,Rural,0,0,0,0.5534,0.3937,1,0
952-000836-D-0081,3.0,Pando,Rural,0,0,0,0.4079,0.4131,0,0
952-000836-D-0131,1.0,Pando,Rural,0,0,0,0.4119,0.3302,0,0
952-000836-D-0121,3.0,Pando,Rural,0,0,0,0.4054,0.2978,0,0
953-000856-D-0191,3.0,Pando,Rural,0,0,0,0.4368,0.3004,0,0
953-000856-D-0211,1.0,Pando,Rural,0,0,1,0.3505,0.3623,0,0
953-000856-D-0221,1.0,Pando,Rural,0,0,0,0.4651,0.4112,0,0
953-000856-D-0171,3.0,Pando,Rural,1,0,0,0.2813,0.2881,0,0
953-000856-D-0031,1.0,Pando,Rural,0,0,0,0.5246,0.2841,1,0
953-000856-D-0071,3.0,Pando,Rural,1,0,0,0.361,0.5127,0,1
953-000856-D-0051,1.0,Pando,Rural,0,0,0,0.3772,0.2944,0,0
953-000856-D-0011,1.0,Pando,Rural,0,0,0,0.5357,0.438,1,0
953-000856-D-0151,1.0,Pando,Rural,0,0,0,0.3612,0.4354,0,0
953-000856-D-0111,1.0,Pando,Rural,0,0,0,0.3197,0.2575,0,0
953-000856-D-0131,3.0,Pando,Rural,0,0,0,0.4915,0.3173,0,0
953-000856-D-0091,3.0,Pando,Rural,0,0,0,0.3519,0.1785,0,0
952-000835-D-0291,3.0,Pando,Rural,1,0,0,0.4225,0.6305,0,1
952-000835-D-0261,1.0,Pando,Rural,0,0,1,0.2505,0.2051,0,0
952-000835-D-0211,1.0,Pando,Rural,0,0,0,0.3167,0.3684,0,0
952-000835-D-0241,1.0,Pando,Rural,0,0,0,0.3393,0.2366,0,0
952-000835-D-0111,4.0,Pando,Rural,0,0,1,0.2772,0.1716,0,0
952-000835-D-0141,1.0,Pando,Rural,0,0,0,0.2365,0.3161,0,0
952-000835-D-0161,1.0,Pando,Rural,0,0,1,0.2354,0.1957,0,0
952-000835-D-0011,5.0,Pando,Rural,1,1,1,0.3503,0.2534,0,0
952-000835-D-0041,1.0,Pando,Rural,0,0,0,0.3567,0.3006,0,0
952-000835-D-0061,1.0,Pando,Rural,0,0,0,0.2781,0.2447,0,0
952-000877-D-0141,1.0,Pando,Rural,0,0,0,0.3679,0.1629,0,0
952-000877-D-0161,3.0,Pando,Rural,0,0,0,0.3627,0.2437,0,0
952-000877-D-0181,1.0,Pando,Rural,0,0,0,0.4516,0.276,0,0
952-000877-D-0191,3.0,Pando,Rural,0,0,0,0.4354,0.2977,0,0
952-000877-D-0061,1.0,Pando,Rural,0,1,0,0.1987,0.2895,0,0
952-000877-D-0041,1.0,Pando,Rural,0,0,1,0.291,0.213,0,0
952-000877-D-0011,5.0,Pando,Rural,0,0,0,0.3612,0.2055,0,0
952-000877-D-0031,3.0,Pando,Rural,0,0,0,0.3245,0.1467,0,0
952-000877-D-0111,1.0,Pando,Rural,0,0,0,0.2932,0.3198,0,0
952-000877-D-0091,1.0,Pando,Rural,0,0,0,0.3607,0.3701,0,0
952-000877-D-0131,3.0,Pando,Rural,0,0,0,0.3044,0.2277,0,0
952-000877-D-0081,1.0,Pando,Rural,0,0,0,0.3746,0.2637,0,0
951-000942-D-0091,1.0,Pando,Rural,1,0,0,0.45,0.5953,0,1
951-000942-D-0101,1.0,Pando,Rural,1,0,1,0.5259,0.449,1,0
951-000942-D-0111,1.0,Pando,Rural,0,0,0,0.5852,0.3436,1,0
951-000942-D-0121,3.0,Pando,Rural,0,1,1,0.4274,0.2339,0,0
951-000942-D-0041,1.0,Pando,Rural,0,1,0,0.6296,0.4793,1,0
951-000942-D-0011,1.0,Pando,Rural,1,0,0,0.4249,0.5911,0,1
951-000942-D-0021,3.0,Pando,Rural,0,1,1,0.4334,0.2259,0,0
951-000942-D-0031,1.0,Pando,Rural,0,1,1,0.4002,0.2868,0,0
951-000942-D-0071,3.0,Pando,Rural,0,0,1,0.2452,0.2422,0,0
951-000942-D-0081,1.0,Pando,Rural,0,1,1,0.2834,0.2936,0,0
951-000942-D-0051,1.0,Pando,Rural,0,1,1,0.3338,0.196,0,0
951-000942-D-0061,4.0,Pando,Rural,0,0,1,0.2949,0.226,0,0
951-000943-D-0081,1.0,Pando,Rural,0,0,0,0.3192,0.19,0,0
951-000943-D-0101,4.0,Pando,Rural,0,0,0,0.2583,0.267,0,0
951-000943-D-0121,1.0,Pando,Rural,0,0,1,0.3587,0.2404,0,0
951-000943-D-0131,3.0,Pando,Rural,0,0,0,0.3866,0.3213,0,0
951-000943-D-0011,1.0,Pando,Rural,0,0,0,0.2576,0.2196,0,0
951-000943-D-0031,3.0,Pando,Rural,0,0,0,0.3688,0.2874,0,0
951-000943-D-0051,4.0,Pando,Rural,0,1,0,0.3326,0.3124,0,0
951-000943-D-0061,4.0,Pando,Rural,0,0,1,0.2736,0.2653,0,0
951-000943-D-0151,1.0,Pando,Rural,0,0,0,0.3154,0.2515,0,0
951-000943-D-0171,3.0,Pando,Rural,0,0,0,0.3989,0.2637,0,0
951-000943-D-0191,3.0,Pando,Rural,0,0,0,0.2433,0.223,0,0
951-000943-D-0201,3.0,Pando,Rural,0,0,0,0.2745,0.2415,0,0
941-000970-D-0081,3.0,Pando,Rural,0,0,1,0.3616,0.1994,0,0
941-000970-D-0101,2.0,Pando,Rural,0,0,0,0.4061,0.2317,0,0
941-000970-D-0111,1.0,Pando,Rural,0,0,1,0.4428,0.3358,0,0
941-000970-D-0071,1.0,Pando,Rural,1,0,1,0.3768,0.5452,0,1
941-000970-D-0011,1.0,Pando,Rural,0,1,1,0.4421,0.2945,0,0
941-000970-D-0021,1.0,Pando,Rural,0,0,0,0.6594,0.3261,1,0
941-000970-D-0041,1.0,Pando,Rural,0,0,0,0.3277,0.2594,0,0
941-000970-D-0051,1.0,Pando,Rural,0,0,0,0.4301,0.3195,0,0
941-000970-D-0131,1.0,Pando,Rural,0,0,0,0.2543,0.1659,0,0
941-000970-D-0141,2.0,Pando,Rural,0,1,1,0.5503,0.3387,1,0
941-000970-D-0161,1.0,Pando,Rural,0,0,1,0.4438,0.3004,0,0
941-000970-D-0171,3.0,Pando,Rural,0,0,0,0.4954,0.2486,0,0
952-000963-D-0101,1.0,Pando,Rural,0,0,1,0.3884,0.2388,0,0
952-000963-D-0061,1.0,Pando,Rural,0,0,0,0.3782,0.1638,0,0
952-000963-D-0081,1.0,Pando,Rural,0,0,0,0.3778,0.2293,0,0
952-000963-D-0091,1.0,Pando,Rural,0,0,0,0.4109,0.2148,0,0
952-000963-D-0011,1.0,Pando,Rural,0,0,0,0.5119,0.367,1,0
952-000963-D-0021,2.0,Pando,Rural,0,0,0,0.4723,0.3945,0,0
952-000963-D-0031,1.0,Pando,Rural,0,0,0,0.4004,0.217,0,0
952-000963-D-0051,1.0,Pando,Rural,0,0,0,0.4501,0.4531,0,0
952-000963-D-0151,1.0,Pando,Rural,0,0,0,0.3744,0.1716,0,0
952-000963-D-0161,1.0,Pando,Rural,0,0,0,0.2866,0.2183,0,0
952-000963-D-0121,1.0,Pando,Rural,0,1,1,0.4183,0.3265,0,0
952-000963-D-0131,1.0,Pando,Rural,0,0,0,0.269,0.2026,0,0
931-000581-A-0091,1.0,Pando,Urbano,1,0,0,0.478,0.578,0,1
931-000581-A-0101,4.0,Pando,Urbano,1,0,0,0.4913,0.488,0,0
931-000581-A-0111,1.0,Pando,Urbano,0,0,0,0.6276,0.4256,1,0
931-000581-A-0121,1.0,Pando,Urbano,0,0,0,0.6313,0.544,1,1
931-000581-A-0011,2.0,Pando,Urbano,0,0,0,0.5016,0.3812,1,0
931-000581-A-0031,1.0,Pando,Urbano,0,0,0,0.6439,0.3673,1,0
931-000581-A-0021,2.0,Pando,Urbano,0,0,0,0.5963,0.433,1,0
931-000581-A-0041,1.0,Pando,Urbano,0,0,0,0.6266,0.4409,1,0
931-000581-A-0081,2.0,Pando,Urbano,0,0,1,0.4967,0.2841,0,0
931-000581-A-0051,1.0,Pando,Urbano,0,0,0,0.3763,0.2571,0,0
931-000581-A-0061,1.0,Pando,Urbano,0,0,1,0.3981,0.2134,0,0
931-000581-A-0071,3.0,Pando,Urbano,0,0,0,0.417,0.3541,0,0
931-000577-A-0071,1.0,Pando,Urbano,0,0,0,0.4088,0.3103,0,0
931-000577-A-0081,3.0,Pando,Urbano,0,0,0,0.3485,0.3392,0,0
931-000577-A-0051,1.0,Pando,Urbano,1,0,1,0.5359,0.5494,1,1
931-000577-A-0061,1.0,Pando,Urbano,0,0,0,0.6071,0.4002,1,0
931-000577-A-0041,1.0,Pando,Urbano,0,0,0,0.5776,0.4664,1,0
931-000577-A-0011,2.0,Pando,Urbano,0,0,1,0.4188,0.299,0,0
931-000577-A-0021,1.0,Pando,Urbano,0,0,0,0.5857,0.4146,1,0
931-000577-A-0031,1.0,Pando,Urbano,0,0,0,0.3263,0.3751,0,0
931-000577-A-0101,3.0,Pando,Urbano,0,0,1,0.4084,0.3383,0,0
931-000577-A-0111,1.0,Pando,Urbano,0,0,0,0.3207,0.2763,0,0
931-000577-A-0121,3.0,Pando,Urbano,0,0,0,0.4309,0.3175,0,0
943-000645-A-0101,1.0,Pando,Rural,0,0,0,0.4701,0.3483,0,0
943-000645-A-0021,4.0,Pando,Rural,0,0,0,0.2788,0.2414,0,0
943-000645-A-0051,4.0,Pando,Rural,0,0,0,0.4665,0.4484,0,0
943-000645-A-0071,4.0,Pando,Rural,0,0,0,0.4149,0.2837,0,0
943-000645-A-0131,2.0,Pando,Rural,0,1,1,0.3504,0.2784,0,0
943-000645-A-0161,2.0,Pando,Rural,0,1,1,0.2907,0.3479,0,0
943-000645-A-0181,1.0,Pando,Rural,0,1,0,0.4587,0.3477,0,0
943-000645-A-0211,1.0,Pando,Rural,0,0,0,0.4251,0.2826,0,0
943-000645-A-0241,1.0,Pando,Rural,0,0,0,0.3356,0.3055,0,0
943-000645-A-0271,3.0,Pando,Rural,0,0,0,0.3972,0.2809,0,0
943-000645-A-0291,1.0,Pando,Rural,0,0,0,0.3839,0.2212,0,0
943-000645-A-0321,1.0,Pando,Rural,0,0,1,0.3211,0.3032,0,0
943-000638-A-0031,1.0,Pando,Rural,0,0,0,0.3346,0.3626,0,0
943-000638-A-0081,1.0,Pando,Rural,0,0,1,0.2655,0.2555,0,0
943-000638-A-0071,4.0,Pando,Rural,0,0,0,0.3466,0.2614,0,0
943-000638-A-0061,3.0,Pando,Rural,0,1,1,0.3395,0.2684,0,0
943-000638-A-0091,1.0,Pando,Rural,0,0,0,0.3496,0.2592,0,0
943-000638-A-0111,1.0,Pando,Rural,0,0,1,0.1759,0.1935,0,0
943-000638-A-0121,1.0,Pando,Rural,0,1,1,0.3531,0.2981,0,0
943-000638-A-0131,1.0,Pando,Rural,0,0,1,0.2436,0.2339,0,0
943-000638-A-0141,4.0,Pando,Rural,0,0,1,0.4016,0.2296,0,0
953-000916-D-0131,3.0,Pando,Rural,1,0,0,0.3502,0.6338,0,1
953-000916-D-0171,1.0,Pando,Rural,0,0,0,0.3553,0.2421,0,0
953-000916-D-0161,3.0,Pando,Rural,0,0,0,0.3158,0.3804,0,0
953-000916-D-0141,8.0,Pando,Rural,0,0,0,0.3178,0.4297,0,0
953-000916-D-0081,1.0,Pando,Rural,0,1,0,0.2781,0.2551,0,0
953-000916-D-0101,3.0,Pando,Rural,1,0,0,0.2094,0.4493,0,0
953-000916-D-0111,4.0,Pando,Rural,0,0,0,0.224,0.2616,0,0
953-000916-D-0071,5.0,Pando,Rural,0,0,0,0.2858,0.4588,0,0
953-000916-D-0041,3.0,Pando,Rural,1,0,0,0.2464,0.5981,0,1
953-000916-D-0011,2.0,Pando,Rural,0,0,0,0.3589,0.3819,0,0
953-000916-D-0021,1.0,Pando,Rural,0,0,1,0.1911,0.1888,0,0
953-000916-D-0051,1.0,Pando,Rural,0,1,0,0.2581,0.2417,0,0
941-000909-D-0191,4.0,Pando,Rural,0,0,0,0.4966,0.5808,0,1
941-000909-D-0221,4.0,Pando,Rural,0,0,1,0.4642,0.5865,0,1
941-000909-D-0301,3.0,Pando,Rural,1,0,0,0.4772,0.7265,0,1
941-000909-D-0261,1.0,Pando,Rural,1,1,1,0.5363,0.6422,1,1
941-000909-D-0031,2.0,Pando,Rural,1,0,0,0.4968,0.8022,0,1
941-000909-D-0071,2.0,Pando,Rural,1,0,0,0.5253,0.7939,1,1
941-000909-D-0111,1.0,Pando,Rural,1,0,0,0.4176,0.6825,0,1
941-000909-D-0151,1.0,Pando,Rural,1,0,0,0.6117,0.5265,1,1
941-000909-D-0451,1.0,Pando,Rural,1,0,1,0.2975,0.5748,0,1
941-000909-D-0341,1.0,Pando,Rural,1,1,0,0.3513,0.3407,0,0
941-000909-D-0381,1.0,Pando,Rural,0,0,0,0.4564,0.5101,0,1
941-000909-D-0421,1.0,Pando,Rural,1,1,0,0.481,0.7623,0,1
953-000917-D-0031,3.0,Pando,Rural,0,0,0,0.3297,0.4065,0,0
953-000917-D-0051,4.0,Pando,Rural,0,0,0,0.495,0.4968,0,0
953-000917-D-0061,1.0,Pando,Rural,0,0,0,0.3885,0.2614,0,0
953-000917-D-0081,3.0,Pando,Rural,1,0,0,0.2947,0.4996,0,0
953-000917-D-0101,1.0,Pando,Rural,1,1,0,0.323,0.5631,0,1
953-000917-D-0121,1.0,Pando,Rural,1,0,0,0.334,0.3367,0,0
953-000917-D-0171,1.0,Pando,Rural,0,1,0,0.2755,0.2919,0,0
953-000917-D-0161,2.0,Pando,Rural,1,1,1,0.47,0.6238,0,1
953-000917-D-0211,4.0,Pando,Rural,1,0,1,0.5319,0.5742,1,1
953-000917-D-0191,1.0,Pando,Rural,0,0,0,0.5735,0.3,1,0
943-000656-A-0091,1.0,Pando,Rural,0,0,0,0.3774,0.2533,0,0
943-000656-A-0101,1.0,Pando,Rural,0,0,0,0.3952,0.425,0,0
943-000656-A-0111,1.0,Pando,Rural,0,0,0,0.2951,0.2347,0,0
943-000656-A-0121,1.0,Pando,Rural,0,0,0,0.418,0.3906,0,0
943-000656-A-0051,1.0,Pando,Rural,0,0,1,0.4263,0.2973,0,0
943-000656-A-0061,1.0,Pando,Rural,0,0,0,0.3448,0.3389,0,0
943-000656-A-0071,1.0,Pando,Rural,0,0,0,0.231,0.2263,0,0
943-000656-A-0081,1.0,Pando,Rural,0,0,0,0.4676,0.2642,0,0
943-000656-A-0041,1.0,Pando,Rural,0,1,1,0.3555,0.3673,0,0
943-000656-A-0021,4.0,Pando,Rural,0,0,1,0.2631,0.2389,0,0
943-000656-A-0031,1.0,Pando,Rural,0,0,1,0.2982,0.318,0,0
943-000656-A-0011,3.0,Pando,Rural,0,0,0,0.2826,0.1771,0,0
942-000662-A-0071,1.0,Pando,Rural,0,0,0,0.3701,0.2717,0,0
942-000662-A-0061,1.0,Pando,Rural,0,0,0,0.1587,0.1998,0,0
942-000662-A-0051,3.0,Pando,Rural,0,1,0,0.3627,0.4859,0,0
942-000662-A-0081,3.0,Pando,Rural,0,0,0,0.3207,0.2886,0,0
942-000662-A-0011,1.0,Pando,Rural,0,0,0,0.2328,0.144,0,0
942-000662-A-0021,2.0,Pando,Rural,0,0,0,0.3906,0.3411,0,0
942-000662-A-0031,1.0,Pando,Rural,0,0,0,0.2639,0.3604,0,0
942-000662-A-0041,4.0,Pando,Rural,0,0,0,0.331,0.4009,0,0
942-000662-A-0101,1.0,Pando,Rural,1,0,0,0.3316,0.4173,0,0
942-000662-A-0111,2.0,Pando,Rural,0,0,0,0.2903,0.2855,0,0
942-000662-A-0121,2.0,Pando,Rural,0,0,1,0.3574,0.1717,0,0
942-000662-A-0091,1.0,Pando,Rural,0,0,0,0.2686,0.237,0,0
953-001042-D-0071,1.0,Pando,Rural,0,0,0,0.5279,0.2419,1,0
953-001042-D-0091,2.0,Pando,Rural,1,0,0,0.4941,0.2591,0,0
953-001042-D-0061,1.0,Pando,Rural,0,0,0,0.4682,0.45,0,0
953-001042-D-0081,4.0,Pando,Rural,0,0,0,0.5437,0.2867,1,0
953-001042-D-0121,1.0,Pando,Rural,1,1,1,0.5705,0.6623,1,1
953-001042-D-0131,3.0,Pando,Rural,0,0,0,0.3682,0.1949,0,0
953-001042-D-0111,1.0,Pando,Rural,0,0,0,0.4808,0.3235,0,0
953-001042-D-0021,1.0,Pando,Rural,1,1,1,0.5956,0.6733,1,1
953-001042-D-0041,2.0,Pando,Rural,0,0,0,0.4649,0.353,0,0
953-001042-D-0031,1.0,Pando,Rural,0,0,0,0.3084,0.1949,0,0
953-001042-D-0011,2.0,Pando,Rural,0,0,1,0.4521,0.3136,0,0
951-001039-D-0131,1.0,Pando,Rural,0,0,0,0.2565,0.2458,0,0
951-001039-D-0151,1.0,Pando,Rural,0,0,0,0.3648,0.3226,0,0
951-001039-D-0171,1.0,Pando,Rural,0,0,0,0.307,0.2095,0,0
951-001039-D-0181,4.0,Pando,Rural,0,0,0,0.3311,0.2097,0,0
951-001039-D-0011,1.0,Pando,Rural,0,0,1,0.2551,0.188,0,0
951-001039-D-0021,1.0,Pando,Rural,0,0,0,0.5639,0.3907,1,0
951-001039-D-0061,1.0,Pando,Rural,0,0,0,0.3356,0.1736,0,0
951-001039-D-0041,1.0,Pando,Rural,1,1,1,0.5851,0.6276,1,1
951-001039-D-0091,1.0,Pando,Rural,0,0,0,0.4679,0.3383,0,0
951-001039-D-0101,3.0,Pando,Rural,1,0,0,0.4099,0.5152,0,1
951-001039-D-0121,1.0,Pando,Rural,1,1,0,0.251,0.2096,0,0
951-001039-D-0071,5.0,Pando,Rural,0,1,0,0.5584,0.4539,1,0
952-001020-D-0041,1.0,Pando,Rural,1,0,0,0.476,0.6008,0,1
952-001020-D-0021,1.0,Pando,Rural,0,0,0,0.4867,0.428,0,0
952-001020-D-0071,1.0,Pando,Rural,0,0,0,0.5579,0.451,1,0
952-001020-D-0221,1.0,Pando,Rural,1,1,0,0.5579,0.6147,1,1
952-001020-D-0301,2.0,Pando,Rural,1,0,0,0.6561,0.6325,1,1
952-001020-D-0281,4.0,Pando,Rural,1,0,0,0.4393,0.4521,0,0
952-001020-D-0251,1.0,Pando,Rural,1,0,0,0.5096,0.6989,1,1
952-001020-D-0121,1.0,Pando,Rural,1,1,1,0.5706,0.4641,1,0
952-001020-D-0151,1.0,Pando,Rural,1,1,0,0.4774,0.666,0,1
952-001020-D-0171,1.0,Pando,Rural,0,0,0,0.4563,0.477,0,0
952-001020-D-0201,1.0,Pando,Rural,1,0,0,0.5143,0.6228,1,1
212-001208-A-0031,4.0,La Paz,Urbano,1,0,0,0.6199,0.5904,1,1
212-001208-A-0011,1.0,La Paz,Urbano,0,0,0,0.7573,0.5167,1,1
212-001208-A-0061,1.0,La Paz,Urbano,1,0,0,0.713,0.717,1,1
212-001208-A-0051,1.0,La Paz,Urbano,1,0,1,0.4634,0.6744,0,1
212-001208-A-0081,3.0,La Paz,Urbano,0,0,0,0.4073,0.339,0,0
212-001208-A-0101,1.0,La Paz,Urbano,1,0,0,0.434,0.5003,0,1
212-001208-A-0121,1.0,La Paz,Urbano,0,0,0,0.5141,0.3561,1,0
212-001208-A-0141,3.0,La Paz,Urbano,0,0,0,0.5923,0.4244,1,0
212-001208-A-0161,3.0,La Paz,Urbano,0,0,0,0.6123,0.4732,1,0
212-001208-A-0171,2.0,La Paz,Urbano,0,1,1,0.5199,0.5746,1,1
212-001208-A-0191,1.0,La Paz,Urbano,0,1,0,0.4661,0.45,0,0
212-001208-A-0211,2.0,La Paz,Urbano,0,1,1,0.4957,0.422,0,0
212-000728-A-0031,3.0,La Paz,Urbano,0,1,1,0.5714,0.3892,1,0
212-000728-A-0041,1.0,La Paz,Urbano,1,1,1,0.4745,0.5261,0,1
212-000728-A-0051,5.0,La Paz,Urbano,0,1,0,0.4184,0.3689,0,0
212-000728-A-0011,4.0,La Paz,Urbano,0,1,1,0.6238,0.3739,1,0
212-000728-A-0061,4.0,La Paz,Urbano,1,0,0,0.7411,0.4896,1,0
212-000728-A-0081,1.0,La Paz,Urbano,0,1,1,0.4975,0.4744,0,0
212-000728-A-0101,1.0,La Paz,Urbano,1,1,0,0.7076,0.6827,1,1
212-000728-A-0091,3.0,La Paz,Urbano,0,1,0,0.6053,0.4131,1,0
212-000728-A-0111,1.0,La Paz,Urbano,0,1,1,0.4347,0.3388,0,0
212-000728-A-0021,2.0,La Paz,Urbano,1,0,1,0.6122,0.6721,1,1
212-000728-A-0131,3.0,La Paz,Urbano,0,0,0,0.5698,0.4909,1,0
212-000728-A-0121,1.0,La Paz,Urbano,0,1,1,0.3589,0.3847,0,0
213-002578-A-0021,1.0,La Paz,Urbano,1,0,0,0.8035,0.6947,1,1
213-002578-A-0061,1.0,La Paz,Urbano,0,0,0,0.4411,0.4362,0,0
213-002578-A-0101,1.0,La Paz,Urbano,0,0,0,0.5292,0.5004,1,1
213-002578-A-0141,1.0,La Paz,Urbano,0,0,0,0.4943,0.358,0,0
213-002578-A-0171,3.0,La Paz,Urbano,1,1,0,0.5176,0.5344,1,1
213-002578-A-0211,1.0,La Paz,Urbano,0,0,0,0.4125,0.3489,0,0
213-002578-A-0251,1.0,La Paz,Urbano,0,0,0,0.7892,0.5531,1,1
213-002578-A-0321,1.0,La Paz,Urbano,0,1,0,0.6264,0.4492,1,0
213-002578-A-0361,3.0,La Paz,Urbano,0,0,1,0.4998,0.4355,0,0
213-002578-A-0401,1.0,La Paz,Urbano,0,0,1,0.4434,0.383,0,0
213-002578-A-0441,3.0,La Paz,Urbano,0,0,0,0.4479,0.4211,0,0
213-003603-A-0211,1.0,La Paz,Urbano,1,0,0,0.4785,0.6139,0,1
213-003603-A-0051,2.0,La Paz,Urbano,0,1,0,0.3731,0.294,0,0
213-003603-A-0131,1.0,La Paz,Urbano,1,1,1,0.6678,0.5538,1,1
213-003603-A-0631,1.0,La Paz,Urbano,0,1,1,0.4195,0.3847,0,0
213-003603-A-0551,3.0,La Paz,Urbano,1,0,0,0.4904,0.3903,0,0
213-003603-A-0461,1.0,La Paz,Urbano,1,1,1,0.3689,0.3795,0,0
213-003603-A-0381,1.0,La Paz,Urbano,0,1,0,0.7755,0.4734,1,0
213-003603-A-0711,4.0,La Paz,Urbano,0,0,1,0.6299,0.4297,1,0
213-003603-A-0801,3.0,La Paz,Urbano,0,0,1,0.5467,0.2908,1,0
213-003603-A-0881,4.0,La Paz,Urbano,0,0,1,0.4117,0.5131,0,1
213-003603-A-0961,1.0,La Paz,Urbano,0,0,1,0.6303,0.609,1,1
213-002626-A-0111,1.0,La Paz,Urbano,1,0,1,0.763,0.5315,1,1
213-002626-A-0051,2.0,La Paz,Urbano,1,0,1,0.5166,0.6481,1,1
213-002626-A-0181,1.0,La Paz,Urbano,0,0,1,0.4025,0.5002,0,1
213-002626-A-0241,1.0,La Paz,Urbano,0,1,0,0.4479,0.4775,0,0
213-002626-A-0311,1.0,La Paz,Urbano,1,0,0,0.6292,0.6629,1,1
213-002626-A-0371,2.0,La Paz,Urbano,1,0,0,0.5699,0.6294,1,1
213-002626-A-0441,2.0,La Paz,Urbano,0,0,1,0.6004,0.3986,1,0
213-002626-A-0501,5.0,La Paz,Urbano,0,0,0,0.3479,0.3525,0,0
213-002626-A-0561,4.0,La Paz,Urbano,0,1,0,0.4456,0.4482,0,0
213-002626-A-0631,1.0,La Paz,Urbano,1,0,0,0.4249,0.6297,0,1
213-002626-A-0691,1.0,La Paz,Urbano,0,0,1,0.4666,0.5094,0,1
213-002626-A-0761,1.0,La Paz,Urbano,1,0,0,0.4277,0.5663,0,1
213-003656-A-0011,3.0,La Paz,Urbano,1,0,0,0.5844,0.6649,1,1
213-003656-A-0031,1.0,La Paz,Urbano,0,1,1,0.5588,0.4965,1,0
213-003656-A-0051,1.0,La Paz,Urbano,1,0,0,0.5581,0.65,1,1
213-003656-A-0081,1.0,La Paz,Urbano,1,1,1,0.4144,0.4709,0,0
213-003656-A-0101,1.0,La Paz,Urbano,1,1,1,0.6639,0.809,1,1
213-003656-A-0121,1.0,La Paz,Urbano,0,1,1,0.6291,0.4785,1,0
213-003656-A-0151,4.0,La Paz,Urbano,0,0,0,0.5771,0.5526,1,1
213-003656-A-0171,4.0,La Paz,Urbano,0,0,1,0.5089,0.5106,1,1
213-003656-A-0191,3.0,La Paz,Urbano,0,1,1,0.3483,0.2624,0,0
213-003656-A-0221,1.0,La Paz,Urbano,1,1,1,0.7024,0.7589,1,1
213-003656-A-0241,1.0,La Paz,Urbano,1,1,0,0.632,0.6978,1,1
213-003656-A-0261,1.0,La Paz,Urbano,0,0,1,0.6434,0.3597,1,0
212-000589-A-0041,2.0,La Paz,Urbano,1,1,1,0.6447,0.6509,1,1
212-000589-A-0011,2.0,La Paz,Urbano,1,0,1,0.643,0.6071,1,1
212-000589-A-0021,1.0,La Paz,Urbano,1,1,1,0.6744,0.7206,1,1
212-000589-A-0031,2.0,La Paz,Urbano,1,0,1,0.5326,0.6871,1,1
212-000589-A-0081,1.0,La Paz,Urbano,1,1,1,0.7173,0.7654,1,1
212-000589-A-0091,2.0,La Paz,Urbano,1,0,1,0.5681,0.4972,1,0
212-000589-A-0061,1.0,La Paz,Urbano,1,1,1,0.5953,0.5152,1,1
212-000589-A-0071,2.0,La Paz,Urbano,1,1,0,0.533,0.7178,1,1
212-000589-A-0131,4.0,La Paz,Urbano,0,0,0,0.5123,0.2813,1,0
212-000589-A-0141,1.0,La Paz,Urbano,0,0,1,0.5171,0.4918,1,0
212-000589-A-0111,1.0,La Paz,Urbano,0,0,0,0.4887,0.4113,0,0
212-000589-A-0121,1.0,La Paz,Urbano,0,0,1,0.4381,0.3454,0,0
213-003897-A-0011,3.0,La Paz,Urbano,1,1,0,0.6042,0.3581,1,0
213-003897-A-0041,1.0,La Paz,Urbano,0,0,0,0.4884,0.3903,0,0
213-003897-A-0061,1.0,La Paz,Urbano,1,1,1,0.6265,0.598,1,1
213-003897-A-0091,1.0,La Paz,Urbano,0,0,0,0.5322,0.4399,1,0
213-003897-A-0111,3.0,La Paz,Urbano,0,0,0,0.6432,0.4532,1,0
213-003897-A-0161,1.0,La Paz,Urbano,1,0,0,0.6169,0.5084,1,1
213-003897-A-0191,2.0,La Paz,Urbano,0,0,1,0.6133,0.4927,1,0
213-003897-A-0211,3.0,La Paz,Urbano,1,1,1,0.4814,0.5811,0,1
213-003897-A-0241,2.0,La Paz,Urbano,1,1,1,0.6593,0.669,1,1
213-003897-A-0261,2.0,La Paz,Urbano,0,0,0,0.6001,0.4515,1,0
213-003897-A-0291,1.0,La Paz,Urbano,1,0,1,0.5675,0.6038,1,1
213-002797-A-0041,3.0,La Paz,Urbano,0,0,1,0.4144,0.457,0,0
213-002797-A-0221,1.0,La Paz,Urbano,0,0,1,0.6049,0.4091,1,0
213-002797-A-0291,3.0,La Paz,Urbano,0,0,1,0.3738,0.4645,0,0
213-002797-A-0331,3.0,La Paz,Urbano,0,0,1,0.4229,0.4937,0,0
213-002797-A-0361,1.0,La Paz,Urbano,0,0,1,0.3322,0.3633,0,0
213-002797-A-0011,1.0,La Paz,Urbano,0,0,1,0.5339,0.5503,1,1
213-002797-A-0111,1.0,La Paz,Urbano,0,1,1,0.4419,0.375,0,0
213-002797-A-0151,2.0,La Paz,Urbano,0,0,1,0.6445,0.3636,1,0
213-002797-A-0081,3.0,La Paz,Urbano,0,0,1,0.6267,0.4992,1,0
213-002797-A-0261,1.0,La Paz,Urbano,0,0,1,0.7284,0.5315,1,1
213-002797-A-0401,1.0,La Paz,Urbano,0,0,1,0.4497,0.4409,0,0
213-002797-A-0181,1.0,La Paz,Urbano,0,0,1,0.6615,0.4605,1,0
214-005462-A-0051,1.0,La Paz,Urbano,0,0,1,0.4406,0.4516,0,0
214-005462-A-0131,1.0,La Paz,Urbano,0,0,1,0.5465,0.5155,1,1
214-005462-A-0411,3.0,La Paz,Urbano,0,0,1,0.4229,0.5141,0,1
214-005462-A-0631,3.0,La Paz,Urbano,0,0,1,0.3905,0.3687,0,0
214-005462-A-0701,3.0,La Paz,Urbano,0,0,1,0.4719,0.4637,0,0
214-005462-A-0201,1.0,La Paz,Urbano,0,1,1,0.3643,0.3602,0,0
214-005462-A-0271,1.0,La Paz,Urbano,0,0,1,0.4828,0.5371,0,1
214-005462-A-0481,3.0,La Paz,Urbano,0,1,1,0.5886,0.4992,1,0
214-005462-A-0771,4.0,La Paz,Urbano,0,0,1,0.4728,0.464,0,0
214-005462-A-0841,1.0,La Paz,Urbano,0,1,1,0.4382,0.5079,0,1
214-005462-A-0561,1.0,La Paz,Urbano,0,0,1,0.5217,0.5123,1,1
214-005462-A-0341,1.0,La Paz,Urbano,0,1,1,0.7146,0.5631,1,1
214-005688-A-0011,3.0,La Paz,Urbano,0,0,1,0.4004,0.383,0,0
214-005688-A-0071,1.0,La Paz,Urbano,0,0,1,0.4952,0.5319,0,1
214-005688-A-0251,1.0,La Paz,Urbano,0,0,1,0.4621,0.3737,0,0
214-005688-A-0491,1.0,La Paz,Urbano,0,0,1,0.4933,0.3399,0,0
214-005688-A-0611,1.0,La Paz,Urbano,0,0,1,0.6385,0.5357,1,1
214-005688-A-0131,1.0,La Paz,Urbano,0,0,1,0.328,0.2629,0,0
214-005688-A-0191,3.0,La Paz,Urbano,0,1,1,0.3713,0.382,0,0
214-005688-A-0431,1.0,La Paz,Urbano,0,0,1,0.5357,0.31,1,0
214-005688-A-0311,3.0,La Paz,Urbano,0,1,1,0.5114,0.4371,1,0
214-005688-A-0551,3.0,La Paz,Urbano,0,0,1,0.493,0.4622,0,0
214-005688-A-0671,1.0,La Paz,Urbano,1,0,1,0.5521,0.5226,1,1
213-002747-A-0151,1.0,La Paz,Urbano,0,0,1,0.5248,0.4604,1,0
213-002747-A-0201,3.0,La Paz,Urbano,0,0,1,0.4415,0.4407,0,0
213-002747-A-0261,1.0,La Paz,Urbano,0,0,1,0.4487,0.4738,0,0
213-002747-A-0371,3.0,La Paz,Urbano,0,0,1,0.4065,0.3851,0,0
213-002747-A-0421,3.0,La Paz,Urbano,0,0,1,0.6092,0.4462,1,0
213-002747-A-0041,1.0,La Paz,Urbano,0,0,1,0.4632,0.5217,0,1
213-002747-A-0581,3.0,La Paz,Urbano,0,0,1,0.4249,0.4398,0,0
213-002747-A-0311,1.0,La Paz,Urbano,0,0,1,0.6159,0.5888,1,1
213-002747-A-0641,1.0,La Paz,Urbano,0,1,1,0.4135,0.3999,0,0
213-002747-A-0531,3.0,La Paz,Urbano,0,1,1,0.5775,0.3843,1,0
213-002747-A-0471,1.0,La Paz,Urbano,1,0,1,0.528,0.6585,1,1
213-002747-A-0091,1.0,La Paz,Urbano,0,0,1,0.4154,0.2995,0,0
212-001085-A-0111,1.0,La Paz,Urbano,0,0,1,0.6018,0.4863,1,0
212-001085-A-0101,3.0,La Paz,Urbano,0,0,1,0.6038,0.4213,1,0
212-001085-A-0161,3.0,La Paz,Urbano,0,0,1,0.6221,0.3457,1,0
212-001085-A-0051,1.0,La Paz,Urbano,0,0,1,0.4971,0.4733,0,0
212-001085-A-0041,3.0,La Paz,Urbano,0,0,1,0.3766,0.4159,0,0
212-001085-A-0011,1.0,La Paz,Urbano,0,0,1,0.3904,0.3463,0,0
212-001085-A-0021,1.0,La Paz,Urbano,0,1,1,0.3541,0.4217,0,0
212-001085-A-0131,3.0,La Paz,Urbano,0,1,1,0.3957,0.3728,0,0
212-001085-A-0141,1.0,La Paz,Urbano,0,1,1,0.3455,0.341,0,0
212-001085-A-0171,1.0,La Paz,Urbano,0,0,1,0.6362,0.5386,1,1
212-001085-A-0071,3.0,La Paz,Urbano,0,0,1,0.4442,0.4009,0,0
212-001085-A-0081,1.0,La Paz,Urbano,0,0,1,0.372,0.4522,0,0
213-003734-A-0101,1.0,La Paz,Urbano,0,0,1,0.4193,0.2702,0,0
213-003734-A-0021,1.0,La Paz,Urbano,0,0,1,0.5438,0.4033,1,0
213-003734-A-0121,3.0,La Paz,Urbano,0,0,1,0.6997,0.4697,1,0
213-003734-A-0151,3.0,La Paz,Urbano,0,0,1,0.4265,0.3458,0,0
213-003734-A-0301,1.0,La Paz,Urbano,0,0,1,0.3384,0.3365,0,0
213-003734-A-0071,3.0,La Paz,Urbano,1,0,1,0.576,0.5081,1,1
213-003734-A-0201,1.0,La Paz,Urbano,0,0,1,0.5581,0.362,1,0
213-003734-A-0251,1.0,La Paz,Urbano,0,1,1,0.4834,0.3814,0,0
213-003734-A-0041,1.0,La Paz,Urbano,0,1,1,0.6452,0.5994,1,1
213-003734-A-0171,1.0,La Paz,Urbano,0,0,1,0.6645,0.4591,1,0
213-003734-A-0281,1.0,La Paz,Urbano,0,0,1,0.4148,0.3767,0,0
213-003734-A-0221,3.0,La Paz,Urbano,0,1,0,0.3793,0.358,0,0
212-000659-A-0011,3.0,La Paz,Urbano,0,0,1,0.4167,0.4252,0,0
212-000659-A-0021,1.0,La Paz,Urbano,0,0,0,0.3783,0.3224,0,0
212-000659-A-0101,1.0,La Paz,Urbano,0,0,1,0.4817,0.4493,0,0
212-000659-A-0061,1.0,La Paz,Urbano,0,0,1,0.4441,0.3226,0,0
212-000659-A-0031,1.0,La Paz,Urbano,0,0,1,0.5096,0.5735,1,1
212-000659-A-0081,3.0,La Paz,Urbano,0,0,1,0.6457,0.4247,1,0
212-000659-A-0131,2.0,La Paz,Urbano,0,0,1,0.4031,0.3608,0,0
212-000659-A-0041,4.0,La Paz,Urbano,0,0,1,0.5319,0.4676,1,0
212-000659-A-0051,1.0,La Paz,Urbano,0,1,1,0.4584,0.4827,0,0
212-000659-A-0091,1.0,La Paz,Urbano,0,0,1,0.4026,0.429,0,0
212-000659-A-0121,1.0,La Paz,Urbano,0,1,0,0.6007,0.5009,1,1
212-000659-A-0111,3.0,La Paz,Urbano,0,0,1,0.4675,0.3884,0,0
214-006708-A-0011,1.0,La Paz,Urbano,0,1,1,0.5238,0.5278,1,1
214-006708-A-0031,1.0,La Paz,Urbano,0,0,1,0.608,0.3882,1,0
214-006708-A-0051,1.0,La Paz,Urbano,0,0,1,0.5309,0.5322,1,1
214-006708-A-0151,1.0,La Paz,Urbano,1,0,1,0.477,0.5678,0,1
214-006708-A-0201,3.0,La Paz,Urbano,0,0,1,0.4332,0.4576,0,0
214-006708-A-0081,1.0,La Paz,Urbano,0,0,1,0.6585,0.6766,1,1
214-006708-A-0101,1.0,La Paz,Urbano,0,0,1,0.5278,0.3442,1,0
214-006708-A-0121,1.0,La Paz,Urbano,0,0,1,0.3624,0.25,0,0
214-006708-A-0131,1.0,La Paz,Urbano,0,0,1,0.4044,0.4805,0,0
214-006708-A-0191,2.0,La Paz,Urbano,0,0,1,0.5365,0.3867,1,0
214-006708-A-0171,4.0,La Paz,Urbano,0,0,1,0.4165,0.3654,0,0
214-006642-A-0011,1.0,La Paz,Urbano,0,0,1,0.5042,0.4582,1,0
214-006642-A-0041,1.0,La Paz,Urbano,0,0,1,0.3353,0.3712,0,0
214-006642-A-0061,1.0,La Paz,Urbano,0,0,1,0.5103,0.312,1,0
214-006642-A-0121,3.0,La Paz,Urbano,1,0,1,0.4337,0.4663,0,0
214-006642-A-0141,1.0,La Paz,Urbano,0,0,1,0.4286,0.2639,0,0
214-006642-A-0171,3.0,La Paz,Urbano,0,0,1,0.6157,0.4676,1,0
214-006642-A-0201,1.0,La Paz,Urbano,0,0,1,0.4093,0.4728,0,0
214-006642-A-0221,3.0,La Paz,Urbano,0,0,0,0.4571,0.3944,0,0
214-006642-A-0251,1.0,La Paz,Urbano,1,0,0,0.5759,0.6053,1,1
214-006642-A-0281,3.0,La Paz,Urbano,0,0,1,0.4589,0.4137,0,0
214-006642-A-0301,1.0,La Paz,Urbano,0,1,0,0.4157,0.473,0,0
214-005733-A-0021,1.0,La Paz,Urbano,0,0,1,0.3525,0.371,0,0
214-005733-A-0071,1.0,La Paz,Urbano,0,0,0,0.3967,0.2841,0,0
214-005733-A-0121,1.0,La Paz,Urbano,0,0,0,0.4101,0.4177,0,0
214-005733-A-0171,3.0,La Paz,Urbano,0,1,1,0.3746,0.4316,0,0
214-005733-A-0211,1.0,La Paz,Urbano,0,0,1,0.4874,0.5125,0,1
214-005733-A-0261,1.0,La Paz,Urbano,1,0,1,0.4436,0.5731,0,1
214-005733-A-0311,1.0,La Paz,Urbano,1,0,1,0.5102,0.6177,1,1
214-005733-A-0361,3.0,La Paz,Urbano,1,0,1,0.4535,0.472,0,0
214-005733-A-0411,1.0,La Paz,Urbano,0,0,0,0.5428,0.4923,1,0
214-005733-A-0461,1.0,La Paz,Urbano,0,0,1,0.3601,0.3057,0,0
214-005733-A-0511,3.0,La Paz,Urbano,0,0,1,0.4222,0.3866,0,0
214-005733-A-0561,1.0,La Paz,Urbano,1,0,0,0.5593,0.6614,1,1
214-005789-A-0031,1.0,La Paz,Urbano,0,0,0,0.3727,0.2705,0,0
214-005789-A-0071,1.0,La Paz,Urbano,0,0,0,0.4248,0.3251,0,0
214-005789-A-0121,1.0,La Paz,Urbano,0,0,0,0.373,0.3293,0,0
214-005789-A-0161,1.0,La Paz,Urbano,1,0,1,0.5919,0.6804,1,1
214-005789-A-0211,1.0,La Paz,Urbano,1,1,1,0.4975,0.6464,0,1
214-005789-A-0251,3.0,La Paz,Urbano,0,0,1,0.4084,0.3684,0,0
214-005789-A-0301,3.0,La Paz,Urbano,0,0,0,0.4345,0.4853,0,0
214-005789-A-0341,1.0,La Paz,Urbano,1,0,1,0.4017,0.5261,0,1
214-005789-A-0391,1.0,La Paz,Urbano,1,0,1,0.6283,0.5201,1,1
214-005789-A-0431,1.0,La Paz,Urbano,0,1,1,0.5131,0.4674,1,0
214-005789-A-0481,3.0,La Paz,Urbano,0,0,1,0.6347,0.4383,1,0
214-005789-A-0521,3.0,La Paz,Urbano,0,0,0,0.375,0.3648,0,0
214-005844-A-0011,1.0,La Paz,Urbano,0,0,0,0.7449,0.5444,1,1
214-005844-A-0031,1.0,La Paz,Urbano,0,0,0,0.4463,0.5063,0,1
214-005844-A-0061,3.0,La Paz,Urbano,0,0,1,0.3945,0.2856,0,0
214-005844-A-0081,1.0,La Paz,Urbano,0,0,0,0.5209,0.4313,1,0
214-005844-A-0101,1.0,La Paz,Urbano,1,0,0,0.5119,0.4488,1,0
214-005844-A-0131,1.0,La Paz,Urbano,0,0,0,0.4526,0.3984,0,0
214-005844-A-0151,1.0,La Paz,Urbano,0,0,1,0.5097,0.4484,1,0
214-005844-A-0181,3.0,La Paz,Urbano,0,0,1,0.3901,0.314,0,0
214-005844-A-0201,1.0,La Paz,Urbano,0,0,1,0.4349,0.4498,0,0
214-005844-A-0231,1.0,La Paz,Urbano,0,0,0,0.3827,0.3966,0,0
214-005844-A-0251,1.0,La Paz,Urbano,0,0,1,0.4739,0.427,0,0
214-005844-A-0271,1.0,La Paz,Urbano,1,0,0,0.4895,0.6154,0,1
213-002904-A-0011,1.0,La Paz,Urbano,0,0,0,0.5327,0.3985,1,0
213-002904-A-0041,1.0,La Paz,Urbano,1,1,1,0.7412,0.4639,1,0
213-002904-A-0071,1.0,La Paz,Urbano,0,0,1,0.4141,0.3715,0,0
213-002904-A-0101,1.0,La Paz,Urbano,0,1,0,0.4696,0.4,0,0
213-002904-A-0131,1.0,La Paz,Urbano,1,0,1,0.4307,0.543,0,1
213-002904-A-0161,1.0,La Paz,Urbano,1,0,1,0.3992,0.5454,0,1
213-002904-A-0191,1.0,La Paz,Urbano,0,0,0,0.3745,0.3659,0,0
213-002904-A-0221,1.0,La Paz,Urbano,0,0,1,0.471,0.3978,0,0
213-002904-A-0251,3.0,La Paz,Urbano,1,0,0,0.6675,0.5121,1,1
213-002904-A-0281,1.0,La Paz,Urbano,1,1,1,0.543,0.5728,1,1
213-002904-A-0311,1.0,La Paz,Urbano,0,0,0,0.7806,0.5782,1,1
213-002904-A-0341,3.0,La Paz,Urbano,0,1,1,0.4588,0.3335,0,0
214-005911-A-0011,3.0,La Paz,Urbano,0,0,0,0.4397,0.4278,0,0
214-005911-A-0041,3.0,La Paz,Urbano,0,0,1,0.3986,0.4251,0,0
214-005911-A-0051,1.0,La Paz,Urbano,0,0,0,0.361,0.332,0,0
214-005911-A-0071,3.0,La Paz,Urbano,1,0,1,0.4168,0.5656,0,1
214-005911-A-0081,3.0,La Paz,Urbano,0,0,0,0.5074,0.4008,1,0
214-005911-A-0101,3.0,La Paz,Urbano,1,0,0,0.4393,0.5005,0,1
214-005911-A-0111,3.0,La Paz,Urbano,1,1,0,0.5487,0.4972,1,0
214-005911-A-0131,1.0,La Paz,Urbano,0,1,0,0.4025,0.3699,0,0
214-005911-A-0141,3.0,La Paz,Urbano,0,0,1,0.4253,0.4263,0,0
214-005911-A-0161,1.0,La Paz,Urbano,0,1,0,0.5241,0.4058,1,0
214-005911-A-0171,1.0,La Paz,Urbano,0,1,0,0.5339,0.453,1,0
212-001147-A-0011,1.0,La Paz,Urbano,0,0,0,0.6379,0.4737,1,0
212-001147-A-0021,1.0,La Paz,Urbano,0,0,0,0.6092,0.4002,1,0
212-001147-A-0031,2.0,La Paz,Urbano,0,0,1,0.6576,0.4717,1,0
212-001147-A-0051,3.0,La Paz,Urbano,1,0,0,0.5364,0.6312,1,1
212-001147-A-0061,1.0,La Paz,Urbano,1,0,0,0.5054,0.3964,1,0
212-001147-A-0071,1.0,La Paz,Urbano,1,0,0,0.391,0.4641,0,0
212-001147-A-0081,1.0,La Paz,Urbano,1,0,0,0.6938,0.7149,1,1
212-001147-A-0091,1.0,La Paz,Urbano,0,0,0,0.4838,0.4748,0,0
212-001147-A-0101,1.0,La Paz,Urbano,0,0,0,0.4369,0.4225,0,0
212-001147-A-0111,2.0,La Paz,Urbano,1,0,0,0.5271,0.6639,1,1
212-001147-A-0121,1.0,La Paz,Urbano,1,0,1,0.7177,0.6962,1,1
213-002964-A-0011,3.0,La Paz,Urbano,0,0,1,0.6334,0.391,1,0
213-002964-A-0021,2.0,La Paz,Urbano,0,0,1,0.5951,0.4109,1,0
213-002964-A-0031,2.0,La Paz,Urbano,0,0,1,0.6587,0.4468,1,0
213-002964-A-0041,3.0,La Paz,Urbano,1,0,1,0.5608,0.5347,1,1
213-002964-A-0051,3.0,La Paz,Urbano,0,0,1,0.384,0.4435,0,0
213-002964-A-0061,1.0,La Paz,Urbano,1,1,1,0.7903,0.6719,1,1
213-002964-A-0071,1.0,La Paz,Urbano,0,0,0,0.541,0.4753,1,0
213-002964-A-0081,3.0,La Paz,Urbano,0,1,1,0.4285,0.4254,0,0
213-002964-A-0091,4.0,La Paz,Urbano,1,1,0,0.7852,0.7741,1,1
213-002964-A-0101,3.0,La Paz,Urbano,0,0,1,0.5648,0.3907,1,0
213-002964-A-0111,1.0,La Paz,Urbano,0,0,1,0.6905,0.3978,1,0
213-002964-A-0121,1.0,La Paz,Urbano,1,0,1,0.441,0.3157,0,0
213-001972-A-0211,3.0,La Paz,Urbano,0,0,0,0.519,0.4315,1,0
213-001972-A-0151,1.0,La Paz,Urbano,0,1,1,0.3774,0.3466,0,0
213-001972-A-0031,3.0,La Paz,Urbano,0,0,0,0.6094,0.4177,1,0
213-001972-A-0091,1.0,La Paz,Urbano,0,0,1,0.4985,0.3249,0,0
213-001972-A-0271,1.0,La Paz,Urbano,1,0,0,0.4684,0.5809,0,1
213-001972-A-0331,1.0,La Paz,Urbano,1,1,1,0.4646,0.5971,0,1
213-001972-A-0391,1.0,La Paz,Urbano,1,0,1,0.7692,0.8347,1,1
213-001972-A-0681,4.0,La Paz,Urbano,0,0,1,0.484,0.3726,0,0
213-001972-A-0501,3.0,La Paz,Urbano,0,0,1,0.5257,0.4978,1,0
213-001972-A-0561,3.0,La Paz,Urbano,1,0,0,0.5488,0.6581,1,1
213-001972-A-0621,1.0,La Paz,Urbano,0,0,0,0.4418,0.3433,0,0
214-005596-A-0011,4.0,La Paz,Urbano,0,0,1,0.45,0.2759,0,0
214-005596-A-0021,1.0,La Paz,Urbano,1,1,1,0.6446,0.6615,1,1
214-005596-A-0031,1.0,La Paz,Urbano,0,0,1,0.4748,0.4506,0,0
214-005596-A-0041,3.0,La Paz,Urbano,1,0,1,0.5912,0.4984,1,0
214-005596-A-0071,1.0,La Paz,Urbano,0,0,0,0.6035,0.582,1,1
214-005596-A-0051,3.0,La Paz,Urbano,1,0,0,0.5547,0.6433,1,1
214-005596-A-0081,1.0,La Paz,Urbano,0,0,0,0.4156,0.38,0,0
214-005596-A-0121,3.0,La Paz,Urbano,0,0,0,0.5207,0.4685,1,0
214-005596-A-0111,3.0,La Paz,Urbano,0,0,1,0.4445,0.2896,0,0
214-005596-A-0091,3.0,La Paz,Urbano,0,0,0,0.4751,0.4155,0,0
214-005596-A-0101,2.0,La Paz,Urbano,0,0,0,0.5113,0.3367,1,0
213-002304-A-0021,1.0,La Paz,Urbano,0,0,1,0.6177,0.4154,1,0
213-002304-A-0051,4.0,La Paz,Urbano,0,0,0,0.3776,0.4334,0,0
213-002304-A-0091,1.0,La Paz,Urbano,1,0,1,0.608,0.5893,1,1
213-002304-A-0161,3.0,La Paz,Urbano,0,0,0,0.4183,0.4992,0,0
213-002304-A-0191,1.0,La Paz,Urbano,1,0,0,0.6232,0.86,1,1
213-002304-A-0231,1.0,La Paz,Urbano,0,1,0,0.5711,0.4087,1,0
213-002304-A-0261,3.0,La Paz,Urbano,0,0,0,0.4163,0.4743,0,0
213-002304-A-0401,1.0,La Paz,Urbano,0,0,0,0.5099,0.5302,1,1
213-002304-A-0371,1.0,La Paz,Urbano,0,0,0,0.4722,0.4513,0,0
213-002304-A-0331,1.0,La Paz,Urbano,0,0,0,0.4332,0.4135,0,0
213-002304-A-0301,1.0,La Paz,Urbano,0,0,0,0.4336,0.3682,0,0
213-002345-A-0061,1.0,La Paz,Urbano,1,0,1,0.4724,0.5348,0,1
213-002345-A-0101,3.0,La Paz,Urbano,0,0,0,0.5001,0.47,1,0
213-002345-A-0141,1.0,La Paz,Urbano,1,0,0,0.6052,0.7428,1,1
213-002345-A-0021,4.0,La Paz,Urbano,0,0,1,0.53,0.3434,1,0
213-002345-A-0211,1.0,La Paz,Urbano,0,0,0,0.6491,0.4992,1,0
213-002345-A-0291,1.0,La Paz,Urbano,1,0,0,0.5151,0.5035,1,1
213-002345-A-0171,1.0,La Paz,Urbano,0,0,0,0.5022,0.4045,1,0
213-002345-A-0251,1.0,La Paz,Urbano,0,0,0,0.4607,0.5753,0,1
213-002345-A-0331,3.0,La Paz,Urbano,0,0,1,0.5058,0.5034,1,1
213-002345-A-0371,1.0,La Paz,Urbano,0,0,0,0.7335,0.526,1,1
213-002345-A-0411,1.0,La Paz,Urbano,0,0,0,0.6276,0.5083,1,1
213-002345-A-0451,1.0,La Paz,Urbano,0,0,0,0.5154,0.3575,1,0
212-001032-A-0111,4.0,La Paz,Urbano,0,0,0,0.5281,0.4491,1,0
212-001032-A-0011,1.0,La Paz,Urbano,0,0,0,0.4268,0.3773,0,0
212-001032-A-0051,1.0,La Paz,Urbano,0,0,0,0.3967,0.4209,0,0
212-001032-A-0081,1.0,La Paz,Urbano,0,0,1,0.6056,0.5056,1,1
212-001032-A-0141,3.0,La Paz,Urbano,0,0,1,0.6025,0.4264,1,0
212-001032-A-0171,1.0,La Paz,Urbano,0,1,1,0.4156,0.4035,0,0
212-001032-A-0201,3.0,La Paz,Urbano,0,0,1,0.5217,0.3382,1,0
212-001032-A-0331,1.0,La Paz,Urbano,0,0,0,0.4883,0.4668,0,0
212-001032-A-0361,1.0,La Paz,Urbano,1,0,0,0.5957,0.4783,1,0
212-001032-A-0301,1.0,La Paz,Urbano,0,0,0,0.5033,0.5342,1,1
212-001032-A-0271,3.0,La Paz,Urbano,0,0,0,0.4562,0.3583,0,0
213-002692-A-0011,1.0,La Paz,Urbano,0,0,0,0.6945,0.5713,1,1
213-002692-A-0051,4.0,La Paz,Urbano,1,0,0,0.504,0.5349,1,1
213-002692-A-0081,1.0,La Paz,Urbano,0,0,0,0.7599,0.6109,1,1
213-002692-A-0121,1.0,La Paz,Urbano,0,0,0,0.6386,0.4797,1,0
213-002692-A-0191,1.0,La Paz,Urbano,1,1,0,0.6554,0.6605,1,1
213-002692-A-0231,1.0,La Paz,Urbano,0,0,1,0.5667,0.4893,1,0
213-002692-A-0341,1.0,La Paz,Urbano,0,0,0,0.5241,0.4025,1,0
213-002692-A-0381,1.0,La Paz,Urbano,0,0,0,0.3931,0.4645,0,0
213-002692-A-0411,1.0,La Paz,Urbano,1,0,0,0.4406,0.5595,0,1
213-002692-A-0301,1.0,La Paz,Urbano,0,0,0,0.7888,0.5933,1,1
213-003808-A-0211,3.0,La Paz,Urbano,0,0,0,0.5556,0.5605,1,1
213-003808-A-0251,3.0,La Paz,Urbano,1,0,1,0.4971,0.4237,0,0
213-003808-A-0301,4.0,La Paz,Urbano,0,0,1,0.6262,0.5977,1,1
213-003808-A-0341,1.0,La Paz,Urbano,0,0,0,0.5768,0.4515,1,0
213-003808-A-0391,3.0,La Paz,Urbano,0,1,1,0.4919,0.3698,0,0
213-003808-A-0431,4.0,La Paz,Urbano,0,0,0,0.5893,0.5089,1,1
213-003808-A-0481,3.0,La Paz,Urbano,0,1,1,0.5288,0.348,1,0
213-003808-A-0521,2.0,La Paz,Urbano,0,0,0,0.5085,0.5105,1,1
213-003808-A-0031,3.0,La Paz,Urbano,0,0,0,0.5296,0.4705,1,0
213-003808-A-0071,1.0,La Paz,Urbano,1,0,0,0.5119,0.5768,1,1
213-003808-A-0121,1.0,La Paz,Urbano,1,0,0,0.5307,0.5993,1,1
213-003808-A-0161,3.0,La Paz,Urbano,0,0,0,0.5092,0.5187,1,1
213-002848-A-0011,1.0,La Paz,Urbano,0,0,1,0.4226,0.3737,0,0
213-002848-A-0091,1.0,La Paz,Urbano,0,0,1,0.7278,0.5918,1,1
213-002848-A-0061,1.0,La Paz,Urbano,0,0,1,0.5867,0.5188,1,1
213-002848-A-0121,1.0,La Paz,Urbano,0,0,1,0.5239,0.448,1,0
213-002848-A-0151,2.0,La Paz,Urbano,0,0,0,0.4049,0.3038,0,0
213-002848-A-0181,1.0,La Paz,Urbano,0,1,1,0.472,0.4336,0,0
213-002848-A-0201,3.0,La Paz,Urbano,0,0,1,0.6005,0.376,1,0
213-002848-A-0291,3.0,La Paz,Urbano,0,0,1,0.4189,0.4025,0,0
213-002848-A-0261,3.0,La Paz,Urbano,0,0,0,0.5196,0.4482,1,0
213-002848-A-0321,1.0,La Paz,Urbano,0,0,1,0.4442,0.407,0,0
213-002848-A-0231,1.0,La Paz,Urbano,0,0,0,0.463,0.459,0,0
213-002210-A-0021,1.0,La Paz,Urbano,0,1,1,0.5145,0.5338,1,1
213-002210-A-0051,1.0,La Paz,Urbano,0,0,1,0.5915,0.4672,1,0
213-002210-A-0071,1.0,La Paz,Urbano,1,0,1,0.5749,0.6528,1,1
213-002210-A-0101,2.0,La Paz,Urbano,1,1,0,0.4792,0.5175,0,1
213-002210-A-0131,1.0,La Paz,Urbano,0,0,1,0.6592,0.5126,1,1
213-002210-A-0161,1.0,La Paz,Urbano,0,1,1,0.7968,0.6153,1,1
213-002210-A-0181,1.0,La Paz,Urbano,0,0,1,0.5073,0.4999,1,0
213-002210-A-0211,2.0,La Paz,Urbano,0,0,1,0.435,0.4726,0,0
213-002210-A-0241,4.0,La Paz,Urbano,0,0,1,0.5041,0.3325,1,0
213-002210-A-0271,3.0,La Paz,Urbano,1,0,1,0.6553,0.4943,1,0
213-002210-A-0291,1.0,La Paz,Urbano,0,0,1,0.4008,0.3294,0,0
213-002210-A-0321,1.0,La Paz,Urbano,0,0,1,0.7276,0.5013,1,1
212-000973-A-0121,3.0,La Paz,Urbano,1,0,1,0.57,0.6165,1,1
212-000973-A-0151,3.0,La Paz,Urbano,1,1,0,0.7221,0.537,1,1
212-000973-A-0171,4.0,La Paz,Urbano,0,0,1,0.4757,0.3205,0,0
212-000973-A-0201,1.0,La Paz,Urbano,0,0,0,0.8264,0.6943,1,1
212-000973-A-0221,2.0,La Paz,Urbano,0,0,0,0.5594,0.5392,1,1
212-000973-A-0251,1.0,La Paz,Urbano,0,0,0,0.7396,0.6921,1,1
212-000973-A-0281,1.0,La Paz,Urbano,0,0,0,0.6836,0.5721,1,1
212-000973-A-0301,1.0,La Paz,Urbano,0,0,0,0.504,0.4815,1,0
212-000973-A-0021,1.0,La Paz,Urbano,0,1,1,0.6158,0.4116,1,0
212-000973-A-0041,1.0,La Paz,Urbano,1,0,1,0.7864,0.7175,1,1
212-000973-A-0071,2.0,La Paz,Urbano,0,0,0,0.5227,0.2953,1,0
212-000973-A-0101,7.0,La Paz,Urbano,1,0,1,0.654,0.6231,1,1
214-005411-A-0281,1.0,La Paz,Urbano,1,0,0,0.5968,0.6868,1,1
214-005411-A-0311,1.0,La Paz,Urbano,1,1,0,0.4716,0.5108,0,1
214-005411-A-0351,1.0,La Paz,Urbano,0,0,1,0.4636,0.4199,0,0
214-005411-A-0381,1.0,La Paz,Urbano,0,1,0,0.5081,0.3434,1,0
214-005411-A-0151,3.0,La Paz,Urbano,0,0,0,0.4919,0.3146,0,0
214-005411-A-0181,2.0,La Paz,Urbano,1,0,0,0.3723,0.4815,0,0
214-005411-A-0211,2.0,La Paz,Urbano,0,0,0,0.4183,0.4155,0,0
214-005411-A-0251,2.0,La Paz,Urbano,0,0,0,0.4404,0.463,0,0
214-005411-A-0011,4.0,La Paz,Urbano,0,0,1,0.4439,0.3639,0,0
214-005411-A-0051,3.0,La Paz,Urbano,0,0,1,0.4365,0.466,0,0
214-005411-A-0081,3.0,La Paz,Urbano,0,0,1,0.4096,0.4216,0,0
214-005411-A-0111,2.0,La Paz,Urbano,0,0,1,0.4207,0.3966,0,0
213-003483-A-0021,1.0,La Paz,Urbano,0,0,0,0.633,0.5118,1,1
213-003483-A-0071,1.0,La Paz,Urbano,1,0,1,0.6744,0.6505,1,1
213-003483-A-0101,1.0,La Paz,Urbano,0,1,0,0.6314,0.4925,1,0
213-003483-A-0241,4.0,La Paz,Urbano,0,0,1,0.7325,0.421,1,0
213-003483-A-0271,1.0,La Paz,Urbano,0,0,1,0.6405,0.5073,1,1
213-003483-A-0291,1.0,La Paz,Urbano,0,0,1,0.7337,0.6332,1,1
213-003483-A-0321,1.0,La Paz,Urbano,0,0,0,0.429,0.386,0,0
213-003483-A-0131,1.0,La Paz,Urbano,1,0,1,0.7679,0.6825,1,1
213-003483-A-0161,3.0,La Paz,Urbano,0,0,0,0.456,0.4346,0,0
213-003483-A-0181,1.0,La Paz,Urbano,0,0,1,0.4909,0.4093,0,0
213-003483-A-0211,1.0,La Paz,Urbano,1,0,1,0.4001,0.5168,0,1
213-002370-A-0191,4.0,La Paz,Urbano,1,0,0,0.4542,0.5683,0,1
213-002370-A-0221,1.0,La Paz,Urbano,0,0,1,0.4739,0.3565,0,0
213-002370-A-0241,1.0,La Paz,Urbano,1,1,0,0.6448,0.8049,1,1
213-002370-A-0261,1.0,La Paz,Urbano,1,1,1,0.4625,0.6418,0,1
213-002370-A-0011,2.0,La Paz,Urbano,0,0,0,0.5168,0.5561,1,1
213-002370-A-0031,1.0,La Paz,Urbano,0,0,1,0.4078,0.394,0,0
213-002370-A-0051,1.0,La Paz,Urbano,0,0,0,0.3473,0.343,0,0
213-002370-A-0081,1.0,La Paz,Urbano,1,0,0,0.5612,0.6582,1,1
213-002370-A-0101,1.0,La Paz,Urbano,0,0,1,0.4452,0.3978,0,0
213-002370-A-0121,1.0,La Paz,Urbano,0,0,0,0.342,0.3223,0,0
213-002370-A-0151,1.0,La Paz,Urbano,1,0,1,0.4541,0.4748,0,0
213-002370-A-0171,3.0,La Paz,Urbano,0,0,0,0.3336,0.2759,0,0
214-005380-A-0051,1.0,La Paz,Urbano,0,0,0,0.507,0.4849,1,0
214-005380-A-0021,2.0,La Paz,Urbano,0,0,0,0.5077,0.5002,1,1
214-005380-A-0091,1.0,La Paz,Urbano,0,0,1,0.5126,0.4631,1,0
214-005380-A-0121,1.0,La Paz,Urbano,1,0,0,0.512,0.5183,1,1
214-005380-A-0161,1.0,La Paz,Urbano,0,0,1,0.535,0.4269,1,0
214-005380-A-0191,3.0,La Paz,Urbano,0,0,0,0.4335,0.2689,0,0
214-005380-A-0261,4.0,La Paz,Urbano,0,0,1,0.5471,0.2787,1,0
214-005380-A-0231,3.0,La Paz,Urbano,0,1,1,0.3624,0.426,0,0
214-005380-A-0331,1.0,La Paz,Urbano,0,0,1,0.3531,0.3778,0,0
214-005380-A-0361,1.0,La Paz,Urbano,0,1,1,0.3941,0.4236,0,0
214-005380-A-0401,1.0,La Paz,Urbano,0,0,0,0.3924,0.3611,0,0
214-005555-A-0631,1.0,La Paz,Urbano,0,0,0,0.4925,0.5281,0,1
214-005555-A-0701,1.0,La Paz,Urbano,0,1,0,0.4191,0.3498,0,0
214-005555-A-0771,3.0,La Paz,Urbano,0,0,0,0.46,0.4619,0,0
214-005555-A-0841,1.0,La Paz,Urbano,0,0,0,0.5271,0.6065,1,1
214-005555-A-0341,2.0,La Paz,Urbano,0,0,1,0.503,0.423,1,0
214-005555-A-0411,3.0,La Paz,Urbano,0,0,0,0.3996,0.4622,0,0
214-005555-A-0481,1.0,La Paz,Urbano,0,0,1,0.4468,0.5298,0,1
214-005555-A-0561,1.0,La Paz,Urbano,0,0,1,0.4641,0.4333,0,0
214-005555-A-0051,1.0,La Paz,Urbano,0,0,1,0.4584,0.3793,0,0
214-005555-A-0131,1.0,La Paz,Urbano,0,0,1,0.3369,0.3945,0,0
214-005555-A-0201,2.0,La Paz,Urbano,0,0,0,0.4268,0.4872,0,0
214-005555-A-0271,1.0,La Paz,Urbano,1,0,1,0.3714,0.4463,0,0
214-005554-A-0031,1.0,La Paz,Urbano,0,0,0,0.3975,0.3124,0,0
214-005554-A-0051,1.0,La Paz,Urbano,0,1,0,0.5008,0.5122,1,1
214-005554-A-0081,1.0,La Paz,Urbano,0,0,0,0.4892,0.5764,0,1
214-005554-A-0101,1.0,La Paz,Urbano,0,0,0,0.4831,0.5074,0,1
214-005554-A-0121,3.0,La Paz,Urbano,0,0,0,0.3457,0.3311,0,0
214-005554-A-0151,1.0,La Paz,Urbano,0,0,0,0.4632,0.3503,0,0
214-005554-A-0171,1.0,La Paz,Urbano,0,0,0,0.4483,0.4474,0,0
214-005554-A-0191,1.0,La Paz,Urbano,1,0,0,0.5645,0.6527,1,1
214-005554-A-0221,1.0,La Paz,Urbano,0,0,0,0.5461,0.5019,1,1
214-005554-A-0241,1.0,La Paz,Urbano,0,1,1,0.481,0.362,0,0
214-005554-A-0261,1.0,La Paz,Urbano,1,0,1,0.7137,0.7387,1,1
213-002149-A-0011,1.0,La Paz,Urbano,0,0,1,0.5159,0.4362,1,0
213-002149-A-0021,1.0,La Paz,Urbano,0,0,1,0.548,0.4782,1,0
213-002149-A-0031,1.0,La Paz,Urbano,0,0,1,0.5225,0.4542,1,0
213-002149-A-0041,1.0,La Paz,Urbano,0,0,1,0.4841,0.5607,0,1
213-002149-A-0061,1.0,La Paz,Urbano,1,0,1,0.4438,0.6809,0,1
213-002149-A-0071,1.0,La Paz,Urbano,0,0,1,0.3573,0.2561,0,0
213-002149-A-0081,1.0,La Paz,Urbano,1,0,1,0.3135,0.4504,0,0
213-002149-A-0091,1.0,La Paz,Urbano,1,0,1,0.3898,0.5426,0,1
213-002149-A-0111,1.0,La Paz,Urbano,0,0,1,0.4978,0.4976,0,0
213-002149-A-0121,3.0,La Paz,Urbano,1,1,0,0.4244,0.5454,0,1
213-002149-A-0131,1.0,La Paz,Urbano,1,1,0,0.4659,0.6404,0,1
213-002149-A-0141,4.0,La Paz,Urbano,0,0,1,0.6391,0.4127,1,0
214-005224-A-0011,4.0,La Paz,Urbano,0,1,0,0.4697,0.3833,0,0
214-005224-A-0051,4.0,La Paz,Urbano,0,0,1,0.43,0.3998,0,0
214-005224-A-0101,1.0,La Paz,Urbano,0,0,1,0.4626,0.4575,0,0
214-005224-A-0141,1.0,La Paz,Urbano,0,0,0,0.449,0.4886,0,0
214-005224-A-0181,1.0,La Paz,Urbano,1,0,1,0.4838,0.5498,0,1
214-005224-A-0271,1.0,La Paz,Urbano,0,0,0,0.4623,0.329,0,0
214-005224-A-0231,1.0,La Paz,Urbano,1,0,1,0.417,0.4843,0,0
214-005224-A-0311,1.0,La Paz,Urbano,1,0,1,0.6716,0.6282,1,1
214-005224-A-0361,1.0,La Paz,Urbano,0,0,0,0.4185,0.3359,0,0
214-005224-A-0401,3.0,La Paz,Urbano,0,0,0,0.4645,0.4517,0,0
214-005224-A-0441,3.0,La Paz,Urbano,0,1,0,0.5418,0.364,1,0
214-005224-A-0491,1.0,La Paz,Urbano,1,1,0,0.4667,0.6511,0,1
213-001862-A-0011,1.0,La Paz,Urbano,0,0,1,0.4367,0.4481,0,0
213-001862-A-0031,3.0,La Paz,Urbano,0,0,1,0.4299,0.4507,0,0
213-001862-A-0051,3.0,La Paz,Urbano,0,1,1,0.4542,0.4747,0,0
213-001862-A-0081,1.0,La Paz,Urbano,0,0,1,0.5747,0.4464,1,0
213-001862-A-0101,1.0,La Paz,Urbano,1,0,1,0.638,0.4714,1,0
213-001862-A-0121,1.0,La Paz,Urbano,0,0,0,0.4744,0.4484,0,0
213-001862-A-0141,2.0,La Paz,Urbano,0,0,1,0.5269,0.4824,1,0
213-001862-A-0171,1.0,La Paz,Urbano,1,0,1,0.4269,0.3289,0,0
213-001862-A-0191,3.0,La Paz,Urbano,0,0,0,0.3406,0.3276,0,0
213-001862-A-0211,3.0,La Paz,Urbano,0,0,1,0.3742,0.4136,0,0
213-001862-A-0231,3.0,La Paz,Urbano,0,0,1,0.4022,0.4519,0,0
213-001862-A-0261,1.0,La Paz,Urbano,0,0,0,0.4442,0.3871,0,0
213-001811-A-0051,1.0,La Paz,Urbano,0,0,1,0.4096,0.3223,0,0
213-001811-A-0091,2.0,La Paz,Urbano,1,0,1,0.4132,0.3834,0,0
213-001811-A-0121,3.0,La Paz,Urbano,0,0,1,0.4409,0.3674,0,0
213-001811-A-0191,1.0,La Paz,Urbano,1,1,1,0.4424,0.6086,0,1
213-001811-A-0161,1.0,La Paz,Urbano,1,1,1,0.5293,0.6911,1,1
213-001811-A-0231,3.0,La Paz,Urbano,0,0,1,0.577,0.4124,1,0
213-001811-A-0261,1.0,La Paz,Urbano,0,1,1,0.3705,0.2609,0,0
213-001811-A-0331,3.0,La Paz,Urbano,0,1,0,0.5288,0.3891,1,0
213-001811-A-0371,1.0,La Paz,Urbano,1,1,1,0.3761,0.5825,0,1
213-001811-A-0401,1.0,La Paz,Urbano,1,1,0,0.6496,0.5968,1,1
214-005116-A-0051,3.0,La Paz,Urbano,0,0,0,0.4163,0.3822,0,0
214-005116-A-0121,1.0,La Paz,Urbano,1,1,1,0.4262,0.4035,0,0
214-005116-A-0191,3.0,La Paz,Urbano,0,0,0,0.3722,0.3897,0,0
214-005116-A-0221,1.0,La Paz,Urbano,1,0,1,0.4253,0.4724,0,0
214-005116-A-0241,3.0,La Paz,Urbano,1,1,0,0.5408,0.5243,1,1
214-005116-A-0261,1.0,La Paz,Urbano,1,1,0,0.6784,0.6218,1,1
214-004907-A-0021,1.0,La Paz,Urbano,0,0,1,0.5197,0.3994,1,0
214-004907-A-0381,1.0,La Paz,Urbano,1,0,1,0.5635,0.5055,1,1
214-004907-A-0451,2.0,La Paz,Urbano,0,1,1,0.4908,0.445,0,0
214-004907-A-0591,3.0,La Paz,Urbano,1,0,0,0.4881,0.625,0,1
214-004907-A-0661,3.0,La Paz,Urbano,0,0,0,0.5071,0.4826,1,0
214-004907-A-0731,1.0,La Paz,Urbano,0,0,1,0.5564,0.3832,1,0
214-004907-A-0801,1.0,La Paz,Urbano,0,0,0,0.5191,0.4862,1,0
214-005178-A-0021,1.0,La Paz,Urbano,0,0,1,0.6368,0.4945,1,0
214-005178-A-0161,1.0,La Paz,Urbano,0,0,0,0.4199,0.3666,0,0
214-005178-A-0201,1.0,La Paz,Urbano,1,1,1,0.4967,0.5353,0,1
214-005178-A-0251,1.0,La Paz,Urbano,1,0,0,0.7874,0.748,1,1
214-005178-A-0301,1.0,La Paz,Urbano,1,0,1,0.533,0.5202,1,1
214-005178-A-0341,1.0,La Paz,Urbano,1,1,1,0.445,0.4508,0,0
214-005178-A-0391,1.0,La Paz,Urbano,0,0,1,0.3457,0.4085,0,0
214-005178-A-0431,3.0,La Paz,Urbano,0,0,0,0.5169,0.406,1,0
214-005178-A-0481,1.0,La Paz,Urbano,0,0,0,0.502,0.4672,1,0
214-005178-A-0521,1.0,La Paz,Urbano,0,0,0,0.6213,0.555,1,1
213-002101-A-0081,1.0,La Paz,Urbano,1,1,1,0.6188,0.8016,1,1
213-002101-A-0051,1.0,La Paz,Urbano,0,1,1,0.4395,0.3932,0,0
213-002101-A-0141,1.0,La Paz,Urbano,1,1,1,0.4725,0.6209,0,1
213-002101-A-0171,1.0,La Paz,Urbano,0,0,1,0.3292,0.2689,0,0
213-002101-A-0241,2.0,La Paz,Urbano,1,0,1,0.7289,0.6263,1,1
213-002101-A-0271,3.0,La Paz,Urbano,0,0,1,0.6002,0.521,1,1
213-002101-A-0301,4.0,La Paz,Urbano,0,0,0,0.4526,0.288,0,0
213-002101-A-0331,2.0,La Paz,Urbano,1,0,1,0.4411,0.5935,0,1
214-004786-A-0051,1.0,La Paz,Urbano,0,0,0,0.4135,0.2995,0,0
214-004786-A-0091,1.0,La Paz,Urbano,0,0,1,0.3485,0.3436,0,0
214-004786-A-0121,1.0,La Paz,Urbano,0,0,1,0.3578,0.3408,0,0
214-004786-A-0131,1.0,La Paz,Urbano,0,0,1,0.4281,0.2893,0,0
214-004786-A-0101,1.0,La Paz,Urbano,1,0,0,0.4099,0.3813,0,0
214-004786-A-0081,1.0,La Paz,Urbano,1,0,0,0.4742,0.3882,0,0
214-004786-A-0111,1.0,La Paz,Urbano,0,0,0,0.3603,0.3737,0,0
214-004786-A-0061,1.0,La Paz,Urbano,0,0,0,0.5107,0.4891,1,0
214-004786-A-0011,1.0,La Paz,Urbano,0,0,1,0.4722,0.2528,0,0
214-004786-A-0021,1.0,La Paz,Urbano,1,0,0,0.5488,0.4828,1,0
214-004786-A-0031,1.0,La Paz,Urbano,0,0,0,0.4127,0.3347,0,0
214-004786-A-0041,1.0,La Paz,Urbano,0,0,0,0.4342,0.3699,0,0
214-004827-A-0091,1.0,La Paz,Urbano,0,0,0,0.3856,0.2657,0,0
214-004827-A-0051,1.0,La Paz,Urbano,0,0,1,0.4031,0.3237,0,0
214-004827-A-0061,1.0,La Paz,Urbano,0,0,0,0.3677,0.2729,0,0
214-004827-A-0081,1.0,La Paz,Urbano,0,0,0,0.4007,0.3096,0,0
214-004827-A-0031,1.0,La Paz,Urbano,0,0,1,0.5052,0.373,1,0
214-004827-A-0021,1.0,La Paz,Urbano,0,0,0,0.5011,0.3645,1,0
214-004827-A-0041,1.0,La Paz,Urbano,1,0,1,0.3854,0.4714,0,0
214-004827-A-0131,1.0,La Paz,Urbano,0,0,0,0.3771,0.2719,0,0
214-004827-A-0121,3.0,La Paz,Urbano,0,0,0,0.4906,0.4798,0,0
214-004827-A-0101,1.0,La Paz,Urbano,0,0,0,0.4348,0.4225,0,0
214-004721-A-0251,1.0,La Paz,Urbano,0,0,0,0.3984,0.278,0,0
214-004721-A-0431,1.0,La Paz,Urbano,0,0,0,0.3678,0.2863,0,0
214-004721-A-0491,1.0,La Paz,Urbano,0,0,0,0.5054,0.3891,1,0
214-004721-A-0551,1.0,La Paz,Urbano,1,0,1,0.561,0.6351,1,1
214-004721-A-0611,1.0,La Paz,Urbano,0,0,1,0.3468,0.3239,0,0
214-004721-A-0671,1.0,La Paz,Urbano,0,0,0,0.4717,0.566,0,1
214-004721-A-0011,1.0,La Paz,Urbano,0,0,0,0.31,0.2304,0,0
214-004721-A-0191,1.0,La Paz,Urbano,0,0,0,0.4154,0.2963,0,0
214-004721-A-0071,1.0,La Paz,Urbano,0,0,1,0.4446,0.4024,0,0
213-001506-A-0121,1.0,La Paz,Urbano,0,0,0,0.3956,0.4396,0,0
213-001506-A-0131,1.0,La Paz,Urbano,0,0,0,0.463,0.3298,0,0
213-001506-A-0041,4.0,La Paz,Urbano,0,0,0,0.4231,0.2522,0,0
213-001506-A-0051,1.0,La Paz,Urbano,0,0,0,0.661,0.57,1,1
213-001506-A-0081,1.0,La Paz,Urbano,1,0,0,0.5218,0.6018,1,1
213-001506-A-0031,1.0,La Paz,Urbano,1,1,1,0.391,0.5117,0,1
213-001506-A-0091,1.0,La Paz,Urbano,0,0,0,0.41,0.3759,0,0
213-001506-A-0011,1.0,La Paz,Urbano,0,0,0,0.5101,0.326,1,0
214-004573-A-0071,1.0,La Paz,Urbano,0,0,1,0.4047,0.3902,0,0
214-004573-A-0091,1.0,La Paz,Urbano,0,0,0,0.43,0.3683,0,0
214-004573-A-0101,3.0,La Paz,Urbano,0,0,0,0.5443,0.4296,1,0
214-004573-A-0171,2.0,La Paz,Urbano,0,0,0,0.386,0.4118,0,0
214-004573-A-0131,1.0,La Paz,Urbano,0,0,1,0.4833,0.4599,0,0
214-004573-A-0181,4.0,La Paz,Urbano,1,0,0,0.4453,0.5987,0,1
214-004573-A-0011,1.0,La Paz,Urbano,1,0,0,0.4949,0.5586,0,1
214-004573-A-0041,1.0,La Paz,Urbano,0,0,1,0.7656,0.5487,1,1
214-004573-A-0061,1.0,La Paz,Urbano,1,0,0,0.5698,0.4585,1,0
213-001695-A-0201,1.0,La Paz,Urbano,0,0,1,0.4027,0.3625,0,0
213-001695-A-0341,4.0,La Paz,Urbano,0,1,1,0.387,0.3114,0,0
213-001695-A-0291,4.0,La Paz,Urbano,0,0,1,0.3455,0.2864,0,0
213-001695-A-0251,3.0,La Paz,Urbano,0,0,1,0.4514,0.379,0,0
213-001695-A-0391,1.0,La Paz,Urbano,1,0,0,0.481,0.5128,0,1
213-001695-A-0431,1.0,La Paz,Urbano,0,0,1,0.5052,0.4533,1,0
213-001695-A-0481,1.0,La Paz,Urbano,0,0,0,0.4256,0.3124,0,0
213-001695-A-0531,1.0,La Paz,Urbano,0,0,1,0.5797,0.5278,1,1
213-001695-A-0011,3.0,La Paz,Urbano,0,0,1,0.5311,0.4815,1,0
213-001695-A-0151,1.0,La Paz,Urbano,1,0,0,0.5256,0.5689,1,1
213-003373-A-0061,3.0,La Paz,Urbano,0,0,1,0.4426,0.4441,0,0
213-003373-A-0081,3.0,La Paz,Urbano,0,0,1,0.3694,0.2695,0,0
213-003373-A-0131,1.0,La Paz,Urbano,0,0,0,0.4362,0.3736,0,0
213-003373-A-0101,2.0,La Paz,Urbano,0,0,1,0.6151,0.5372,1,1
213-003373-A-0111,1.0,La Paz,Urbano,0,0,0,0.3796,0.3977,0,0
213-003373-A-0121,1.0,La Paz,Urbano,0,0,0,0.3828,0.3342,0,0
213-003373-A-0011,4.0,La Paz,Urbano,1,0,1,0.6213,0.6088,1,1
213-003373-A-0021,1.0,La Paz,Urbano,1,0,1,0.5205,0.5952,1,1
212-000914-A-0101,3.0,La Paz,Urbano,0,0,1,0.4506,0.3114,0,0
212-000914-A-0161,2.0,La Paz,Urbano,0,0,1,0.4537,0.37,0,0
212-000914-A-0121,2.0,La Paz,Urbano,0,0,1,0.3408,0.4417,0,0
212-000914-A-0141,3.0,La Paz,Urbano,0,0,1,0.4605,0.3445,0,0
212-000914-A-0181,1.0,La Paz,Urbano,0,1,0,0.6867,0.6357,1,1
212-000914-A-0201,3.0,La Paz,Urbano,0,0,1,0.5869,0.5146,1,1
212-000914-A-0221,1.0,La Paz,Urbano,0,0,0,0.394,0.345,0,0
212-000914-A-0041,1.0,La Paz,Urbano,1,0,1,0.7112,0.714,1,1
212-000914-A-0081,1.0,La Paz,Urbano,1,0,0,0.7304,0.8224,1,1
214-005742-A-0191,2.0,La Paz,Urbano,0,0,1,0.3743,0.3554,0,0
214-005742-A-0211,4.0,La Paz,Urbano,0,0,0,0.521,0.3623,1,0
214-005742-A-0231,1.0,La Paz,Urbano,0,0,1,0.4407,0.4663,0,0
214-005742-A-0011,3.0,La Paz,Urbano,0,0,0,0.4696,0.4522,0,0
214-005742-A-0051,3.0,La Paz,Urbano,0,0,0,0.4186,0.4087,0,0
214-005742-A-0031,1.0,La Paz,Urbano,0,0,0,0.4453,0.4273,0,0
214-005742-A-0091,1.0,La Paz,Urbano,0,0,1,0.4354,0.4432,0,0
214-005742-A-0111,1.0,La Paz,Urbano,0,0,0,0.3282,0.3489,0,0
214-005742-A-0171,3.0,La Paz,Urbano,0,0,1,0.4364,0.4366,0,0
214-005742-A-0131,1.0,La Paz,Urbano,0,0,1,0.4691,0.3915,0,0
214-005742-A-0151,3.0,La Paz,Urbano,0,0,0,0.3938,0.4368,0,0
214-004330-A-0561,4.0,La Paz,Urbano,0,0,0,0.4434,0.4186,0,0
214-004330-A-0411,2.0,La Paz,Urbano,0,0,0,0.4823,0.4592,0,0
214-004330-A-0211,1.0,La Paz,Urbano,1,0,0,0.4811,0.5121,0,1
214-004330-A-0261,1.0,La Paz,Urbano,0,0,0,0.4802,0.4548,0,0
214-004330-A-0361,1.0,La Paz,Urbano,1,1,1,0.5223,0.7012,1,1
214-004330-A-0311,1.0,La Paz,Urbano,0,0,1,0.5125,0.476,1,0
214-004330-A-0511,1.0,La Paz,Urbano,1,0,0,0.3911,0.4862,0,0
214-004330-A-0121,1.0,La Paz,Urbano,0,0,0,0.3976,0.2597,0,0
214-004330-A-0171,1.0,La Paz,Urbano,0,0,0,0.391,0.4672,0,0
214-004330-A-0071,1.0,La Paz,Urbano,0,1,0,0.5207,0.2402,1,0
214-004330-A-0021,1.0,La Paz,Urbano,0,0,0,0.4664,0.4284,0,0
213-003139-A-0121,2.0,La Paz,Urbano,0,0,1,0.7735,0.5917,1,1
213-003139-A-0141,1.0,La Paz,Urbano,0,0,0,0.4788,0.2576,0,0
213-003139-A-0171,4.0,La Paz,Urbano,0,0,0,0.6279,0.5542,1,1
213-003139-A-0201,3.0,La Paz,Urbano,0,0,0,0.4866,0.4056,0,0
213-003139-A-0041,1.0,La Paz,Urbano,0,1,1,0.6145,0.602,1,1
213-003139-A-0011,1.0,La Paz,Urbano,0,0,1,0.4898,0.3962,0,0
213-003139-A-0091,3.0,La Paz,Urbano,0,0,0,0.384,0.4013,0,0
213-003139-A-0301,1.0,La Paz,Urbano,1,0,0,0.4591,0.6316,0,1
213-003139-A-0281,1.0,La Paz,Urbano,0,0,1,0.7316,0.6133,1,1
213-003139-A-0221,4.0,La Paz,Urbano,0,0,0,0.3424,0.2609,0,0
213-003139-A-0251,2.0,La Paz,Urbano,0,0,0,0.6754,0.5782,1,1
213-001375-A-0201,1.0,La Paz,Urbano,0,0,0,0.4596,0.4198,0,0
213-001375-A-0251,1.0,La Paz,Urbano,0,0,1,0.6522,0.6015,1,1
213-001375-A-0301,3.0,La Paz,Urbano,0,0,1,0.5502,0.4051,1,0
213-001375-A-0341,3.0,La Paz,Urbano,0,0,0,0.4551,0.4413,0,0
213-001375-A-0391,1.0,La Paz,Urbano,0,0,1,0.4117,0.4764,0,0
213-001375-A-0431,1.0,La Paz,Urbano,0,0,0,0.4799,0.4027,0,0
213-001375-A-0521,1.0,La Paz,Urbano,0,0,1,0.3325,0.4411,0,0
213-001375-A-0161,3.0,La Paz,Urbano,0,1,1,0.4699,0.4589,0,0
213-001375-A-0111,4.0,La Paz,Urbano,1,1,0,0.4587,0.4761,0,0
213-001375-A-0071,1.0,La Paz,Urbano,0,0,0,0.6735,0.4811,1,0
213-001375-A-0021,4.0,La Paz,Urbano,1,1,0,0.4291,0.4728,0,0
214-004263-A-0021,1.0,La Paz,Urbano,0,0,0,0.7063,0.628,1,1
214-004263-A-0041,1.0,La Paz,Urbano,0,0,1,0.4564,0.3525,0,0
214-004263-A-0071,1.0,La Paz,Urbano,1,0,0,0.4944,0.6836,0,1
214-004263-A-0101,1.0,La Paz,Urbano,0,0,1,0.3717,0.3404,0,0
214-004263-A-0121,1.0,La Paz,Urbano,1,1,0,0.334,0.4927,0,0
214-004263-A-0171,2.0,La Paz,Urbano,0,0,0,0.439,0.4992,0,0
214-004263-A-0151,1.0,La Paz,Urbano,0,0,0,0.4488,0.325,0,0
214-004263-A-0221,1.0,La Paz,Urbano,1,0,0,0.3553,0.5007,0,1
214-004263-A-0251,3.0,La Paz,Urbano,1,1,1,0.3109,0.2758,0,0
214-004263-A-0281,1.0,La Paz,Urbano,0,0,1,0.4535,0.5203,0,1
214-004423-A-0341,1.0,La Paz,Urbano,1,0,1,0.4189,0.5892,0,1
214-004423-A-0381,3.0,La Paz,Urbano,1,0,0,0.4007,0.481,0,0
214-004423-A-0431,1.0,La Paz,Urbano,0,1,0,0.3675,0.4011,0,0
214-004423-A-0471,1.0,La Paz,Urbano,0,0,0,0.4555,0.4585,0,0
214-004423-A-0021,3.0,La Paz,Urbano,0,0,1,0.4996,0.4282,0,0
214-004423-A-0061,1.0,La Paz,Urbano,0,1,0,0.3996,0.3098,0,0
214-004423-A-0101,1.0,La Paz,Urbano,0,0,0,0.4468,0.4625,0,0
214-004423-A-0141,1.0,La Paz,Urbano,0,0,1,0.4249,0.4304,0,0
214-004423-A-0181,1.0,La Paz,Urbano,0,0,0,0.4494,0.4997,0,0
214-004423-A-0221,3.0,La Paz,Urbano,0,0,0,0.4157,0.4633,0,0
214-004423-A-0301,1.0,La Paz,Urbano,0,0,0,0.3534,0.387,0,0
214-004423-A-0261,2.0,La Paz,Urbano,0,0,0,0.4647,0.5563,0,1
213-001633-A-0051,1.0,La Paz,Urbano,1,0,0,0.7277,0.7089,1,1
213-001633-A-0061,3.0,La Paz,Urbano,0,0,1,0.4486,0.3559,0,0
213-001633-A-0081,1.0,La Paz,Urbano,0,0,1,0.8419,0.7258,1,1
213-001633-A-0091,1.0,La Paz,Urbano,0,0,0,0.5439,0.4854,1,0
213-001633-A-0131,5.0,La Paz,Urbano,0,0,1,0.5549,0.4841,1,0
213-001633-A-0111,1.0,La Paz,Urbano,0,0,0,0.3757,0.3501,0,0
213-001633-A-0121,1.0,La Paz,Urbano,1,0,0,0.471,0.4572,0,0
213-001633-A-0101,3.0,La Paz,Urbano,0,0,0,0.4087,0.334,0,0
213-001633-A-0041,2.0,La Paz,Urbano,1,0,1,0.4126,0.5186,0,1
213-001633-A-0031,1.0,La Paz,Urbano,0,0,1,0.5094,0.3784,1,0
213-001633-A-0021,1.0,La Paz,Urbano,0,0,0,0.423,0.2432,0,0
211-000118-A-0011,1.0,La Paz,Urbano,0,0,0,0.6514,0.4814,1,0
211-000118-A-0021,4.0,La Paz,Urbano,0,0,1,0.6076,0.5357,1,1
211-000118-A-0031,1.0,La Paz,Urbano,0,0,0,0.5223,0.4537,1,0
211-000118-A-0041,1.0,La Paz,Urbano,0,0,0,0.6913,0.4711,1,0
211-000118-A-0061,3.0,La Paz,Urbano,0,0,1,0.6157,0.4443,1,0
211-000118-A-0081,1.0,La Paz,Urbano,0,1,1,0.758,0.6388,1,1
211-000118-A-0071,1.0,La Paz,Urbano,0,0,0,0.5926,0.504,1,1
211-000118-A-0121,4.0,La Paz,Urbano,0,1,1,0.4896,0.3253,0,0
211-000118-A-0131,2.0,La Paz,Urbano,0,0,1,0.6656,0.5672,1,1
211-000118-A-0141,4.0,La Paz,Urbano,0,1,1,0.4898,0.4186,0,0
211-000118-A-0091,1.0,La Paz,Urbano,0,0,1,0.7037,0.6037,1,1
214-006080-A-0011,4.0,La Paz,Urbano,0,0,0,0.4012,0.2832,0,0
214-006080-A-0051,1.0,La Paz,Urbano,0,0,0,0.7514,0.5821,1,1
214-006080-A-0031,3.0,La Paz,Urbano,0,0,0,0.4409,0.3967,0,0
214-006080-A-0061,1.0,La Paz,Urbano,0,0,0,0.4258,0.3499,0,0
214-006080-A-0191,1.0,La Paz,Urbano,0,1,0,0.3872,0.4004,0,0
214-006080-A-0171,1.0,La Paz,Urbano,0,0,0,0.5254,0.3761,1,0
214-006080-A-0151,1.0,La Paz,Urbano,0,0,0,0.5775,0.5376,1,1
214-006080-A-0201,4.0,La Paz,Urbano,0,0,1,0.5806,0.4642,1,0
214-006080-A-0101,1.0,La Paz,Urbano,1,1,0,0.4544,0.5437,0,1
214-006080-A-0121,1.0,La Paz,Urbano,0,0,0,0.5858,0.409,1,0
214-006080-A-0081,1.0,La Paz,Urbano,0,0,0,0.4358,0.3943,0,0
214-006080-A-0131,4.0,La Paz,Urbano,0,0,0,0.3939,0.3975,0,0
214-004248-A-0351,2.0,La Paz,Urbano,0,0,0,0.4486,0.4599,0,0
214-004248-A-0171,1.0,La Paz,Urbano,0,0,0,0.3876,0.3844,0,0
214-004248-A-0071,1.0,La Paz,Urbano,0,0,0,0.3914,0.2578,0,0
214-004248-A-0261,1.0,La Paz,Urbano,0,0,0,0.4826,0.4987,0,0
214-004248-A-1081,1.0,La Paz,Urbano,0,1,1,0.4343,0.3165,0,0
214-004248-A-0901,2.0,La Paz,Urbano,0,0,1,0.5304,0.3728,1,0
214-004248-A-0991,1.0,La Paz,Urbano,0,0,1,0.5514,0.481,1,0
214-004248-A-0811,1.0,La Paz,Urbano,0,0,0,0.3712,0.4037,0,0
214-004248-A-0621,1.0,La Paz,Urbano,0,0,0,0.4168,0.3355,0,0
214-004248-A-0531,3.0,La Paz,Urbano,1,0,0,0.4771,0.6073,0,1
214-004248-A-0721,1.0,La Paz,Urbano,0,0,0,0.4356,0.4182,0,0
214-004248-A-0441,1.0,La Paz,Urbano,1,0,0,0.3969,0.4828,0,0
214-006169-A-0031,3.0,La Paz,Urbano,0,0,1,0.3125,0.4296,0,0
214-006169-A-0061,3.0,La Paz,Urbano,0,0,0,0.3707,0.2444,0,0
214-006169-A-0051,3.0,La Paz,Urbano,0,0,1,0.448,0.3456,0,0
214-006169-A-0011,1.0,La Paz,Urbano,0,1,1,0.3784,0.336,0,0
214-006169-A-0161,2.0,La Paz,Urbano,0,0,0,0.5416,0.4992,1,0
214-006169-A-0171,2.0,La Paz,Urbano,0,0,1,0.5093,0.4382,1,0
214-006169-A-0191,1.0,La Paz,Urbano,0,0,1,0.5778,0.4111,1,0
214-006169-A-0211,2.0,La Paz,Urbano,0,0,0,0.5778,0.4395,1,0
214-006169-A-0081,1.0,La Paz,Urbano,1,0,0,0.6305,0.667,1,1
214-006169-A-0141,1.0,La Paz,Urbano,1,0,0,0.4131,0.4722,0,0
214-006169-A-0121,1.0,La Paz,Urbano,0,0,0,0.4291,0.3734,0,0
214-006169-A-0101,3.0,La Paz,Urbano,1,0,0,0.5298,0.5795,1,1
212-000795-A-0011,4.0,La Paz,Urbano,0,0,0,0.4641,0.2787,0,0
212-000795-A-0031,2.0,La Paz,Urbano,0,0,0,0.6344,0.3406,1,0
212-000795-A-0091,3.0,La Paz,Urbano,0,0,1,0.5443,0.517,1,1
212-000795-A-0061,4.0,La Paz,Urbano,0,0,1,0.5127,0.4078,1,0
212-000795-A-0261,3.0,La Paz,Urbano,0,0,0,0.4499,0.4363,0,0
212-000795-A-0231,1.0,La Paz,Urbano,0,0,0,0.5194,0.5766,1,1
212-000795-A-0291,1.0,La Paz,Urbano,0,0,0,0.5105,0.4292,1,0
212-000795-A-0321,3.0,La Paz,Urbano,0,0,0,0.5236,0.5598,1,1
212-000795-A-0181,4.0,La Paz,Urbano,0,0,0,0.5744,0.4888,1,0
212-000795-A-0121,2.0,La Paz,Urbano,0,0,0,0.6606,0.5551,1,1
212-000795-A-0201,1.0,La Paz,Urbano,1,0,0,0.6538,0.7835,1,1
212-000795-A-0151,2.0,La Paz,Urbano,1,1,0,0.4726,0.3883,0,0
214-006287-A-0051,1.0,La Paz,Urbano,0,0,0,0.3141,0.2273,0,0
214-006287-A-0011,1.0,La Paz,Urbano,0,0,0,0.33,0.2245,0,0
214-006287-A-0031,3.0,La Paz,Urbano,0,0,1,0.433,0.278,0,0
214-006287-A-0081,2.0,La Paz,Urbano,0,0,0,0.4174,0.4209,0,0
214-006287-A-0191,1.0,La Paz,Urbano,0,0,1,0.5017,0.5408,1,1
214-006287-A-0261,3.0,La Paz,Urbano,0,1,0,0.4704,0.4807,0,0
214-006287-A-0241,1.0,La Paz,Urbano,1,1,0,0.4005,0.4937,0,0
214-006287-A-0221,2.0,La Paz,Urbano,0,0,1,0.5123,0.5409,1,1
214-006287-A-0101,3.0,La Paz,Urbano,1,0,0,0.4429,0.5305,0,1
214-006287-A-0171,1.0,La Paz,Urbano,0,0,0,0.3723,0.3342,0,0
214-006287-A-0121,3.0,La Paz,Urbano,1,0,0,0.5223,0.3943,1,0
214-006287-A-0151,1.0,La Paz,Urbano,0,0,0,0.363,0.4627,0,0
214-006260-A-0121,1.0,La Paz,Urbano,0,0,0,0.3867,0.3639,0,0
214-006260-A-0071,1.0,La Paz,Urbano,0,0,0,0.39,0.3331,0,0
214-006260-A-0031,3.0,La Paz,Urbano,0,0,0,0.5535,0.3928,1,0
214-006260-A-0161,3.0,La Paz,Urbano,0,0,0,0.39,0.4011,0,0
214-006260-A-0211,2.0,La Paz,Urbano,0,1,1,0.4482,0.4448,0,0
214-006260-A-0251,1.0,La Paz,Urbano,0,0,1,0.4392,0.4733,0,0
214-006260-A-0301,2.0,La Paz,Urbano,0,0,1,0.4737,0.3988,0,0
214-006260-A-0341,3.0,La Paz,Urbano,0,0,1,0.5538,0.4846,1,0
214-006260-A-0391,1.0,La Paz,Urbano,0,0,0,0.3989,0.4225,0,0
214-006260-A-0431,1.0,La Paz,Urbano,0,0,0,0.4367,0.3791,0,0
214-006260-A-0481,1.0,La Paz,Urbano,0,1,0,0.3663,0.3374,0,0
214-006260-A-0521,1.0,La Paz,Urbano,0,1,0,0.4649,0.4416,0,0
212-000316-A-0011,2.0,La Paz,Urbano,1,0,0,0.7846,0.8007,1,1
212-000316-A-0021,2.0,La Paz,Urbano,0,0,0,0.6779,0.5696,1,1
212-000316-A-0041,1.0,La Paz,Urbano,0,0,1,0.6634,0.5356,1,1
212-000316-A-0061,4.0,La Paz,Urbano,0,0,0,0.6217,0.387,1,0
212-000316-A-0151,1.0,La Paz,Urbano,1,0,0,0.6517,0.6229,1,1
212-000316-A-0171,1.0,La Paz,Urbano,1,0,0,0.557,0.5794,1,1
212-000316-A-0181,1.0,La Paz,Urbano,0,0,0,0.617,0.547,1,1
212-000316-A-0131,1.0,La Paz,Urbano,0,1,0,0.448,0.3959,0,0
212-000316-A-0091,1.0,La Paz,Urbano,0,1,0,0.6466,0.5586,1,1
212-000316-A-0121,3.0,La Paz,Urbano,1,0,0,0.5459,0.5805,1,1
212-000316-A-0101,1.0,La Paz,Urbano,1,0,0,0.6079,0.6798,1,1
212-000316-A-0071,2.0,La Paz,Urbano,0,0,0,0.6842,0.5395,1,1
212-000853-A-0031,1.0,La Paz,Urbano,0,0,0,0.7856,0.5878,1,1
212-000853-A-0011,1.0,La Paz,Urbano,0,0,1,0.8537,0.5883,1,1
212-000853-A-0051,2.0,La Paz,Urbano,0,0,0,0.5061,0.3373,1,0
212-000853-A-0071,2.0,La Paz,Urbano,0,0,0,0.7165,0.5589,1,1
212-000853-A-0191,3.0,La Paz,Urbano,0,0,0,0.4484,0.3642,0,0
212-000853-A-0231,2.0,La Paz,Urbano,0,0,0,0.5222,0.317,1,0
212-000853-A-0171,1.0,La Paz,Urbano,0,0,0,0.4703,0.3629,0,0
212-000853-A-0211,3.0,La Paz,Urbano,0,0,0,0.5669,0.6085,1,1
212-000853-A-0111,1.0,La Paz,Urbano,0,0,0,0.6134,0.5254,1,1
212-000853-A-0091,4.0,La Paz,Urbano,1,0,0,0.5772,0.6252,1,1
212-000853-A-0131,1.0,La Paz,Urbano,0,0,0,0.6874,0.4492,1,0
212-000853-A-0151,3.0,La Paz,Urbano,1,0,0,0.4777,0.5735,0,1
214-006401-A-0741,1.0,La Paz,Urbano,0,0,0,0.5137,0.4225,1,0
214-006401-A-0661,1.0,La Paz,Urbano,0,0,1,0.4415,0.3656,0,0
214-006401-A-0901,1.0,La Paz,Urbano,0,0,0,0.5174,0.4978,1,0
214-006401-A-0511,1.0,La Paz,Urbano,1,1,1,0.6308,0.6635,1,1
214-006401-A-0591,1.0,La Paz,Urbano,0,0,0,0.3793,0.3669,0,0
214-006401-A-0351,1.0,La Paz,Urbano,0,0,0,0.3256,0.3112,0,0
214-006401-A-0431,1.0,La Paz,Urbano,0,0,0,0.4943,0.3076,0,0
214-006401-A-0041,1.0,La Paz,Urbano,1,0,1,0.5582,0.5196,1,1
214-006401-A-0121,1.0,La Paz,Urbano,0,0,1,0.528,0.4794,1,0
214-006401-A-0201,1.0,La Paz,Urbano,0,0,0,0.4325,0.395,0,0
214-006401-A-0281,4.0,La Paz,Urbano,0,0,0,0.3953,0.3714,0,0
214-004092-A-0011,1.0,La Paz,Urbano,0,0,0,0.5685,0.3487,1,0
214-004092-A-0021,1.0,La Paz,Urbano,0,0,0,0.3873,0.3451,0,0
214-004092-A-0041,1.0,La Paz,Urbano,0,0,0,0.6035,0.4513,1,0
214-004092-A-0141,1.0,La Paz,Urbano,0,0,0,0.3239,0.3756,0,0
214-004092-A-0121,1.0,La Paz,Urbano,0,0,0,0.4312,0.3601,0,0
214-004092-A-0111,1.0,La Paz,Urbano,0,0,0,0.5362,0.456,1,0
214-004092-A-0081,1.0,La Paz,Urbano,1,0,0,0.3272,0.3456,0,0
214-004092-A-0031,1.0,La Paz,Urbano,0,0,0,0.334,0.2483,0,0
214-004092-A-0131,1.0,La Paz,Urbano,1,0,0,0.6667,0.6801,1,1
214-004092-A-0091,1.0,La Paz,Urbano,0,0,0,0.4323,0.3181,0,0
214-004092-A-0061,1.0,La Paz,Urbano,0,0,0,0.3994,0.3526,0,0
214-004092-A-0071,1.0,La Paz,Urbano,0,0,0,0.7121,0.6253,1,1
214-005992-A-0191,1.0,La Paz,Urbano,0,0,0,0.3448,0.4005,0,0
214-005992-A-0051,1.0,La Paz,Urbano,0,0,0,0.4772,0.3626,0,0
214-005992-A-0011,3.0,La Paz,Urbano,0,0,0,0.4811,0.4437,0,0
214-005992-A-0261,1.0,La Paz,Urbano,0,0,0,0.367,0.2667,0,0
214-005992-A-0171,3.0,La Paz,Urbano,0,0,0,0.4595,0.3122,0,0
214-005992-A-0031,1.0,La Paz,Urbano,0,0,0,0.377,0.3123,0,0
214-005992-A-0151,3.0,La Paz,Urbano,0,0,0,0.3906,0.2475,0,0
214-005992-A-0121,1.0,La Paz,Urbano,0,0,0,0.3246,0.2377,0,0
214-005992-A-0221,1.0,La Paz,Urbano,0,0,0,0.399,0.2962,0,0
214-005992-A-0081,1.0,La Paz,Urbano,0,0,0,0.3576,0.3109,0,0
214-005992-A-0101,1.0,La Paz,Urbano,0,0,0,0.4502,0.2839,0,0
214-004007-A-0021,2.0,La Paz,Urbano,0,0,1,0.5258,0.5281,1,1
214-004007-A-0091,1.0,La Paz,Urbano,0,0,0,0.3991,0.2461,0,0
214-004007-A-0121,1.0,La Paz,Urbano,0,0,0,0.3756,0.3635,0,0
214-004007-A-0261,1.0,La Paz,Urbano,0,0,0,0.4446,0.3749,0,0
214-004007-A-0231,1.0,La Paz,Urbano,1,0,0,0.4331,0.4333,0,0
214-004007-A-0191,1.0,La Paz,Urbano,0,1,0,0.4461,0.2946,0,0
214-004007-A-0161,1.0,La Paz,Urbano,0,0,0,0.3653,0.3238,0,0
214-004007-A-0331,1.0,La Paz,Urbano,1,0,0,0.4912,0.6176,0,1
214-004007-A-0401,3.0,La Paz,Urbano,0,0,0,0.5189,0.4763,1,0
214-004007-A-0361,1.0,La Paz,Urbano,0,1,0,0.3663,0.3507,0,0
212-000193-A-0011,1.0,La Paz,Urbano,0,0,1,0.665,0.5571,1,1
212-000193-A-0031,1.0,La Paz,Urbano,0,0,1,0.4129,0.4031,0,0
212-000193-A-0041,1.0,La Paz,Urbano,1,0,1,0.6114,0.7816,1,1
212-000193-A-0061,1.0,La Paz,Urbano,1,0,0,0.4695,0.5132,0,1
212-000193-A-0131,3.0,La Paz,Urbano,1,0,1,0.4742,0.591,0,1
212-000193-A-0091,3.0,La Paz,Urbano,0,0,0,0.3784,0.4296,0,0
212-000193-A-0081,1.0,La Paz,Urbano,1,0,1,0.6685,0.662,1,1
212-000193-A-0111,1.0,La Paz,Urbano,0,0,1,0.3952,0.4179,0,0
212-000193-A-0191,1.0,La Paz,Urbano,0,0,1,0.6918,0.502,1,1
212-000193-A-0181,5.0,La Paz,Urbano,0,0,1,0.5,0.3305,1,0
212-000193-A-0161,1.0,La Paz,Urbano,0,0,0,0.4468,0.3441,0,0
212-000193-A-0141,1.0,La Paz,Urbano,0,0,0,0.4597,0.3811,0,0
213-003047-A-0011,2.0,La Paz,Urbano,1,0,1,0.7009,0.735,1,1
213-003047-A-0031,1.0,La Paz,Urbano,0,0,1,0.4787,0.4964,0,0
213-003047-A-0041,1.0,La Paz,Urbano,0,0,1,0.5763,0.5091,1,1
213-003047-A-0061,1.0,La Paz,Urbano,0,0,1,0.6547,0.4334,1,0
213-003047-A-0081,1.0,La Paz,Urbano,0,0,1,0.5913,0.5989,1,1
213-003047-A-0091,1.0,La Paz,Urbano,1,0,1,0.5205,0.6113,1,1
213-003047-A-0111,4.0,La Paz,Urbano,1,0,1,0.4855,0.565,0,1
213-003047-A-0131,3.0,La Paz,Urbano,0,0,1,0.4016,0.293,0,0
213-003047-A-0191,4.0,La Paz,Urbano,0,0,0,0.4275,0.3484,0,0
213-003047-A-0161,1.0,La Paz,Urbano,0,0,0,0.6693,0.611,1,1
213-003047-A-0181,1.0,La Paz,Urbano,1,0,1,0.667,0.5164,1,1
213-003047-A-0141,3.0,La Paz,Urbano,1,0,0,0.4801,0.3349,0,0
213-001309-A-0031,1.0,La Paz,Urbano,1,0,1,0.6954,0.7137,1,1
213-001309-A-0061,1.0,La Paz,Urbano,0,0,1,0.7704,0.6787,1,1
213-001309-A-0081,1.0,La Paz,Urbano,1,0,1,0.6464,0.7758,1,1
213-001309-A-0101,1.0,La Paz,Urbano,0,1,1,0.4447,0.3269,0,0
213-001309-A-0141,1.0,La Paz,Urbano,0,0,1,0.3743,0.4086,0,0
213-001309-A-0121,3.0,La Paz,Urbano,0,1,1,0.4597,0.4177,0,0
213-001309-A-0161,4.0,La Paz,Urbano,0,0,0,0.4309,0.4103,0,0
213-001309-A-0171,2.0,La Paz,Urbano,1,0,0,0.8266,0.677,1,1
213-001309-A-0191,1.0,La Paz,Urbano,0,0,0,0.4835,0.3828,0,0
213-001309-A-0211,1.0,La Paz,Urbano,0,0,0,0.367,0.3601,0,0
211-000077-A-0141,3.0,La Paz,Urbano,0,0,1,0.5126,0.464,1,0
211-000077-A-0151,3.0,La Paz,Urbano,0,0,1,0.4781,0.4334,0,0
211-000077-A-0131,4.0,La Paz,Urbano,1,0,1,0.6202,0.629,1,1
211-000077-A-0101,1.0,La Paz,Urbano,1,0,0,0.6987,0.7884,1,1
211-000077-A-0091,3.0,La Paz,Urbano,0,0,0,0.586,0.3326,1,0
211-000077-A-0071,1.0,La Paz,Urbano,0,0,0,0.5778,0.5285,1,1
211-000077-A-0061,2.0,La Paz,Urbano,0,0,1,0.6062,0.4599,1,0
211-000077-A-0111,3.0,La Paz,Urbano,0,1,1,0.4379,0.3034,0,0
211-000077-A-0031,1.0,La Paz,Urbano,1,0,1,0.7699,0.7468,1,1
211-000077-A-0051,1.0,La Paz,Urbano,0,0,1,0.5507,0.5388,1,1
211-000077-A-0021,1.0,La Paz,Urbano,0,0,1,0.4591,0.3627,0,0
211-000077-A-0011,2.0,La Paz,Urbano,0,0,1,0.6303,0.4924,1,0
211-000008-A-0141,1.0,La Paz,Urbano,0,0,1,0.4378,0.4274,0,0
211-000008-A-0181,3.0,La Paz,Urbano,0,0,0,0.5232,0.622,1,1
211-000008-A-0211,1.0,La Paz,Urbano,0,0,0,0.4374,0.4841,0,0
211-000008-A-0241,3.0,La Paz,Urbano,1,0,0,0.4314,0.4942,0,0
211-000008-A-0011,2.0,La Paz,Urbano,1,0,0,0.6396,0.6721,1,1
211-000008-A-0051,1.0,La Paz,Urbano,0,0,0,0.4741,0.4986,0,0
211-000008-A-0081,4.0,La Paz,Urbano,0,0,0,0.5209,0.4571,1,0
211-000008-A-0111,6.0,La Paz,Urbano,1,0,1,0.5431,0.6139,1,1
211-000008-A-0311,1.0,La Paz,Urbano,1,1,1,0.8608,0.8099,1,1
211-000008-A-0341,2.0,La Paz,Urbano,1,0,0,0.4943,0.6165,0,1
211-000008-A-0371,1.0,La Paz,Urbano,0,1,1,0.5936,0.4527,1,0
211-000008-A-0271,1.0,La Paz,Urbano,0,0,0,0.4195,0.3872,0,0
213-003667-A-0151,1.0,La Paz,Urbano,0,1,1,0.6004,0.5886,1,1
213-003667-A-0131,3.0,La Paz,Urbano,0,0,1,0.5831,0.4233,1,0
213-003667-A-0111,1.0,La Paz,Urbano,0,1,1,0.6441,0.5979,1,1
213-003667-A-0091,1.0,La Paz,Urbano,1,1,1,0.5448,0.5861,1,1
213-003667-A-0051,3.0,La Paz,Urbano,0,0,1,0.3868,0.3179,0,0
213-003667-A-0071,2.0,La Paz,Urbano,0,0,0,0.4553,0.4825,0,0
213-003667-A-0221,1.0,La Paz,Urbano,1,0,1,0.5124,0.5898,1,1
214-005599-A-0011,1.0,La Paz,Urbano,0,1,1,0.5164,0.3776,1,0
214-005599-A-0021,1.0,La Paz,Urbano,1,1,1,0.5904,0.5387,1,1
214-005599-A-0041,1.0,La Paz,Urbano,0,1,1,0.4526,0.4848,0,0
214-005599-A-0061,1.0,La Paz,Urbano,0,0,0,0.3977,0.3638,0,0
214-005599-A-0071,1.0,La Paz,Urbano,0,0,1,0.5348,0.3461,1,0
214-005599-A-0091,1.0,La Paz,Urbano,1,0,1,0.4862,0.4891,0,0
214-005599-A-0101,5.0,La Paz,Urbano,1,0,1,0.5678,0.6899,1,1
214-005599-A-0121,1.0,La Paz,Urbano,0,1,0,0.5047,0.5219,1,1
214-005599-A-0151,1.0,La Paz,Urbano,1,0,1,0.5123,0.585,1,1
214-005599-A-0171,2.0,La Paz,Urbano,0,0,0,0.4064,0.4372,0,0
214-005599-A-0131,1.0,La Paz,Urbano,0,0,0,0.5211,0.5518,1,1
213-002448-A-0341,1.0,La Paz,Urbano,0,0,1,0.3664,0.2543,0,0
213-002448-A-0381,3.0,La Paz,Urbano,0,1,1,0.4794,0.5107,0,1
213-002448-A-0421,1.0,La Paz,Urbano,1,1,1,0.5743,0.5683,1,1
213-002448-A-0461,1.0,La Paz,Urbano,0,0,0,0.4132,0.418,0,0
213-002448-A-0181,1.0,La Paz,Urbano,0,0,1,0.4999,0.3565,0,0
213-002448-A-0301,4.0,La Paz,Urbano,0,1,1,0.4679,0.45,0,0
213-002448-A-0061,1.0,La Paz,Urbano,1,0,0,0.6355,0.6317,1,1
214-005642-A-0521,1.0,La Paz,Urbano,0,1,0,0.5123,0.454,1,0
214-005642-A-0581,1.0,La Paz,Urbano,0,1,1,0.521,0.3832,1,0
214-005642-A-0701,1.0,La Paz,Urbano,0,1,1,0.4609,0.4206,0,0
214-005642-A-0021,1.0,La Paz,Urbano,0,0,1,0.471,0.5514,0,1
214-005642-A-0141,1.0,La Paz,Urbano,0,1,1,0.4999,0.5162,0,1
214-005642-A-0201,3.0,La Paz,Urbano,1,0,1,0.5094,0.5174,1,1
214-005642-A-0271,1.0,La Paz,Urbano,1,0,1,0.5028,0.5493,1,1
214-005642-A-0331,1.0,La Paz,Urbano,1,0,0,0.4242,0.4868,0,0
214-005642-A-0391,2.0,La Paz,Urbano,1,1,1,0.6084,0.6901,1,1
214-005642-A-0451,1.0,La Paz,Urbano,1,0,1,0.5065,0.4959,1,0
213-002535-A-0151,1.0,La Paz,Urbano,0,0,0,0.5372,0.313,1,0
213-002535-A-0211,1.0,La Paz,Urbano,1,1,0,0.4206,0.5751,0,1
213-002535-A-0251,1.0,La Paz,Urbano,0,0,0,0.6265,0.5769,1,1
213-002535-A-0311,1.0,La Paz,Urbano,1,1,1,0.4979,0.4422,0,0
213-002535-A-0351,1.0,La Paz,Urbano,0,0,1,0.7684,0.6078,1,1
213-002535-A-0051,2.0,La Paz,Urbano,1,1,1,0.5912,0.6395,1,1
213-002535-A-0081,1.0,La Paz,Urbano,1,1,1,0.585,0.6567,1,1
213-002535-A-0111,1.0,La Paz,Urbano,1,1,1,0.5001,0.5209,1,1
212-000254-A-0191,1.0,La Paz,Urbano,0,1,1,0.6047,0.3643,1,0
212-000254-A-0181,1.0,La Paz,Urbano,0,0,0,0.6109,0.4834,1,0
212-000254-A-0161,1.0,La Paz,Urbano,0,1,0,0.4241,0.3578,0,0
212-000254-A-0141,1.0,La Paz,Urbano,0,0,0,0.4182,0.4456,0,0
212-000254-A-0081,1.0,La Paz,Urbano,1,0,1,0.6494,0.5201,1,1
212-000254-A-0111,2.0,La Paz,Urbano,0,0,0,0.6137,0.5066,1,1
212-000254-A-0131,1.0,La Paz,Urbano,1,0,0,0.8336,0.7722,1,1
212-000254-A-0011,1.0,La Paz,Urbano,1,1,1,0.6308,0.724,1,1
212-000254-A-0031,1.0,La Paz,Urbano,1,0,1,0.7384,0.5306,1,1
212-000254-A-0041,1.0,La Paz,Urbano,1,1,1,0.6529,0.6544,1,1
212-000254-A-0061,3.0,La Paz,Urbano,0,0,1,0.6461,0.4556,1,0
213-001428-A-0301,3.0,La Paz,Urbano,1,0,0,0.4572,0.3373,0,0
213-001428-A-0371,3.0,La Paz,Urbano,0,0,0,0.6117,0.5113,1,1
213-001428-A-0021,1.0,La Paz,Urbano,0,0,1,0.5904,0.6133,1,1
213-001428-A-0161,3.0,La Paz,Urbano,1,0,1,0.4485,0.5286,0,1
213-001428-A-0191,2.0,La Paz,Urbano,0,0,0,0.4839,0.4525,0,0
213-001428-A-0231,1.0,La Paz,Urbano,1,0,1,0.6081,0.6469,1,1
213-001428-A-0261,1.0,La Paz,Urbano,1,0,1,0.5714,0.6871,1,1
213-001428-A-0051,1.0,La Paz,Urbano,1,0,1,0.6572,0.7223,1,1
213-001428-A-0091,4.0,La Paz,Urbano,1,0,1,0.6751,0.6363,1,1
213-001428-A-0121,1.0,La Paz,Urbano,1,1,1,0.7473,0.5972,1,1
213-001778-A-0011,2.0,La Paz,Urbano,0,0,1,0.4915,0.4771,0,0
213-001778-A-0061,2.0,La Paz,Urbano,0,0,1,0.776,0.581,1,1
213-001778-A-0081,1.0,La Paz,Urbano,0,0,0,0.5357,0.471,1,0
213-001778-A-0181,3.0,La Paz,Urbano,1,0,0,0.5138,0.591,1,1
213-001778-A-0251,2.0,La Paz,Urbano,1,1,1,0.6709,0.7042,1,1
213-001778-A-0031,2.0,La Paz,Urbano,0,0,1,0.6368,0.4573,1,0
213-001778-A-0101,1.0,La Paz,Urbano,1,0,1,0.6254,0.7417,1,1
213-001778-A-0131,3.0,La Paz,Urbano,0,0,0,0.5255,0.3878,1,0
213-001778-A-0151,1.0,La Paz,Urbano,0,0,1,0.493,0.4078,0,0
213-001778-A-0201,1.0,La Paz,Urbano,0,0,1,0.6908,0.4654,1,0
213-001778-A-0231,1.0,La Paz,Urbano,1,0,0,0.8704,0.8762,1,1
213-001778-A-0271,1.0,La Paz,Urbano,0,0,1,0.5583,0.4649,1,0
212-000421-A-0021,1.0,La Paz,Urbano,1,0,1,0.4747,0.4822,0,0
212-000421-A-0101,1.0,La Paz,Urbano,0,0,0,0.4289,0.2701,0,0
212-000421-A-0341,2.0,La Paz,Urbano,1,1,1,0.6443,0.7518,1,1
212-000421-A-0141,3.0,La Paz,Urbano,0,1,0,0.5117,0.4444,1,0
212-000421-A-0181,1.0,La Paz,Urbano,0,0,0,0.4155,0.412,0,0
212-000421-A-0221,2.0,La Paz,Urbano,0,0,1,0.3778,0.3869,0,0
212-000421-A-0261,1.0,La Paz,Urbano,0,0,1,0.7741,0.6582,1,1
212-000421-A-0381,1.0,La Paz,Urbano,0,0,1,0.4465,0.2609,0,0
212-000421-A-0421,2.0,La Paz,Urbano,0,0,1,0.4639,0.4273,0,0
212-000421-A-0461,1.0,La Paz,Urbano,0,0,1,0.5532,0.2994,1,0
214-006432-A-0011,2.0,La Paz,Urbano,1,1,1,0.4104,0.5806,0,1
214-006432-A-0031,1.0,La Paz,Urbano,1,1,0,0.5485,0.6309,1,1
214-006432-A-0071,1.0,La Paz,Urbano,1,1,1,0.5063,0.4986,1,0
214-006432-A-0091,2.0,La Paz,Urbano,0,0,0,0.4738,0.4576,0,0
214-006432-A-0121,3.0,La Paz,Urbano,0,1,0,0.4388,0.4158,0,0
214-006432-A-0141,3.0,La Paz,Urbano,0,0,1,0.5962,0.5717,1,1
214-006432-A-0161,2.0,La Paz,Urbano,0,0,1,0.4423,0.4521,0,0
214-006432-A-0201,1.0,La Paz,Urbano,0,0,0,0.4383,0.2927,0,0
214-006432-A-0251,1.0,La Paz,Urbano,0,0,0,0.6052,0.4953,1,0
214-006432-A-0181,1.0,La Paz,Urbano,1,0,0,0.6723,0.7775,1,1
214-006479-A-0561,1.0,La Paz,Urbano,0,0,1,0.3879,0.3696,0,0
214-006479-A-0091,1.0,La Paz,Urbano,1,1,1,0.5644,0.5449,1,1
214-006479-A-0331,1.0,La Paz,Urbano,1,0,0,0.4717,0.5244,0,1
214-006479-A-0381,1.0,La Paz,Urbano,0,0,0,0.3781,0.3249,0,0
214-006479-A-0501,4.0,La Paz,Urbano,0,0,0,0.4193,0.3527,0,0
214-006479-A-0621,2.0,La Paz,Urbano,0,0,0,0.4772,0.5025,0,1
214-006479-A-0681,1.0,La Paz,Urbano,0,0,0,0.4148,0.4682,0,0
214-006479-A-0151,1.0,La Paz,Urbano,0,0,0,0.4288,0.27,0,0
214-006479-A-0211,1.0,La Paz,Urbano,0,0,0,0.408,0.3864,0,0
214-006479-A-0271,4.0,La Paz,Urbano,0,0,0,0.4655,0.4648,0,0
214-004990-A-0031,1.0,La Paz,Urbano,1,0,0,0.4152,0.4511,0,0
214-004990-A-0071,2.0,La Paz,Urbano,1,0,0,0.5587,0.6033,1,1
214-004990-A-0121,1.0,La Paz,Urbano,1,1,0,0.5215,0.6059,1,1
214-004990-A-0241,2.0,La Paz,Urbano,0,0,1,0.6285,0.6448,1,1
214-004990-A-0321,1.0,La Paz,Urbano,0,0,1,0.5462,0.5566,1,1
214-004990-A-0371,3.0,La Paz,Urbano,0,1,1,0.4955,0.4379,0,0
214-004990-A-0411,1.0,La Paz,Urbano,1,0,0,0.4222,0.5949,0,1
214-004990-A-0451,1.0,La Paz,Urbano,0,0,1,0.6377,0.4938,1,0
211-000040-A-0011,1.0,La Paz,Urbano,1,1,1,0.5425,0.694,1,1
211-000040-A-0041,1.0,La Paz,Urbano,0,0,1,0.4408,0.4992,0,0
211-000040-A-0061,1.0,La Paz,Urbano,0,0,1,0.4939,0.4551,0,0
211-000040-A-0121,2.0,La Paz,Urbano,1,0,1,0.6426,0.6821,1,1
211-000040-A-0171,1.0,La Paz,Urbano,0,0,1,0.5455,0.4728,1,0
211-000040-A-0201,1.0,La Paz,Urbano,0,0,0,0.3938,0.4512,0,0
211-000040-A-0221,2.0,La Paz,Urbano,0,0,1,0.4598,0.4474,0,0
211-000040-A-0251,3.0,La Paz,Urbano,0,0,1,0.572,0.3583,1,0
211-000040-A-0281,5.0,La Paz,Urbano,0,0,1,0.3961,0.2726,0,0
211-000040-A-0301,4.0,La Paz,Urbano,1,1,0,0.6157,0.5452,1,1
213-003307-A-0011,1.0,La Paz,Urbano,0,1,1,0.7023,0.4126,1,0
213-003307-A-0031,1.0,La Paz,Urbano,0,1,1,0.714,0.5213,1,1
213-003307-A-0051,1.0,La Paz,Urbano,1,0,1,0.7488,0.6485,1,1
213-003307-A-0071,2.0,La Paz,Urbano,1,1,0,0.7362,0.6856,1,1
213-003307-A-0091,2.0,La Paz,Urbano,1,0,1,0.7459,0.4718,1,0
213-003307-A-0111,2.0,La Paz,Urbano,0,1,0,0.5142,0.3673,1,0
213-003307-A-0131,1.0,La Paz,Urbano,0,0,1,0.4169,0.31,0,0
213-003307-A-0151,3.0,La Paz,Urbano,0,1,1,0.4206,0.4532,0,0
213-003307-A-0191,3.0,La Paz,Urbano,0,0,0,0.5487,0.3482,1,0
213-003307-A-0211,1.0,La Paz,Urbano,0,0,1,0.7319,0.4762,1,0
213-003307-A-0231,3.0,La Paz,Urbano,0,0,1,0.7302,0.4484,1,0
213-001567-A-0051,1.0,La Paz,Urbano,0,0,0,0.4063,0.3947,0,0
213-001567-A-0121,1.0,La Paz,Urbano,0,0,1,0.433,0.4075,0,0
213-001567-A-0161,1.0,La Paz,Urbano,1,0,1,0.7783,0.7637,1,1
213-001567-A-0191,1.0,La Paz,Urbano,0,0,1,0.4419,0.4821,0,0
213-001567-A-0231,1.0,La Paz,Urbano,0,0,1,0.5972,0.5138,1,1
213-001567-A-0261,1.0,La Paz,Urbano,0,1,1,0.6378,0.5528,1,1
213-001567-A-0331,3.0,La Paz,Urbano,0,0,0,0.4774,0.2715,0,0
213-001567-A-0361,1.0,La Paz,Urbano,0,0,0,0.491,0.4359,0,0
214-004869-A-0011,2.0,La Paz,Urbano,0,0,1,0.4439,0.4985,0,0
214-004869-A-0041,1.0,La Paz,Urbano,0,0,1,0.4972,0.4147,0,0
214-004869-A-0031,4.0,La Paz,Urbano,0,1,1,0.3862,0.4538,0,0
214-004869-A-0061,1.0,La Paz,Urbano,1,0,1,0.6943,0.7248,1,1
214-004869-A-0081,1.0,La Paz,Urbano,0,0,1,0.3284,0.2126,0,0
214-004869-A-0131,1.0,La Paz,Urbano,0,0,1,0.4141,0.2555,0,0
214-004869-A-0091,1.0,La Paz,Urbano,0,0,1,0.3612,0.2802,0,0
214-004869-A-0111,1.0,La Paz,Urbano,0,0,1,0.3805,0.2828,0,0
214-004869-A-0141,1.0,La Paz,Urbano,0,0,1,0.4508,0.4796,0,0
214-004869-A-0161,2.0,La Paz,Urbano,0,0,1,0.4492,0.4312,0,0
214-004869-A-0191,1.0,La Paz,Urbano,0,0,1,0.4982,0.3983,0,0
213-003228-A-0011,1.0,La Paz,Urbano,0,0,1,0.6021,0.4929,1,0
213-003228-A-0061,1.0,La Paz,Urbano,1,0,1,0.6418,0.8169,1,1
213-003228-A-0091,1.0,La Paz,Urbano,0,0,1,0.5403,0.3824,1,0
213-003228-A-0041,1.0,La Paz,Urbano,0,0,1,0.4611,0.4382,0,0
213-003228-A-0111,3.0,La Paz,Urbano,0,0,1,0.39,0.3284,0,0
213-003228-A-0141,4.0,La Paz,Urbano,0,0,1,0.432,0.3439,0,0
213-003228-A-0161,3.0,La Paz,Urbano,0,0,1,0.3757,0.2426,0,0
213-003228-A-0241,1.0,La Paz,Urbano,1,0,1,0.466,0.5257,0,1
213-003228-A-0261,4.0,La Paz,Urbano,0,0,1,0.4328,0.4227,0,0
213-003228-A-0291,4.0,La Paz,Urbano,0,0,1,0.4538,0.5031,0,1
213-003228-A-0211,3.0,La Paz,Urbano,0,0,1,0.4158,0.3687,0,0
214-005033-A-0011,2.0,La Paz,Urbano,0,0,1,0.44,0.4815,0,0
214-005033-A-0031,1.0,La Paz,Urbano,0,0,1,0.6276,0.4457,1,0
214-005033-A-0071,2.0,La Paz,Urbano,0,0,1,0.5738,0.556,1,1
214-005033-A-0051,2.0,La Paz,Urbano,0,0,1,0.4035,0.4457,0,0
214-005033-A-0091,2.0,La Paz,Urbano,1,0,1,0.4185,0.5394,0,1
214-005033-A-0111,1.0,La Paz,Urbano,0,0,1,0.3337,0.3066,0,0
214-005033-A-0131,1.0,La Paz,Urbano,0,0,1,0.3488,0.3055,0,0
214-005033-A-0151,1.0,La Paz,Urbano,0,0,1,0.402,0.3733,0,0
214-005033-A-0171,1.0,La Paz,Urbano,0,1,1,0.5068,0.4064,1,0
214-005033-A-0211,1.0,La Paz,Urbano,1,0,1,0.6265,0.7834,1,1
214-004958-A-0011,1.0,La Paz,Urbano,1,0,1,0.6374,0.6845,1,1
214-004958-A-0031,1.0,La Paz,Urbano,0,0,1,0.5845,0.3932,1,0
214-004958-A-0041,1.0,La Paz,Urbano,0,0,1,0.5779,0.3835,1,0
214-004958-A-0021,1.0,La Paz,Urbano,0,0,1,0.5702,0.3236,1,0
214-004958-A-0081,1.0,La Paz,Urbano,0,0,1,0.432,0.3192,0,0
214-004958-A-0051,1.0,La Paz,Urbano,0,0,1,0.3629,0.3545,0,0
214-004958-A-0061,1.0,La Paz,Urbano,0,0,1,0.4072,0.4025,0,0
214-004958-A-0071,1.0,La Paz,Urbano,0,0,1,0.4476,0.4274,0,0
214-004958-A-0101,1.0,La Paz,Urbano,0,0,1,0.4749,0.453,0,0
214-004958-A-0121,1.0,La Paz,Urbano,0,0,1,0.5661,0.4464,1,0
214-004958-A-0111,1.0,La Paz,Urbano,0,0,0,0.4153,0.4061,0,0
214-004958-A-0091,1.0,La Paz,Urbano,0,1,1,0.6158,0.5191,1,1
214-006351-A-0051,1.0,La Paz,Urbano,0,0,1,0.3683,0.266,0,0
214-006351-A-0011,3.0,La Paz,Urbano,0,0,1,0.406,0.3169,0,0
214-006351-A-0081,1.0,La Paz,Urbano,0,0,1,0.4682,0.4467,0,0
214-006351-A-0031,1.0,La Paz,Urbano,0,0,1,0.4506,0.3943,0,0
214-006351-A-0121,4.0,La Paz,Urbano,0,0,1,0.4514,0.3843,0,0
214-006351-A-0171,1.0,La Paz,Urbano,0,0,1,0.3189,0.1976,0,0
214-006351-A-0151,1.0,La Paz,Urbano,0,0,1,0.4849,0.3318,0,0
214-006351-A-0101,2.0,La Paz,Urbano,0,0,1,0.3687,0.2879,0,0
214-006351-A-0221,2.0,La Paz,Urbano,0,0,1,0.3853,0.3209,0,0
214-006351-A-0191,2.0,La Paz,Urbano,1,0,1,0.4343,0.5444,0,1
214-004649-A-0021,1.0,La Paz,Urbano,0,0,1,0.3999,0.3196,0,0
214-004649-A-0081,3.0,La Paz,Urbano,0,0,1,0.4145,0.4404,0,0
214-004649-A-0141,1.0,La Paz,Urbano,1,0,1,0.4365,0.5779,0,1
214-004649-A-0201,1.0,La Paz,Urbano,0,0,1,0.4611,0.4265,0,0
214-004649-A-0331,1.0,La Paz,Urbano,0,0,1,0.38,0.4078,0,0
214-004649-A-0451,1.0,La Paz,Urbano,0,0,1,0.5247,0.3399,1,0
214-004649-A-0391,1.0,La Paz,Urbano,0,0,0,0.4075,0.4505,0,0
214-004649-A-0271,1.0,La Paz,Urbano,0,0,0,0.423,0.4259,0,0
214-004649-A-0521,1.0,La Paz,Urbano,0,0,0,0.3543,0.3053,0,0
214-004649-A-0581,1.0,La Paz,Urbano,1,0,0,0.5071,0.5206,1,1
214-004649-A-0641,2.0,La Paz,Urbano,0,0,0,0.4016,0.456,0,0
214-004649-A-0701,3.0,La Paz,Urbano,0,0,0,0.3952,0.4751,0,0
212-000374-A-0011,1.0,La Paz,Urbano,0,0,1,0.4966,0.4292,0,0
212-000374-A-0031,1.0,La Paz,Urbano,1,0,1,0.4916,0.5793,0,1
212-000374-A-0051,3.0,La Paz,Urbano,0,1,1,0.3882,0.4171,0,0
212-000374-A-0061,1.0,La Paz,Urbano,0,0,1,0.469,0.3989,0,0
212-000374-A-0081,4.0,La Paz,Urbano,0,0,1,0.3077,0.2897,0,0
212-000374-A-0121,3.0,La Paz,Urbano,0,0,1,0.51,0.4458,1,0
212-000374-A-0101,2.0,La Paz,Urbano,0,0,1,0.317,0.2643,0,0
212-000374-A-0171,1.0,La Paz,Urbano,1,0,1,0.6149,0.5974,1,1
212-000374-A-0151,1.0,La Paz,Urbano,0,0,0,0.3865,0.3375,0,0
212-000374-A-0191,4.0,La Paz,Urbano,0,0,1,0.4622,0.3778,0,0
212-000374-A-0201,3.0,La Paz,Urbano,1,0,1,0.6534,0.6035,1,1
213-001757-A-0071,3.0,La Paz,Urbano,0,0,1,0.4768,0.3861,0,0
213-001757-A-0051,1.0,La Paz,Urbano,1,0,1,0.8353,0.67,1,1
213-001757-A-0091,1.0,La Paz,Urbano,1,0,1,0.7287,0.7034,1,1
213-001757-A-0121,1.0,La Paz,Urbano,0,0,1,0.3382,0.2577,0,0
213-001757-A-0141,2.0,La Paz,Urbano,0,0,1,0.5254,0.4635,1,0
213-001757-A-0161,1.0,La Paz,Urbano,0,0,1,0.3167,0.3437,0,0
213-001757-A-0221,1.0,La Paz,Urbano,1,0,1,0.5351,0.4383,1,0
213-001757-A-0251,1.0,La Paz,Urbano,1,0,1,0.5627,0.6977,1,1
213-001757-A-0201,3.0,La Paz,Urbano,0,0,1,0.5025,0.4522,1,0
213-001757-A-0181,1.0,La Paz,Urbano,0,0,1,0.5933,0.4756,1,0
214-005548-A-0021,1.0,La Paz,Urbano,1,1,1,0.7046,0.7133,1,1
214-005548-A-0061,1.0,La Paz,Urbano,1,1,1,0.8511,0.8522,1,1
214-005548-A-0101,4.0,La Paz,Urbano,1,1,0,0.3925,0.2489,0,0
214-005548-A-0361,1.0,La Paz,Urbano,0,0,1,0.415,0.3206,0,0
214-005548-A-0401,2.0,La Paz,Urbano,0,0,1,0.6021,0.503,1,1
214-005548-A-0441,1.0,La Paz,Urbano,0,0,1,0.5024,0.4025,1,0
214-005548-A-0171,1.0,La Paz,Urbano,0,1,1,0.3355,0.2946,0,0
214-005548-A-0251,3.0,La Paz,Urbano,0,0,1,0.5317,0.4246,1,0
214-005548-A-0321,1.0,La Paz,Urbano,1,0,1,0.5269,0.4418,1,0
214-005548-A-0291,2.0,La Paz,Urbano,0,0,1,0.5934,0.5108,1,1
213-002500-A-0461,2.0,La Paz,Urbano,0,0,1,0.5998,0.4884,1,0
213-002500-A-0511,2.0,La Paz,Urbano,0,0,1,0.5298,0.5138,1,1
213-002500-A-0571,2.0,La Paz,Urbano,0,0,1,0.503,0.4121,1,0
213-002500-A-0621,2.0,La Paz,Urbano,0,0,1,0.4446,0.3979,0,0
213-002500-A-0191,1.0,La Paz,Urbano,1,0,1,0.6106,0.6053,1,1
213-002500-A-0091,1.0,La Paz,Urbano,0,0,1,0.3698,0.3798,0,0
213-002500-A-0031,3.0,La Paz,Urbano,0,0,1,0.3929,0.3286,0,0
213-002500-A-0141,1.0,La Paz,Urbano,0,0,1,0.5955,0.4021,1,0
213-002500-A-0251,1.0,La Paz,Urbano,0,0,1,0.6221,0.5753,1,1
213-002500-A-0301,1.0,La Paz,Urbano,0,0,1,0.6879,0.5941,1,1
213-002500-A-0351,1.0,La Paz,Urbano,0,0,1,0.7273,0.5734,1,1
213-002500-A-0411,1.0,La Paz,Urbano,0,0,0,0.5103,0.4337,1,0
213-002262-A-0461,1.0,La Paz,Urbano,0,0,1,0.6664,0.5059,1,1
213-002262-A-0511,1.0,La Paz,Urbano,0,0,0,0.3989,0.3839,0,0
213-002262-A-0561,2.0,La Paz,Urbano,0,0,1,0.7623,0.6206,1,1
213-002262-A-0611,1.0,La Paz,Urbano,0,0,1,0.4913,0.341,0,0
213-002262-A-0151,1.0,La Paz,Urbano,0,0,0,0.4142,0.5021,0,1
213-002262-A-0041,1.0,La Paz,Urbano,0,0,1,0.3753,0.3128,0,0
213-002262-A-0251,1.0,La Paz,Urbano,1,0,1,0.7838,0.8286,1,1
213-002262-A-0301,1.0,La Paz,Urbano,0,0,1,0.5548,0.4214,1,0
213-002262-A-0351,3.0,La Paz,Urbano,0,0,1,0.6418,0.3061,1,0
213-002262-A-0401,1.0,La Paz,Urbano,0,1,1,0.467,0.4783,0,0
213-002057-A-0301,3.0,La Paz,Urbano,0,0,1,0.4796,0.4121,0,0
213-002057-A-0341,4.0,La Paz,Urbano,0,0,1,0.473,0.2618,0,0
213-002057-A-0381,1.0,La Paz,Urbano,0,0,1,0.4752,0.4538,0,0
213-002057-A-0411,1.0,La Paz,Urbano,0,0,0,0.6115,0.4152,1,0
213-002057-A-0011,1.0,La Paz,Urbano,0,0,1,0.3774,0.2804,0,0
213-002057-A-0051,2.0,La Paz,Urbano,1,1,1,0.6089,0.658,1,1
213-002057-A-0081,1.0,La Paz,Urbano,0,0,0,0.4997,0.3611,0,0
213-002057-A-0161,1.0,La Paz,Urbano,0,0,1,0.6873,0.4443,1,0
213-002057-A-0231,3.0,La Paz,Urbano,0,0,1,0.6347,0.3215,1,0
213-002057-A-0191,1.0,La Paz,Urbano,1,0,1,0.5332,0.6533,1,1
213-003540-A-0241,1.0,La Paz,Urbano,0,0,0,0.5805,0.519,1,1
213-003540-A-0271,7.0,La Paz,Urbano,0,0,1,0.7779,0.5705,1,1
213-003540-A-0291,1.0,La Paz,Urbano,0,0,1,0.4162,0.421,0,0
213-003540-A-0021,1.0,La Paz,Urbano,1,1,0,0.5801,0.7169,1,1
213-003540-A-0051,1.0,La Paz,Urbano,0,0,1,0.4358,0.4868,0,0
213-003540-A-0071,1.0,La Paz,Urbano,0,0,1,0.6703,0.554,1,1
213-003540-A-0101,1.0,La Paz,Urbano,0,0,0,0.5481,0.5346,1,1
213-003540-A-0131,1.0,La Paz,Urbano,0,0,0,0.3874,0.293,0,0
213-003540-A-0161,4.0,La Paz,Urbano,0,0,0,0.55,0.404,1,0
213-003540-A-0181,1.0,La Paz,Urbano,0,0,1,0.3542,0.3511,0,0
213-003540-A-0211,1.0,La Paz,Urbano,0,0,0,0.8256,0.4493,1,0
213-002396-A-0471,2.0,La Paz,Urbano,0,0,1,0.5256,0.4932,1,0
213-002396-A-0531,3.0,La Paz,Urbano,0,0,1,0.5426,0.3661,1,0
213-002396-A-0581,1.0,La Paz,Urbano,0,0,1,0.5976,0.5276,1,1
213-002396-A-0641,1.0,La Paz,Urbano,1,0,1,0.7323,0.7332,1,1
213-002396-A-0041,1.0,La Paz,Urbano,1,0,0,0.4997,0.4505,0,0
213-002396-A-0091,1.0,La Paz,Urbano,1,1,1,0.6691,0.7583,1,1
213-002396-A-0371,4.0,La Paz,Urbano,0,0,1,0.5658,0.3595,1,0
213-002396-A-0261,1.0,La Paz,Urbano,0,0,1,0.598,0.4181,1,0
213-002396-A-0421,1.0,La Paz,Urbano,0,0,1,0.4354,0.3041,0,0
212-000528-A-0141,3.0,La Paz,Urbano,1,1,1,0.496,0.5444,0,1
212-000528-A-0161,1.0,La Paz,Urbano,0,0,1,0.6642,0.4748,1,0
212-000528-A-0181,1.0,La Paz,Urbano,0,0,1,0.7506,0.6414,1,1
212-000528-A-0191,1.0,La Paz,Urbano,0,0,1,0.5593,0.4299,1,0
212-000528-A-0031,1.0,La Paz,Urbano,1,1,1,0.4577,0.511,0,1
212-000528-A-0061,2.0,La Paz,Urbano,0,0,0,0.7224,0.5269,1,1
212-000528-A-0091,2.0,La Paz,Urbano,1,1,1,0.8141,0.7169,1,1
212-000528-A-0111,3.0,La Paz,Urbano,0,0,1,0.5284,0.2674,1,0
212-000528-A-0131,3.0,La Paz,Urbano,0,1,1,0.5446,0.3964,1,0
212-000528-A-0081,1.0,La Paz,Urbano,0,0,1,0.6465,0.3619,1,0
212-000472-A-0111,1.0,La Paz,Urbano,0,0,1,0.631,0.4518,1,0
212-000472-A-0131,3.0,La Paz,Urbano,0,0,1,0.4717,0.3081,0,0
212-000472-A-0141,2.0,La Paz,Urbano,1,1,1,0.4277,0.302,0,0
212-000472-A-0151,1.0,La Paz,Urbano,0,0,1,0.6004,0.2944,1,0
212-000472-A-0011,3.0,La Paz,Urbano,0,0,0,0.3743,0.2817,0,0
212-000472-A-0031,1.0,La Paz,Urbano,1,0,1,0.6835,0.6938,1,1
212-000472-A-0051,3.0,La Paz,Urbano,1,0,1,0.8103,0.6999,1,1
212-000472-A-0061,1.0,La Paz,Urbano,0,0,1,0.5645,0.5665,1,1
212-000472-A-0091,1.0,La Paz,Urbano,0,0,1,0.4771,0.3563,0,0
212-000472-A-0101,2.0,La Paz,Urbano,0,0,1,0.6196,0.3368,1,0
212-000472-A-0071,1.0,La Paz,Urbano,0,0,1,0.7072,0.5192,1,1
263-016857-A-0161,3.0,La Paz,Urbano,0,0,1,0.6699,0.5503,1,1
263-016857-A-0171,2.0,La Paz,Urbano,0,0,1,0.5641,0.62,1,1
263-016857-A-0191,1.0,La Paz,Urbano,0,0,1,0.4102,0.3761,0,0
263-016857-A-0211,1.0,La Paz,Urbano,0,0,1,0.8189,0.6039,1,1
263-016857-A-0081,1.0,La Paz,Urbano,0,0,1,0.6149,0.5919,1,1
263-016857-A-0101,1.0,La Paz,Urbano,0,0,1,0.5276,0.5543,1,1
263-016857-A-0011,3.0,La Paz,Urbano,0,0,1,0.4755,0.4881,0,0
263-016857-A-0031,3.0,La Paz,Urbano,0,0,1,0.5765,0.5177,1,1
263-016857-A-0051,1.0,La Paz,Urbano,0,0,1,0.4518,0.4171,0,0
263-016857-A-0061,2.0,La Paz,Urbano,0,1,1,0.4606,0.4207,0,0
263-015928-A-0161,1.0,La Paz,Urbano,0,0,0,0.6566,0.4977,1,0
263-015928-A-0191,1.0,La Paz,Urbano,0,0,1,0.5717,0.4543,1,0
263-015928-A-0231,1.0,La Paz,Urbano,0,0,1,0.552,0.3976,1,0
263-015928-A-0261,1.0,La Paz,Urbano,0,0,1,0.4478,0.3779,0,0
263-015928-A-0291,1.0,La Paz,Urbano,0,0,1,0.4423,0.4725,0,0
263-015928-A-0331,1.0,La Paz,Urbano,1,1,1,0.6515,0.7055,1,1
263-015928-A-0361,1.0,La Paz,Urbano,0,0,1,0.5062,0.4915,1,0
263-015928-A-0021,4.0,La Paz,Urbano,0,0,1,0.408,0.4244,0,0
263-015928-A-0051,1.0,La Paz,Urbano,0,0,1,0.7595,0.5031,1,1
263-015928-A-0091,1.0,La Paz,Urbano,0,0,1,0.372,0.3409,0,0
263-016275-A-0181,1.0,La Paz,Urbano,0,0,1,0.6634,0.4403,1,0
263-016275-A-0231,1.0,La Paz,Urbano,0,0,1,0.7462,0.5029,1,1
263-016275-A-0271,2.0,La Paz,Urbano,0,0,1,0.6046,0.3885,1,0
263-016275-A-0311,2.0,La Paz,Urbano,1,0,1,0.4673,0.5526,0,1
263-016275-A-0361,3.0,La Paz,Urbano,0,0,1,0.607,0.4928,1,0
263-016275-A-0441,3.0,La Paz,Urbano,0,1,1,0.5237,0.3576,1,0
263-016275-A-0491,1.0,La Paz,Urbano,0,0,1,0.6663,0.4293,1,0
263-016377-A-0191,1.0,La Paz,Urbano,0,0,1,0.5691,0.6046,1,1
263-016377-A-0011,1.0,La Paz,Urbano,0,0,1,0.6239,0.4866,1,0
263-016377-A-0071,4.0,La Paz,Urbano,0,0,1,0.5015,0.3624,1,0
263-016377-A-0131,1.0,La Paz,Urbano,0,0,0,0.4374,0.3763,0,0
263-016377-A-0251,1.0,La Paz,Urbano,1,1,0,0.6824,0.708,1,1
263-016377-A-0311,1.0,La Paz,Urbano,1,0,1,0.7124,0.7702,1,1
263-016377-A-0371,1.0,La Paz,Urbano,0,0,0,0.5308,0.3727,1,0
263-016377-A-0671,1.0,La Paz,Urbano,0,0,1,0.7305,0.6641,1,1
263-016377-A-0491,1.0,La Paz,Urbano,0,0,1,0.4587,0.4407,0,0
263-016377-A-0551,1.0,La Paz,Urbano,0,0,1,0.4889,0.474,0,0
263-016377-A-0611,4.0,La Paz,Urbano,0,0,1,0.4881,0.5085,0,1
263-016585-A-0131,3.0,La Paz,Urbano,0,0,1,0.4487,0.4191,0,0
263-016585-A-0161,1.0,La Paz,Urbano,0,0,1,0.6527,0.4797,1,0
263-016585-A-0181,5.0,La Paz,Urbano,0,0,1,0.5753,0.3834,1,0
263-016585-A-0211,1.0,La Paz,Urbano,0,0,1,0.5729,0.4036,1,0
263-016585-A-0051,1.0,La Paz,Urbano,1,0,1,0.7067,0.7395,1,1
263-016585-A-0071,1.0,La Paz,Urbano,0,0,1,0.4815,0.3815,0,0
263-016585-A-0101,1.0,La Paz,Urbano,1,0,1,0.6525,0.6991,1,1
263-016585-A-0241,1.0,La Paz,Urbano,0,0,1,0.6762,0.6581,1,1
263-016585-A-0271,1.0,La Paz,Urbano,0,1,1,0.5874,0.5185,1,1
263-016585-A-0291,1.0,La Paz,Urbano,0,1,1,0.5249,0.4496,1,0
263-016585-A-0321,2.0,La Paz,Urbano,0,1,1,0.582,0.4656,1,0
263-016721-A-0011,1.0,La Paz,Urbano,0,0,1,0.6738,0.5018,1,1
263-016721-A-0031,4.0,La Paz,Urbano,0,0,1,0.4052,0.4711,0,0
263-016721-A-0041,1.0,La Paz,Urbano,1,0,1,0.5381,0.6587,1,1
263-016721-A-0061,1.0,La Paz,Urbano,0,0,1,0.5449,0.5815,1,1
263-016721-A-0161,1.0,La Paz,Urbano,0,1,1,0.8595,0.7134,1,1
263-016721-A-0181,3.0,La Paz,Urbano,1,0,0,0.6715,0.6941,1,1
263-016721-A-0081,1.0,La Paz,Urbano,0,1,1,0.4974,0.3474,0,0
263-016721-A-0091,2.0,La Paz,Urbano,0,1,1,0.4487,0.3445,0,0
263-016721-A-0111,1.0,La Paz,Urbano,0,0,1,0.4974,0.3956,0,0
263-016721-A-0131,3.0,La Paz,Urbano,0,0,1,0.4695,0.4558,0,0
262-012154-A-0101,1.0,La Paz,Urbano,1,1,0,0.7182,0.7482,1,1
262-012154-A-0121,3.0,La Paz,Urbano,0,0,1,0.6108,0.348,1,0
262-012154-A-0141,4.0,La Paz,Urbano,0,0,1,0.5899,0.3876,1,0
262-012154-A-0161,1.0,La Paz,Urbano,0,0,1,0.3905,0.395,0,0
262-012154-A-0041,4.0,La Paz,Urbano,0,0,1,0.5936,0.3154,1,0
262-012154-A-0081,2.0,La Paz,Urbano,0,0,1,0.7049,0.4747,1,0
262-012154-A-0181,2.0,La Paz,Urbano,0,0,1,0.792,0.6527,1,1
262-012154-A-0221,2.0,La Paz,Urbano,0,0,1,0.7465,0.4229,1,0
262-012154-A-0241,1.0,La Paz,Urbano,0,0,1,0.7916,0.6147,1,1
262-012737-A-0011,4.0,La Paz,Urbano,0,0,1,0.6193,0.3418,1,0
262-012737-A-0031,1.0,La Paz,Urbano,0,1,1,0.6325,0.4677,1,0
262-012737-A-0061,1.0,La Paz,Urbano,0,0,1,0.7428,0.3955,1,0
262-012737-A-0081,1.0,La Paz,Urbano,0,0,1,0.7204,0.6209,1,1
262-012737-A-0201,1.0,La Paz,Urbano,0,0,0,0.5988,0.545,1,1
262-012737-A-0251,4.0,La Paz,Urbano,1,0,0,0.4987,0.5737,0,1
262-012737-A-0271,1.0,La Paz,Urbano,0,1,1,0.4824,0.4235,0,0
262-012737-A-0101,1.0,La Paz,Urbano,0,1,0,0.4099,0.3776,0,0
262-012737-A-0151,1.0,La Paz,Urbano,0,0,1,0.4506,0.3889,0,0
262-012737-A-0131,1.0,La Paz,Urbano,0,0,1,0.5075,0.4155,1,0
262-012737-A-0181,3.0,La Paz,Urbano,0,0,1,0.5004,0.3886,1,0
263-015943-A-0101,3.0,La Paz,Urbano,0,0,0,0.4967,0.2715,0,0
263-015943-A-0131,1.0,La Paz,Urbano,0,0,1,0.3655,0.3204,0,0
263-015943-A-0121,1.0,La Paz,Urbano,0,0,1,0.4338,0.351,0,0
263-015943-A-0191,3.0,La Paz,Urbano,0,0,1,0.6767,0.3298,1,0
263-015943-A-0171,3.0,La Paz,Urbano,1,0,1,0.52,0.5152,1,1
263-015943-A-0151,3.0,La Paz,Urbano,0,1,1,0.6298,0.5795,1,1
263-015943-A-0201,1.0,La Paz,Urbano,0,0,1,0.3563,0.2744,0,0
263-015943-A-0011,3.0,La Paz,Urbano,0,0,0,0.3741,0.2668,0,0
263-015943-A-0031,3.0,La Paz,Urbano,0,0,0,0.4269,0.2764,0,0
263-015943-A-0051,3.0,La Paz,Urbano,0,0,0,0.5104,0.3295,1,0
263-015943-A-0061,1.0,La Paz,Urbano,0,0,0,0.6268,0.461,1,0
262-010993-A-0101,3.0,La Paz,Urbano,0,1,1,0.4185,0.3922,0,0
262-010993-A-0141,1.0,La Paz,Urbano,0,1,1,0.5864,0.3957,1,0
262-010993-A-0161,3.0,La Paz,Urbano,0,0,1,0.5178,0.5249,1,1
262-010993-A-0121,1.0,La Paz,Urbano,0,0,1,0.7165,0.3671,1,0
262-010993-A-0181,1.0,La Paz,Urbano,1,1,1,0.6338,0.5581,1,1
262-010993-A-0201,3.0,La Paz,Urbano,0,0,1,0.4711,0.4021,0,0
262-010993-A-0221,1.0,La Paz,Urbano,0,0,0,0.4284,0.3576,0,0
262-010993-A-0241,3.0,La Paz,Urbano,0,0,1,0.4189,0.3854,0,0
262-010993-A-0011,1.0,La Paz,Urbano,0,0,0,0.5942,0.4106,1,0
262-010993-A-0041,1.0,La Paz,Urbano,0,0,0,0.4734,0.5111,0,1
262-010993-A-0061,2.0,La Paz,Urbano,0,0,0,0.5715,0.4177,1,0
262-010993-A-0081,1.0,La Paz,Urbano,0,0,1,0.3928,0.3198,0,0
263-016050-A-0161,1.0,La Paz,Urbano,1,1,1,0.6818,0.7032,1,1
263-016050-A-0171,2.0,La Paz,Urbano,0,1,1,0.5908,0.3884,1,0
263-016050-A-0191,2.0,La Paz,Urbano,0,0,1,0.5162,0.3884,1,0
263-016050-A-0211,3.0,La Paz,Urbano,0,0,1,0.4239,0.4715,0,0
263-016050-A-0081,3.0,La Paz,Urbano,0,0,1,0.382,0.28,0,0
263-016050-A-0101,2.0,La Paz,Urbano,1,0,1,0.8248,0.7418,1,1
263-016050-A-0121,1.0,La Paz,Urbano,0,0,1,0.5391,0.3968,1,0
263-016050-A-0141,4.0,La Paz,Urbano,0,0,1,0.4913,0.3914,0,0
263-016050-A-0011,3.0,La Paz,Urbano,0,0,0,0.4531,0.4315,0,0
263-016050-A-0031,1.0,La Paz,Urbano,0,0,0,0.3992,0.3545,0,0
263-016050-A-0051,1.0,La Paz,Urbano,0,0,0,0.3868,0.3246,0,0
263-016050-A-0061,1.0,La Paz,Urbano,0,0,1,0.5195,0.4514,1,0
262-011135-A-0181,4.0,La Paz,Urbano,1,0,1,0.4046,0.5322,0,1
262-011135-A-0161,3.0,La Paz,Urbano,0,0,1,0.4698,0.4886,0,0
262-011135-A-0211,2.0,La Paz,Urbano,0,0,1,0.5042,0.3786,1,0
262-011135-A-0021,3.0,La Paz,Urbano,0,0,1,0.438,0.4185,0,0
262-011135-A-0051,3.0,La Paz,Urbano,1,0,1,0.6174,0.4076,1,0
262-011135-A-0071,3.0,La Paz,Urbano,1,1,1,0.5669,0.4164,1,0
262-011135-A-0101,1.0,La Paz,Urbano,0,0,1,0.6819,0.5867,1,1
262-011135-A-0241,3.0,La Paz,Urbano,0,0,1,0.4083,0.2805,0,0
262-011135-A-0271,4.0,La Paz,Urbano,0,0,0,0.4461,0.3085,0,0
262-011135-A-0291,3.0,La Paz,Urbano,0,0,0,0.4723,0.31,0,0
262-011135-A-0321,1.0,La Paz,Urbano,0,0,0,0.4556,0.4705,0,0
263-016477-A-0041,3.0,La Paz,Urbano,0,0,1,0.4742,0.4633,0,0
263-016477-A-0091,3.0,La Paz,Urbano,0,1,1,0.6141,0.439,1,0
263-016477-A-0141,3.0,La Paz,Urbano,0,0,1,0.4351,0.2781,0,0
263-016477-A-0181,1.0,La Paz,Urbano,0,0,1,0.638,0.5161,1,1
263-016477-A-0421,1.0,La Paz,Urbano,1,0,0,0.5419,0.6959,1,1
263-016477-A-0471,3.0,La Paz,Urbano,0,0,1,0.4537,0.4408,0,0
263-016477-A-0521,3.0,La Paz,Urbano,1,0,0,0.486,0.3969,0,0
263-016477-A-0561,1.0,La Paz,Urbano,0,1,1,0.3858,0.3424,0,0
263-016477-A-0231,1.0,La Paz,Urbano,0,0,0,0.48,0.3662,0,0
263-016477-A-0281,4.0,La Paz,Urbano,0,0,0,0.4579,0.3069,0,0
263-016477-A-0331,1.0,La Paz,Urbano,1,0,1,0.7435,0.53,1,1
263-016477-A-0371,4.0,La Paz,Urbano,0,0,1,0.5172,0.5231,1,1
262-011509-A-0281,2.0,La Paz,Urbano,0,0,0,0.7618,0.5429,1,1
262-011509-A-0251,3.0,La Paz,Urbano,1,0,0,0.4003,0.4591,0,0
262-011509-A-0311,1.0,La Paz,Urbano,0,0,1,0.6626,0.5166,1,1
262-011509-A-0341,1.0,La Paz,Urbano,0,0,1,0.774,0.5369,1,1
262-011509-A-0131,3.0,La Paz,Urbano,0,0,1,0.361,0.2842,0,0
262-011509-A-0161,1.0,La Paz,Urbano,0,0,1,0.5811,0.5789,1,1
262-011509-A-0191,1.0,La Paz,Urbano,0,0,1,0.5002,0.3841,1,0
262-011509-A-0221,3.0,La Paz,Urbano,0,0,1,0.5342,0.3761,1,0
262-011509-A-0011,3.0,La Paz,Urbano,0,0,0,0.7499,0.486,1,0
262-011509-A-0071,1.0,La Paz,Urbano,0,0,1,0.5555,0.4489,1,0
262-011509-A-0101,1.0,La Paz,Urbano,0,0,1,0.5785,0.4979,1,0
262-012024-A-0151,1.0,La Paz,Urbano,0,0,1,0.7832,0.4551,1,0
262-012024-A-0101,2.0,La Paz,Urbano,0,0,1,0.5704,0.372,1,0
262-012024-A-0131,2.0,La Paz,Urbano,0,0,1,0.6244,0.4472,1,0
262-012024-A-0181,3.0,La Paz,Urbano,0,0,0,0.4214,0.3269,0,0
262-012024-A-0061,1.0,La Paz,Urbano,1,0,0,0.4099,0.6022,0,1
262-012024-A-0011,1.0,La Paz,Urbano,0,0,0,0.3905,0.3642,0,0
262-012024-A-0031,2.0,La Paz,Urbano,0,0,1,0.5451,0.3611,1,0
262-012024-A-0081,1.0,La Paz,Urbano,1,0,1,0.437,0.3824,0,0
262-012024-A-0201,4.0,La Paz,Urbano,0,1,1,0.4695,0.3606,0,0
262-012024-A-0231,1.0,La Paz,Urbano,0,0,1,0.3802,0.3569,0,0
262-012024-A-0251,1.0,La Paz,Urbano,1,0,1,0.7388,0.7371,1,1
262-012024-A-0271,1.0,La Paz,Urbano,1,0,1,0.5329,0.4481,1,0
262-012435-A-0081,3.0,La Paz,Urbano,0,0,1,0.6479,0.5757,1,1
262-012435-A-0121,1.0,La Paz,Urbano,0,0,1,0.6964,0.5135,1,1
262-012435-A-0141,3.0,La Paz,Urbano,0,0,0,0.644,0.4556,1,0
262-012435-A-0011,4.0,La Paz,Urbano,0,0,1,0.6031,0.3094,1,0
262-012435-A-0031,1.0,La Paz,Urbano,0,0,1,0.7614,0.6407,1,1
262-012435-A-0051,3.0,La Paz,Urbano,0,0,1,0.4815,0.4073,0,0
262-012435-A-0061,1.0,La Paz,Urbano,0,0,1,0.5076,0.4205,1,0
262-012435-A-0161,4.0,La Paz,Urbano,0,0,1,0.4677,0.4183,0,0
262-012435-A-0171,1.0,La Paz,Urbano,0,0,1,0.5661,0.3889,1,0
262-012435-A-0191,3.0,La Paz,Urbano,0,0,1,0.4589,0.4767,0,0
262-012435-A-0211,7.0,La Paz,Urbano,0,0,1,0.6452,0.498,1,0
221-006796-A-0051,3.0,La Paz,Urbano,0,0,1,0.6066,0.4681,1,0
221-006796-A-0111,1.0,La Paz,Urbano,0,0,0,0.4493,0.3855,0,0
221-006796-A-0121,2.0,La Paz,Urbano,0,0,0,0.442,0.4046,0,0
221-006796-A-0061,3.0,La Paz,Urbano,0,0,0,0.5387,0.4937,1,0
221-006796-A-0081,1.0,La Paz,Urbano,0,0,0,0.6999,0.4995,1,0
221-006796-A-0101,1.0,La Paz,Urbano,0,0,0,0.4168,0.3216,0,0
221-006796-A-0041,1.0,La Paz,Urbano,0,0,0,0.6051,0.2941,1,0
221-006796-A-0071,1.0,La Paz,Urbano,0,0,0,0.6097,0.4314,1,0
221-006796-A-0011,2.0,La Paz,Urbano,1,1,1,0.5745,0.5918,1,1
221-006796-A-0091,3.0,La Paz,Urbano,0,0,0,0.7261,0.4928,1,0
221-006796-A-0021,1.0,La Paz,Urbano,1,0,1,0.7608,0.7897,1,1
262-010069-A-0431,1.0,La Paz,Urbano,0,0,1,0.6549,0.5286,1,1
262-010069-A-0531,3.0,La Paz,Urbano,1,0,1,0.536,0.621,1,1
262-010069-A-0581,1.0,La Paz,Urbano,0,0,0,0.4757,0.4384,0,0
262-010069-A-0181,3.0,La Paz,Urbano,0,1,1,0.4338,0.4127,0,0
262-010069-A-0231,1.0,La Paz,Urbano,0,0,1,0.646,0.5662,1,1
262-010069-A-0281,1.0,La Paz,Urbano,0,0,1,0.4728,0.4811,0,0
262-010069-A-0031,1.0,La Paz,Urbano,1,0,1,0.572,0.7164,1,1
262-010069-A-0081,1.0,La Paz,Urbano,1,0,0,0.5488,0.6636,1,1
262-010069-A-0131,1.0,La Paz,Urbano,1,0,1,0.7237,0.7391,1,1
262-010069-A-0381,3.0,La Paz,Urbano,1,0,1,0.6703,0.6163,1,1
264-017497-A-0531,3.0,La Paz,Urbano,0,0,1,0.4779,0.3363,0,0
264-017497-A-0581,3.0,La Paz,Urbano,0,0,0,0.3876,0.2974,0,0
264-017497-A-0641,1.0,La Paz,Urbano,0,0,1,0.4493,0.3832,0,0
264-017497-A-0041,3.0,La Paz,Urbano,0,0,0,0.4658,0.4766,0,0
264-017497-A-0091,1.0,La Paz,Urbano,0,0,1,0.4405,0.3214,0,0
264-017497-A-0151,3.0,La Paz,Urbano,1,0,0,0.4678,0.5642,0,1
264-017497-A-0201,3.0,La Paz,Urbano,1,0,1,0.433,0.3725,0,0
264-017497-A-0311,1.0,La Paz,Urbano,0,1,1,0.3259,0.3496,0,0
264-017497-A-0421,1.0,La Paz,Urbano,0,0,0,0.3934,0.3138,0,0
264-017625-A-0201,1.0,La Paz,Urbano,0,0,0,0.3631,0.3986,0,0
264-017625-A-0251,3.0,La Paz,Urbano,0,0,0,0.4309,0.4189,0,0
264-017625-A-0171,4.0,La Paz,Urbano,0,0,0,0.4743,0.4247,0,0
264-017625-A-0221,1.0,La Paz,Urbano,0,0,0,0.4947,0.5131,0,1
264-017625-A-0121,1.0,La Paz,Urbano,0,0,1,0.4246,0.3763,0,0
264-017625-A-0141,1.0,La Paz,Urbano,1,0,0,0.4536,0.5581,0,1
264-017625-A-0281,3.0,La Paz,Urbano,1,0,1,0.4846,0.5447,0,1
264-017625-A-0301,1.0,La Paz,Urbano,1,1,1,0.5144,0.6028,1,1
264-017625-A-0011,1.0,La Paz,Urbano,1,0,1,0.5579,0.4784,1,0
264-017625-A-0041,1.0,La Paz,Urbano,1,0,0,0.4826,0.589,0,1
264-017625-A-0061,1.0,La Paz,Urbano,1,0,0,0.4435,0.5173,0,1
264-017625-A-0091,3.0,La Paz,Urbano,0,0,0,0.5194,0.47,1,0
263-015387-A-0341,1.0,La Paz,Urbano,0,0,0,0.3538,0.4004,0,0
263-015387-A-0301,3.0,La Paz,Urbano,0,0,1,0.4044,0.3865,0,0
263-015387-A-0261,3.0,La Paz,Urbano,0,0,1,0.5569,0.4858,1,0
263-015387-A-0221,1.0,La Paz,Urbano,0,0,0,0.5757,0.5156,1,1
263-015387-A-0141,1.0,La Paz,Urbano,0,0,1,0.4281,0.4341,0,0
263-015387-A-0021,2.0,La Paz,Urbano,0,0,1,0.5333,0.3976,1,0
263-015387-A-0061,1.0,La Paz,Urbano,1,0,1,0.6818,0.4756,1,0
263-015387-A-0101,1.0,La Paz,Urbano,0,1,1,0.4461,0.3973,0,0
263-015387-A-0381,1.0,La Paz,Urbano,1,0,0,0.7748,0.4825,1,0
263-015387-A-0431,3.0,La Paz,Urbano,1,0,0,0.4777,0.5288,0,1
263-015387-A-0181,1.0,La Paz,Urbano,0,1,0,0.4651,0.4139,0,0
263-015387-A-0471,1.0,La Paz,Urbano,1,0,0,0.514,0.5729,1,1
263-015521-A-0221,1.0,La Paz,Urbano,0,0,1,0.3748,0.3191,0,0
263-015521-A-0251,1.0,La Paz,Urbano,0,1,1,0.5501,0.3541,1,0
263-015521-A-0021,1.0,La Paz,Urbano,0,0,1,0.7255,0.5673,1,1
263-015521-A-0041,1.0,La Paz,Urbano,0,0,1,0.7036,0.6561,1,1
263-015521-A-0121,1.0,La Paz,Urbano,1,0,1,0.7359,0.7851,1,1
263-015521-A-0151,3.0,La Paz,Urbano,0,0,0,0.4276,0.3867,0,0
263-015521-A-0171,3.0,La Paz,Urbano,1,1,1,0.6067,0.6845,1,1
263-015521-A-0071,2.0,La Paz,Urbano,1,1,1,0.6135,0.685,1,1
263-015521-A-0281,2.0,La Paz,Urbano,1,1,1,0.8185,0.6586,1,1
263-015521-A-0301,4.0,La Paz,Urbano,0,0,0,0.568,0.3402,1,0
213-003299-A-0101,1.0,La Paz,Urbano,0,1,1,0.688,0.5499,1,1
213-003299-A-0071,1.0,La Paz,Urbano,1,1,1,0.7372,0.7576,1,1
213-003299-A-0211,3.0,La Paz,Urbano,0,0,0,0.5054,0.43,1,0
213-003299-A-0241,1.0,La Paz,Urbano,0,0,0,0.7618,0.4347,1,0
213-003299-A-0271,3.0,La Paz,Urbano,0,1,1,0.5976,0.4651,1,0
213-003299-A-0291,3.0,La Paz,Urbano,1,0,0,0.5011,0.5941,1,1
213-003299-A-0321,1.0,La Paz,Urbano,1,0,0,0.7975,0.6159,1,1
213-003299-A-0021,1.0,La Paz,Urbano,0,1,0,0.4008,0.3176,0,0
213-003299-A-0181,3.0,La Paz,Urbano,0,0,0,0.4341,0.4967,0,0
213-003299-A-0051,2.0,La Paz,Urbano,1,0,0,0.6731,0.6826,1,1
213-003299-A-0131,2.0,La Paz,Urbano,0,0,0,0.6436,0.4311,1,0
213-003452-A-0171,1.0,La Paz,Urbano,1,0,0,0.7421,0.7075,1,1
213-003452-A-0051,2.0,La Paz,Urbano,0,0,1,0.5661,0.4253,1,0
213-003452-A-0021,3.0,La Paz,Urbano,0,0,0,0.5037,0.444,1,0
213-003452-A-0011,3.0,La Paz,Urbano,0,0,0,0.6302,0.629,1,1
213-003452-A-0041,1.0,La Paz,Urbano,0,0,1,0.7596,0.7157,1,1
213-003452-A-0111,1.0,La Paz,Urbano,0,1,0,0.822,0.6209,1,1
213-003452-A-0081,3.0,La Paz,Urbano,0,1,0,0.6463,0.5562,1,1
213-003452-A-0071,3.0,La Paz,Urbano,0,0,0,0.4851,0.493,0,0
213-003452-A-0101,1.0,La Paz,Urbano,1,0,0,0.4666,0.6462,0,1
213-003452-A-0161,3.0,La Paz,Urbano,0,0,0,0.456,0.4221,0,0
213-003452-A-0131,1.0,La Paz,Urbano,0,1,0,0.4536,0.4702,0,0
213-003452-A-0141,3.0,La Paz,Urbano,1,0,0,0.5349,0.6705,1,1
263-014842-A-0011,1.0,La Paz,Urbano,1,1,1,0.4897,0.4962,0,0
263-014842-A-0031,2.0,La Paz,Urbano,0,0,1,0.5895,0.5135,1,1
263-014842-A-0071,3.0,La Paz,Urbano,0,0,1,0.4734,0.4339,0,0
263-014842-A-0091,1.0,La Paz,Urbano,0,1,1,0.4217,0.4122,0,0
263-014842-A-0121,1.0,La Paz,Urbano,0,0,1,0.3952,0.3562,0,0
263-014842-A-0141,1.0,La Paz,Urbano,1,0,1,0.6045,0.6913,1,1
263-014842-A-0161,4.0,La Paz,Urbano,0,0,1,0.4191,0.2774,0,0
263-014842-A-0181,1.0,La Paz,Urbano,0,0,1,0.7332,0.58,1,1
263-014842-A-0251,1.0,La Paz,Urbano,0,0,1,0.5214,0.4201,1,0
263-014842-A-0221,1.0,La Paz,Urbano,0,0,1,0.57,0.4404,1,0
263-014842-A-0201,1.0,La Paz,Urbano,0,0,1,0.6318,0.5316,1,1
263-014976-A-0011,3.0,La Paz,Urbano,0,1,1,0.532,0.2846,1,0
263-014976-A-0041,2.0,La Paz,Urbano,0,1,1,0.5441,0.4712,1,0
263-014976-A-0061,1.0,La Paz,Urbano,0,1,1,0.4823,0.366,0,0
263-014976-A-0091,2.0,La Paz,Urbano,0,0,1,0.4857,0.4851,0,0
263-014976-A-0121,1.0,La Paz,Urbano,0,0,1,0.7209,0.6527,1,1
263-014976-A-0141,1.0,La Paz,Urbano,0,0,1,0.4945,0.3544,0,0
263-014976-A-0171,4.0,La Paz,Urbano,0,0,1,0.4231,0.2342,0,0
263-014976-A-0201,1.0,La Paz,Urbano,0,0,1,0.6433,0.4833,1,0
263-014976-A-0301,3.0,La Paz,Urbano,0,0,1,0.408,0.3992,0,0
263-014976-A-0281,2.0,La Paz,Urbano,0,0,1,0.4831,0.4049,0,0
263-014976-A-0251,1.0,La Paz,Urbano,1,0,1,0.7412,0.5431,1,1
263-014976-A-0221,2.0,La Paz,Urbano,0,0,1,0.4085,0.3276,0,0
263-015255-A-0031,2.0,La Paz,Urbano,0,0,1,0.6935,0.4741,1,0
263-015255-A-0071,1.0,La Paz,Urbano,0,0,1,0.5385,0.6214,1,1
263-015255-A-0081,1.0,La Paz,Urbano,1,0,0,0.5838,0.6916,1,1
263-015255-A-0101,1.0,La Paz,Urbano,0,0,0,0.49,0.4858,0,0
263-015255-A-0051,1.0,La Paz,Urbano,0,0,1,0.6253,0.5297,1,1
263-015255-A-0061,1.0,La Paz,Urbano,1,0,1,0.6203,0.5528,1,1
263-015255-A-0111,1.0,La Paz,Urbano,0,0,1,0.56,0.4921,1,0
263-015255-A-0011,1.0,La Paz,Urbano,0,0,1,0.641,0.348,1,0
263-015255-A-0021,1.0,La Paz,Urbano,0,0,1,0.5854,0.4953,1,0
263-015255-A-0041,1.0,La Paz,Urbano,0,0,1,0.5275,0.454,1,0
263-015255-A-0091,1.0,La Paz,Urbano,0,0,1,0.6863,0.5349,1,1
262-010443-A-0161,1.0,La Paz,Urbano,0,1,1,0.5679,0.5059,1,1
262-010443-A-0101,2.0,La Paz,Urbano,0,0,1,0.5483,0.5015,1,1
262-010443-A-0051,1.0,La Paz,Urbano,0,0,0,0.6093,0.6196,1,1
262-010443-A-0061,1.0,La Paz,Urbano,1,0,1,0.5945,0.7278,1,1
262-010443-A-0121,1.0,La Paz,Urbano,0,0,1,0.5276,0.4216,1,0
262-010443-A-0031,2.0,La Paz,Urbano,0,0,1,0.4121,0.3379,0,0
262-010443-A-0091,1.0,La Paz,Urbano,0,0,1,0.6755,0.4569,1,0
262-010443-A-0131,4.0,La Paz,Urbano,0,0,1,0.5093,0.2894,1,0
262-010443-A-0021,1.0,La Paz,Urbano,0,0,1,0.5082,0.5127,1,1
262-010443-A-0081,1.0,La Paz,Urbano,0,0,1,0.6148,0.4551,1,0
262-010443-A-0151,1.0,La Paz,Urbano,0,0,0,0.8003,0.5054,1,1
262-010443-A-0011,1.0,La Paz,Urbano,0,0,0,0.585,0.5444,1,1
263-014572-A-0301,1.0,La Paz,Urbano,0,0,1,0.4669,0.3341,0,0
263-014572-A-0341,1.0,La Paz,Urbano,0,0,1,0.5517,0.4818,1,0
263-014572-A-0431,1.0,La Paz,Urbano,0,0,1,0.6388,0.508,1,1
263-014572-A-0481,1.0,La Paz,Urbano,1,0,1,0.6223,0.7013,1,1
263-014572-A-0071,1.0,La Paz,Urbano,0,0,1,0.5135,0.4197,1,0
263-014572-A-0201,1.0,La Paz,Urbano,0,0,1,0.4289,0.379,0,0
263-014572-A-0251,4.0,La Paz,Urbano,0,0,1,0.5162,0.5518,1,1
263-014572-A-0021,3.0,La Paz,Urbano,0,0,1,0.4672,0.4312,0,0
263-014572-A-0161,1.0,La Paz,Urbano,0,0,1,0.5388,0.4617,1,0
263-014572-A-0521,3.0,La Paz,Urbano,0,0,1,0.4317,0.4953,0,0
263-014572-A-0391,1.0,La Paz,Urbano,0,1,1,0.7215,0.4856,1,0
263-014572-A-0111,1.0,La Paz,Urbano,0,0,1,0.5787,0.4442,1,0
262-010710-A-0061,3.0,La Paz,Urbano,0,0,1,0.5503,0.5274,1,1
262-010710-A-0131,3.0,La Paz,Urbano,0,0,1,0.5334,0.5507,1,1
262-010710-A-0101,3.0,La Paz,Urbano,0,1,1,0.4892,0.5071,0,1
262-010710-A-0021,1.0,La Paz,Urbano,1,0,1,0.5545,0.6393,1,1
262-010710-A-0071,1.0,La Paz,Urbano,0,1,1,0.4501,0.4532,0,0
262-010710-A-0171,1.0,La Paz,Urbano,0,0,1,0.679,0.571,1,1
262-010710-A-0091,1.0,La Paz,Urbano,0,0,1,0.3447,0.3374,0,0
262-010710-A-0041,1.0,La Paz,Urbano,0,0,1,0.6536,0.5504,1,1
262-010710-A-0011,1.0,La Paz,Urbano,0,0,0,0.5299,0.517,1,1
262-010710-A-0121,2.0,La Paz,Urbano,0,0,0,0.5485,0.4934,1,0
262-010710-A-0151,1.0,La Paz,Urbano,0,1,1,0.471,0.3644,0,0
263-015113-A-0191,1.0,La Paz,Urbano,0,1,1,0.4074,0.3774,0,0
263-015113-A-0101,1.0,La Paz,Urbano,0,0,1,0.6886,0.3276,1,0
263-015113-A-0211,1.0,La Paz,Urbano,0,0,1,0.5171,0.46,1,0
263-015113-A-0141,1.0,La Paz,Urbano,0,0,1,0.4801,0.3244,0,0
263-015113-A-0081,1.0,La Paz,Urbano,1,0,1,0.4463,0.6279,0,1
263-015113-A-0061,3.0,La Paz,Urbano,1,0,1,0.6331,0.622,1,1
263-015113-A-0171,1.0,La Paz,Urbano,0,0,1,0.465,0.3977,0,0
263-015113-A-0121,3.0,La Paz,Urbano,0,0,0,0.5173,0.4821,1,0
263-015113-A-0051,1.0,La Paz,Urbano,0,0,1,0.6022,0.4035,1,0
263-015113-A-0011,4.0,La Paz,Urbano,0,1,1,0.4088,0.2865,0,0
263-015113-A-0161,1.0,La Paz,Urbano,0,0,1,0.3696,0.3709,0,0
264-017779-A-0031,2.0,La Paz,Urbano,1,0,1,0.4587,0.51,0,1
264-017779-A-0091,1.0,La Paz,Urbano,0,0,1,0.5433,0.542,1,1
264-017779-A-0081,1.0,La Paz,Urbano,1,0,0,0.4799,0.5973,0,1
264-017779-A-0021,1.0,La Paz,Urbano,0,0,1,0.5273,0.4624,1,0
264-017779-A-0151,1.0,La Paz,Urbano,1,1,1,0.5153,0.5371,1,1
264-017779-A-0061,3.0,La Paz,Urbano,1,0,0,0.4354,0.4514,0,0
264-017779-A-0051,1.0,La Paz,Urbano,0,0,0,0.4533,0.5126,0,1
264-017779-A-0131,4.0,La Paz,Urbano,0,0,1,0.4577,0.4537,0,0
264-017779-A-0011,1.0,La Paz,Urbano,1,0,1,0.5657,0.7293,1,1
264-017779-A-0101,1.0,La Paz,Urbano,0,1,1,0.5357,0.4055,1,0
262-010569-A-0061,1.0,La Paz,Urbano,1,0,1,0.4421,0.4505,0,0
262-010569-A-0011,4.0,La Paz,Urbano,0,0,0,0.5333,0.4476,1,0
262-010569-A-0041,3.0,La Paz,Urbano,0,0,1,0.5326,0.5169,1,1
262-010569-A-0091,3.0,La Paz,Urbano,0,1,0,0.5193,0.4598,1,0
262-010569-A-0111,3.0,La Paz,Urbano,0,1,1,0.6065,0.4243,1,0
262-010569-A-0141,1.0,La Paz,Urbano,0,0,1,0.531,0.4822,1,0
262-010569-A-0161,1.0,La Paz,Urbano,0,0,1,0.769,0.4852,1,0
262-010569-A-0191,1.0,La Paz,Urbano,0,0,0,0.6413,0.4948,1,0
262-010569-A-0291,1.0,La Paz,Urbano,1,0,1,0.5463,0.6431,1,1
262-010569-A-0211,3.0,La Paz,Urbano,0,1,0,0.409,0.4866,0,0
262-010569-A-0261,2.0,La Paz,Urbano,0,0,1,0.6073,0.5482,1,1
263-013894-A-0051,1.0,La Paz,Urbano,1,1,1,0.6843,0.7052,1,1
263-013894-A-0071,1.0,La Paz,Urbano,1,1,1,0.6503,0.7531,1,1
263-013894-A-0081,1.0,La Paz,Urbano,1,0,1,0.68,0.6058,1,1
263-013894-A-0061,2.0,La Paz,Urbano,0,1,1,0.5839,0.507,1,1
263-013894-A-0021,1.0,La Paz,Urbano,0,0,0,0.7289,0.5036,1,1
263-013894-A-0011,1.0,La Paz,Urbano,0,0,0,0.6927,0.5307,1,1
263-013894-A-0031,3.0,La Paz,Urbano,0,0,0,0.7011,0.5273,1,1
263-013894-A-0041,4.0,La Paz,Urbano,0,0,0,0.6003,0.2765,1,0
263-013894-A-0091,1.0,La Paz,Urbano,0,1,1,0.7578,0.508,1,1
263-013894-A-0101,1.0,La Paz,Urbano,0,1,1,0.6512,0.382,1,0
263-013894-A-0111,1.0,La Paz,Urbano,0,1,1,0.6341,0.5848,1,1
263-013894-A-0121,1.0,La Paz,Urbano,0,1,1,0.6163,0.403,1,0
262-010187-A-0201,1.0,La Paz,Urbano,0,0,1,0.3747,0.3959,0,0
262-010187-A-0011,2.0,La Paz,Urbano,1,0,0,0.5041,0.5191,1,1
262-010187-A-0041,1.0,La Paz,Urbano,1,0,0,0.6815,0.4466,1,0
262-010187-A-0061,1.0,La Paz,Urbano,0,0,0,0.4818,0.5435,0,1
262-010187-A-0081,1.0,La Paz,Urbano,0,0,0,0.7532,0.6158,1,1
262-010187-A-0161,3.0,La Paz,Urbano,0,0,0,0.5129,0.3472,1,0
262-010187-A-0141,3.0,La Paz,Urbano,0,0,0,0.3446,0.2701,0,0
262-010187-A-0121,1.0,La Paz,Urbano,0,0,0,0.3546,0.2296,0,0
262-010187-A-0101,4.0,La Paz,Urbano,0,0,0,0.42,0.3113,0,0
262-010187-A-0181,1.0,La Paz,Urbano,0,1,1,0.5431,0.5058,1,1
262-010187-A-0221,1.0,La Paz,Urbano,0,1,1,0.639,0.5478,1,1
262-010187-A-0241,1.0,La Paz,Urbano,0,1,1,0.7197,0.6135,1,1
263-014201-A-0011,1.0,La Paz,Urbano,0,0,0,0.4813,0.3014,0,0
263-014201-A-0021,1.0,La Paz,Urbano,0,0,0,0.689,0.5459,1,1
263-014201-A-0041,3.0,La Paz,Urbano,1,0,0,0.6114,0.6072,1,1
263-014201-A-0141,3.0,La Paz,Urbano,0,0,0,0.4376,0.4917,0,0
263-014201-A-0131,3.0,La Paz,Urbano,0,0,0,0.4211,0.3654,0,0
263-014201-A-0121,1.0,La Paz,Urbano,0,0,0,0.6238,0.5129,1,1
263-014201-A-0111,1.0,La Paz,Urbano,0,0,0,0.453,0.3011,0,0
263-014201-A-0061,1.0,La Paz,Urbano,0,1,1,0.5008,0.3788,1,0
263-014201-A-0091,1.0,La Paz,Urbano,0,1,0,0.6864,0.4764,1,0
263-014201-A-0081,1.0,La Paz,Urbano,0,1,1,0.6578,0.3919,1,0
263-014065-A-0031,2.0,La Paz,Urbano,0,0,0,0.6676,0.4963,1,0
263-014065-A-0051,2.0,La Paz,Urbano,0,0,0,0.6115,0.4734,1,0
263-014065-A-0081,3.0,La Paz,Urbano,0,0,0,0.3602,0.325,0,0
263-014065-A-0011,1.0,La Paz,Urbano,0,0,0,0.4608,0.3959,0,0
263-014065-A-0121,3.0,La Paz,Urbano,0,0,0,0.4561,0.4856,0,0
263-014065-A-0101,4.0,La Paz,Urbano,0,0,0,0.6449,0.3176,1,0
263-014065-A-0141,4.0,La Paz,Urbano,0,0,0,0.597,0.3261,1,0
263-014065-A-0171,3.0,La Paz,Urbano,0,0,0,0.4438,0.3615,0,0
263-014065-A-0211,3.0,La Paz,Urbano,0,1,1,0.5358,0.2738,1,0
263-014065-A-0231,1.0,La Paz,Urbano,1,1,0,0.7399,0.769,1,1
264-017349-A-0081,1.0,La Paz,Urbano,0,1,1,0.7039,0.5291,1,1
264-017349-A-0051,3.0,La Paz,Urbano,0,0,1,0.4322,0.3539,0,0
264-017349-A-0061,1.0,La Paz,Urbano,1,0,1,0.4887,0.5582,0,1
264-017349-A-0101,3.0,La Paz,Urbano,0,0,0,0.3897,0.3062,0,0
264-017349-A-0111,1.0,La Paz,Urbano,0,0,0,0.7176,0.4489,1,0
264-017349-A-0121,3.0,La Paz,Urbano,0,0,0,0.4841,0.4055,0,0
264-017349-A-0131,1.0,La Paz,Urbano,0,0,0,0.4864,0.4129,0,0
264-017349-A-0021,1.0,La Paz,Urbano,0,1,1,0.6583,0.5431,1,1
264-017349-A-0031,1.0,La Paz,Urbano,0,1,1,0.6008,0.4016,1,0
264-017349-A-0011,3.0,La Paz,Urbano,0,1,1,0.6915,0.4169,1,0
262-009934-A-0071,1.0,La Paz,Urbano,0,1,1,0.6888,0.5918,1,1
262-009934-A-0081,3.0,La Paz,Urbano,0,0,1,0.5586,0.3909,1,0
262-009934-A-0121,3.0,La Paz,Urbano,0,0,0,0.4961,0.4135,0,0
262-009934-A-0111,1.0,La Paz,Urbano,0,0,0,0.5232,0.3992,1,0
262-009934-A-0141,3.0,La Paz,Urbano,0,0,0,0.4182,0.3215,0,0
262-009934-A-0131,3.0,La Paz,Urbano,0,0,0,0.5264,0.4216,1,0
262-009934-A-0011,1.0,La Paz,Urbano,1,1,1,0.725,0.6278,1,1
262-009934-A-0031,1.0,La Paz,Urbano,0,1,1,0.6612,0.4591,1,0
262-009934-A-0041,1.0,La Paz,Urbano,0,1,1,0.698,0.4408,1,0
263-013717-A-0071,1.0,La Paz,Urbano,1,1,1,0.6351,0.6376,1,1
263-013717-A-0121,1.0,La Paz,Urbano,1,1,1,0.8461,0.7987,1,1
263-013717-A-0101,3.0,La Paz,Urbano,0,1,1,0.4371,0.3256,0,0
263-013717-A-0181,4.0,La Paz,Urbano,0,0,0,0.6384,0.2829,1,0
263-013717-A-0131,1.0,La Paz,Urbano,0,0,0,0.59,0.325,1,0
263-013717-A-0171,1.0,La Paz,Urbano,0,0,0,0.6143,0.5023,1,1
263-013717-A-0041,1.0,La Paz,Urbano,0,1,1,0.6741,0.4424,1,0
261-007468-A-0011,3.0,La Paz,Urbano,1,1,1,0.5501,0.642,1,1
261-007468-A-0021,1.0,La Paz,Urbano,1,1,1,0.7286,0.7363,1,1
261-007468-A-0031,1.0,La Paz,Urbano,0,1,1,0.594,0.4686,1,0
261-007468-A-0041,3.0,La Paz,Urbano,0,1,1,0.594,0.4527,1,0
261-007468-A-0111,1.0,La Paz,Urbano,0,0,1,0.602,0.485,1,0
261-007468-A-0091,1.0,La Paz,Urbano,0,0,0,0.5421,0.3075,1,0
261-007468-A-0101,4.0,La Paz,Urbano,0,0,0,0.4671,0.4041,0,0
261-007468-A-0121,3.0,La Paz,Urbano,0,0,0,0.5932,0.3767,1,0
261-007468-A-0061,1.0,La Paz,Urbano,1,0,1,0.8548,0.7494,1,1
261-007468-A-0071,2.0,La Paz,Urbano,0,1,1,0.6954,0.3993,1,0
261-007468-A-0081,3.0,La Paz,Urbano,0,0,1,0.7566,0.5756,1,1
261-007468-A-0051,1.0,La Paz,Urbano,0,0,1,0.7104,0.4659,1,0
262-009780-A-0061,1.0,La Paz,Urbano,0,0,0,0.725,0.4553,1,0
262-009780-A-0051,1.0,La Paz,Urbano,0,0,1,0.5835,0.4745,1,0
262-009780-A-0011,2.0,La Paz,Urbano,0,0,1,0.6118,0.5039,1,1
262-009780-A-0031,4.0,La Paz,Urbano,0,0,1,0.528,0.5179,1,1
262-009780-A-0141,1.0,La Paz,Urbano,0,0,0,0.6288,0.3308,1,0
262-009780-A-0081,1.0,La Paz,Urbano,0,0,0,0.7527,0.5088,1,1
262-009780-A-0121,3.0,La Paz,Urbano,0,0,0,0.5435,0.3477,1,0
262-009780-A-0171,1.0,La Paz,Urbano,1,0,0,0.7606,0.5777,1,1
262-009630-A-0011,2.0,La Paz,Urbano,0,1,1,0.5259,0.4442,1,0
262-009630-A-0081,2.0,La Paz,Urbano,0,1,1,0.4235,0.4099,0,0
262-009630-A-0051,1.0,La Paz,Urbano,0,1,1,0.4767,0.4421,0,0
262-009630-A-0031,1.0,La Paz,Urbano,1,0,1,0.4826,0.5919,0,1
262-009630-A-0191,1.0,La Paz,Urbano,0,0,0,0.4348,0.3646,0,0
262-009630-A-0211,3.0,La Paz,Urbano,0,0,0,0.4801,0.3571,0,0
262-009630-A-0231,3.0,La Paz,Urbano,0,0,1,0.462,0.3413,0,0
262-009630-A-0261,1.0,La Paz,Urbano,0,0,0,0.563,0.3799,1,0
262-009630-A-0121,3.0,La Paz,Urbano,0,0,1,0.4287,0.4186,0,0
262-009630-A-0101,2.0,La Paz,Urbano,0,0,1,0.5703,0.4466,1,0
262-009630-A-0171,3.0,La Paz,Urbano,0,0,1,0.6301,0.5373,1,1
262-009630-A-0141,1.0,La Paz,Urbano,0,1,1,0.4989,0.4103,0,0
263-013526-A-0011,2.0,La Paz,Urbano,1,0,1,0.636,0.5393,1,1
263-013526-A-0051,1.0,La Paz,Urbano,1,0,1,0.7596,0.7737,1,1
263-013526-A-0241,1.0,La Paz,Urbano,0,0,0,0.5822,0.509,1,1
263-013526-A-0271,3.0,La Paz,Urbano,0,0,1,0.3926,0.3032,0,0
263-013526-A-0301,1.0,La Paz,Urbano,0,0,1,0.4816,0.5347,0,1
263-013526-A-0331,4.0,La Paz,Urbano,0,0,1,0.7027,0.5295,1,1
263-013526-A-0361,1.0,La Paz,Urbano,0,0,1,0.5841,0.418,1,0
263-013526-A-0081,3.0,La Paz,Urbano,0,0,1,0.5535,0.4002,1,0
263-013526-A-0111,1.0,La Paz,Urbano,0,0,1,0.3544,0.3541,0,0
263-013526-A-0141,3.0,La Paz,Urbano,0,1,1,0.4157,0.4199,0,0
263-013526-A-0171,1.0,La Paz,Urbano,0,1,1,0.3521,0.3946,0,0
263-013526-A-0201,1.0,La Paz,Urbano,0,0,1,0.6596,0.5976,1,1
262-009465-A-0011,1.0,La Paz,Urbano,1,0,1,0.6079,0.7244,1,1
262-009465-A-0031,1.0,La Paz,Urbano,1,0,0,0.7759,0.7811,1,1
262-009465-A-0131,1.0,La Paz,Urbano,0,0,1,0.3732,0.3425,0,0
262-009465-A-0151,1.0,La Paz,Urbano,0,0,1,0.5039,0.4554,1,0
262-009465-A-0171,1.0,La Paz,Urbano,0,0,1,0.6333,0.6071,1,1
262-009465-A-0191,1.0,La Paz,Urbano,0,0,1,0.4814,0.3983,0,0
262-009465-A-0201,3.0,La Paz,Urbano,0,0,1,0.395,0.4065,0,0
262-009465-A-0101,5.0,La Paz,Urbano,1,0,0,0.7024,0.7111,1,1
262-009465-A-0121,1.0,La Paz,Urbano,0,0,0,0.5958,0.391,1,0
262-009465-A-0081,3.0,La Paz,Urbano,0,0,1,0.4518,0.452,0,0
262-009465-A-0061,1.0,La Paz,Urbano,0,0,1,0.5566,0.5569,1,1
262-009465-A-0051,3.0,La Paz,Urbano,0,0,1,0.3814,0.3182,0,0
263-013346-A-0011,3.0,La Paz,Urbano,1,1,1,0.4416,0.4821,0,0
263-013346-A-0021,3.0,La Paz,Urbano,1,0,1,0.4655,0.5478,0,1
263-013346-A-0101,1.0,La Paz,Urbano,0,0,1,0.6347,0.5646,1,1
263-013346-A-0111,3.0,La Paz,Urbano,0,0,1,0.4664,0.4594,0,0
263-013346-A-0121,1.0,La Paz,Urbano,0,0,1,0.4926,0.4677,0,0
263-013346-A-0131,1.0,La Paz,Urbano,0,0,0,0.4932,0.4449,0,0
263-013346-A-0091,1.0,La Paz,Urbano,0,0,1,0.8091,0.6872,1,1
263-013346-A-0031,1.0,La Paz,Urbano,0,0,0,0.546,0.4461,1,0
263-013346-A-0041,1.0,La Paz,Urbano,0,0,0,0.5167,0.4746,1,0
263-013346-A-0051,3.0,La Paz,Urbano,0,0,0,0.5001,0.4238,1,0
263-013346-A-0061,3.0,La Paz,Urbano,0,0,0,0.3967,0.3832,0,0
263-013346-A-0081,1.0,La Paz,Urbano,0,0,0,0.5848,0.4229,1,0
222-006897-A-0011,1.0,La Paz,Urbano,0,0,1,0.7894,0.5966,1,1
222-006897-A-0021,1.0,La Paz,Urbano,1,1,1,0.6358,0.7232,1,1
222-006897-A-0031,1.0,La Paz,Urbano,1,0,1,0.6403,0.7344,1,1
222-006897-A-0041,4.0,La Paz,Urbano,1,0,0,0.5034,0.4975,1,0
222-006897-A-0111,3.0,La Paz,Urbano,0,0,1,0.4536,0.4711,0,0
222-006897-A-0121,3.0,La Paz,Urbano,0,0,1,0.3776,0.3938,0,0
222-006897-A-0131,1.0,La Paz,Urbano,0,0,1,0.6493,0.6277,1,1
222-006897-A-0141,1.0,La Paz,Urbano,0,0,1,0.4909,0.2634,0,0
222-006897-A-0071,3.0,La Paz,Urbano,0,0,0,0.4758,0.3741,0,0
222-006897-A-0081,1.0,La Paz,Urbano,0,0,1,0.5481,0.4182,1,0
222-006897-A-0091,1.0,La Paz,Urbano,0,0,1,0.6669,0.4384,1,0
222-006897-A-0061,1.0,La Paz,Urbano,1,0,1,0.5767,0.5556,1,1
223-006965-A-0011,1.0,La Paz,Urbano,1,0,1,0.7152,0.8055,1,1
223-006965-A-0031,1.0,La Paz,Urbano,1,0,1,0.566,0.3903,1,0
223-006965-A-0051,1.0,La Paz,Urbano,1,0,1,0.7867,0.7037,1,1
223-006965-A-0061,1.0,La Paz,Urbano,0,0,1,0.5213,0.5127,1,1
223-006965-A-0161,1.0,La Paz,Urbano,0,0,1,0.5513,0.3495,1,0
223-006965-A-0171,2.0,La Paz,Urbano,0,0,1,0.565,0.4168,1,0
223-006965-A-0191,1.0,La Paz,Urbano,0,0,1,0.5672,0.5011,1,1
223-006965-A-0211,1.0,La Paz,Urbano,0,0,1,0.6013,0.4512,1,0
223-006965-A-0141,1.0,La Paz,Urbano,0,0,1,0.6538,0.4457,1,0
223-006965-A-0101,1.0,La Paz,Urbano,0,0,0,0.5299,0.4361,1,0
223-006965-A-0081,1.0,La Paz,Urbano,0,0,0,0.6043,0.5435,1,1
223-006965-A-0121,1.0,La Paz,Urbano,0,0,0,0.6012,0.4765,1,0
262-009305-A-0011,3.0,La Paz,Urbano,0,1,1,0.4265,0.3937,0,0
262-009305-A-0031,4.0,La Paz,Urbano,1,1,1,0.5707,0.4924,1,0
262-009305-A-0051,3.0,La Paz,Urbano,0,1,1,0.6013,0.3587,1,0
262-009305-A-0061,1.0,La Paz,Urbano,0,1,1,0.5192,0.3429,1,0
262-009305-A-0151,3.0,La Paz,Urbano,0,0,0,0.3994,0.407,0,0
262-009305-A-0171,1.0,La Paz,Urbano,0,0,1,0.5055,0.3838,1,0
262-009305-A-0191,3.0,La Paz,Urbano,0,0,1,0.6429,0.5268,1,1
262-009305-A-0201,3.0,La Paz,Urbano,0,0,1,0.5581,0.334,1,0
262-009305-A-0121,1.0,La Paz,Urbano,0,0,1,0.4691,0.441,0,0
262-009305-A-0131,1.0,La Paz,Urbano,0,0,1,0.5221,0.5554,1,1
262-009305-A-0081,1.0,La Paz,Urbano,0,0,1,0.411,0.3441,0,0
262-009305-A-0101,3.0,La Paz,Urbano,0,0,1,0.4551,0.299,0,0
262-009164-A-0011,2.0,La Paz,Urbano,0,1,1,0.65,0.4333,1,0
262-009164-A-0031,3.0,La Paz,Urbano,1,1,1,0.3753,0.4658,0,0
262-009164-A-0051,1.0,La Paz,Urbano,0,1,1,0.6836,0.4602,1,0
262-009164-A-0081,4.0,La Paz,Urbano,1,1,1,0.6236,0.5307,1,1
262-009164-A-0191,2.0,La Paz,Urbano,0,0,1,0.4379,0.4628,0,0
262-009164-A-0221,1.0,La Paz,Urbano,0,0,1,0.4914,0.3668,0,0
262-009164-A-0241,3.0,La Paz,Urbano,0,0,1,0.701,0.4807,1,0
262-009164-A-0261,1.0,La Paz,Urbano,0,0,0,0.7151,0.4804,1,0
262-009164-A-0101,1.0,La Paz,Urbano,0,0,0,0.5652,0.3841,1,0
262-009164-A-0121,1.0,La Paz,Urbano,0,0,0,0.5247,0.4991,1,0
262-009164-A-0151,3.0,La Paz,Urbano,0,0,0,0.5248,0.4527,1,0
262-009164-A-0171,1.0,La Paz,Urbano,0,0,0,0.497,0.3148,0,0
261-007325-A-0011,3.0,La Paz,Urbano,1,1,1,0.6236,0.6367,1,1
261-007325-A-0041,1.0,La Paz,Urbano,0,0,1,0.6607,0.5597,1,1
261-007325-A-0061,1.0,La Paz,Urbano,0,1,1,0.5902,0.3643,1,0
261-007325-A-0091,3.0,La Paz,Urbano,1,1,1,0.4799,0.5697,0,1
261-007325-A-0221,1.0,La Paz,Urbano,0,0,1,0.6478,0.4105,1,0
261-007325-A-0251,1.0,La Paz,Urbano,0,1,0,0.6791,0.5362,1,1
261-007325-A-0281,1.0,La Paz,Urbano,0,0,1,0.6276,0.3669,1,0
261-007325-A-0301,3.0,La Paz,Urbano,0,0,1,0.6061,0.4037,1,0
261-007325-A-0121,3.0,La Paz,Urbano,0,0,0,0.4172,0.4011,0,0
261-007325-A-0141,1.0,La Paz,Urbano,0,0,0,0.4891,0.359,0,0
261-007325-A-0171,1.0,La Paz,Urbano,0,0,0,0.6484,0.4207,1,0
261-007325-A-0201,3.0,La Paz,Urbano,0,1,1,0.8087,0.5894,1,1
263-013152-A-0011,3.0,La Paz,Urbano,0,0,1,0.6343,0.598,1,1
263-013152-A-0021,1.0,La Paz,Urbano,1,0,1,0.6681,0.7157,1,1
263-013152-A-0031,3.0,La Paz,Urbano,0,0,1,0.6856,0.548,1,1
263-013152-A-0051,1.0,La Paz,Urbano,1,0,1,0.5673,0.4782,1,0
263-013152-A-0061,3.0,La Paz,Urbano,0,1,1,0.4298,0.3289,0,0
263-013152-A-0081,1.0,La Paz,Urbano,1,0,1,0.5359,0.6839,1,1
263-013152-A-0091,1.0,La Paz,Urbano,0,0,1,0.5337,0.521,1,1
263-013152-A-0101,3.0,La Paz,Urbano,0,0,1,0.5878,0.5936,1,1
263-013152-A-0121,4.0,La Paz,Urbano,0,0,1,0.4739,0.4472,0,0
263-013152-A-0131,1.0,La Paz,Urbano,0,1,1,0.7429,0.5545,1,1
263-013152-A-0151,1.0,La Paz,Urbano,0,1,1,0.7683,0.5254,1,1
263-013152-A-0161,2.0,La Paz,Urbano,0,0,1,0.5267,0.5063,1,1
262-008837-A-0011,3.0,La Paz,Urbano,1,0,1,0.6076,0.6512,1,1
262-008837-A-0031,1.0,La Paz,Urbano,1,0,1,0.6277,0.6878,1,1
262-008837-A-0051,1.0,La Paz,Urbano,0,1,1,0.6009,0.4655,1,0
262-008837-A-0061,1.0,La Paz,Urbano,1,0,1,0.697,0.7629,1,1
262-008837-A-0081,1.0,La Paz,Urbano,0,0,1,0.5165,0.3833,1,0
262-008837-A-0101,1.0,La Paz,Urbano,0,0,1,0.8287,0.6113,1,1
262-008837-A-0121,3.0,La Paz,Urbano,1,0,1,0.5661,0.6647,1,1
262-008837-A-0141,3.0,La Paz,Urbano,0,0,1,0.5341,0.5242,1,1
262-008837-A-0161,1.0,La Paz,Urbano,0,0,1,0.7055,0.5271,1,1
262-008837-A-0171,3.0,La Paz,Urbano,0,0,1,0.4979,0.3507,0,0
262-008837-A-0191,1.0,La Paz,Urbano,0,0,1,0.7877,0.5568,1,1
262-008837-A-0211,1.0,La Paz,Urbano,0,0,1,0.699,0.4521,1,0
262-009000-A-0011,3.0,La Paz,Urbano,1,0,1,0.6144,0.6338,1,1
262-009000-A-0021,1.0,La Paz,Urbano,1,0,1,0.8433,0.8813,1,1
262-009000-A-0031,1.0,La Paz,Urbano,1,0,1,0.6394,0.6304,1,1
262-009000-A-0041,3.0,La Paz,Urbano,1,0,1,0.7253,0.7239,1,1
262-009000-A-0051,3.0,La Paz,Urbano,1,0,1,0.5167,0.6106,1,1
262-009000-A-0061,1.0,La Paz,Urbano,0,0,0,0.6386,0.5428,1,1
262-009000-A-0071,2.0,La Paz,Urbano,0,0,1,0.5103,0.4263,1,0
262-009000-A-0081,4.0,La Paz,Urbano,0,0,1,0.4464,0.4064,0,0
262-009000-A-0091,3.0,La Paz,Urbano,0,0,0,0.4706,0.4432,0,0
262-009000-A-0101,3.0,La Paz,Urbano,0,0,1,0.4796,0.3743,0,0
262-009000-A-0111,3.0,La Paz,Urbano,0,0,1,0.4843,0.5496,0,1
262-009000-A-0121,1.0,La Paz,Urbano,0,0,1,0.8658,0.737,1,1
261-007183-A-0011,3.0,La Paz,Urbano,0,0,1,0.5572,0.609,1,1
261-007183-A-0021,3.0,La Paz,Urbano,0,0,1,0.4578,0.3551,0,0
261-007183-A-0041,1.0,La Paz,Urbano,0,0,1,0.5609,0.4797,1,0
261-007183-A-0061,3.0,La Paz,Urbano,0,0,1,0.4798,0.4154,0,0
261-007183-A-0071,2.0,La Paz,Urbano,0,0,1,0.6657,0.5282,1,1
261-007183-A-0091,1.0,La Paz,Urbano,0,0,1,0.4031,0.3314,0,0
261-007183-A-0101,3.0,La Paz,Urbano,1,0,1,0.4877,0.6666,0,1
261-007183-A-0121,3.0,La Paz,Urbano,0,0,1,0.5197,0.5206,1,1
261-007183-A-0131,3.0,La Paz,Urbano,0,0,1,0.6669,0.3728,1,0
261-007183-A-0151,1.0,La Paz,Urbano,0,0,1,0.7314,0.4044,1,0
261-007183-A-0171,5.0,La Paz,Urbano,0,0,1,0.5068,0.6547,1,1
261-007183-A-0181,1.0,La Paz,Urbano,0,0,0,0.5497,0.4642,1,0
262-008674-A-0011,1.0,La Paz,Urbano,1,0,1,0.6713,0.6286,1,1
262-008674-A-0031,3.0,La Paz,Urbano,0,0,1,0.671,0.6321,1,1
262-008674-A-0051,3.0,La Paz,Urbano,1,0,1,0.738,0.6086,1,1
262-008674-A-0061,1.0,La Paz,Urbano,0,0,1,0.6822,0.5987,1,1
262-008674-A-0081,1.0,La Paz,Urbano,1,0,1,0.7725,0.759,1,1
262-008674-A-0101,1.0,La Paz,Urbano,0,0,1,0.4686,0.4,0,0
262-008674-A-0121,3.0,La Paz,Urbano,1,0,1,0.6066,0.5985,1,1
262-008674-A-0141,1.0,La Paz,Urbano,0,0,0,0.4797,0.3779,0,0
262-008674-A-0211,3.0,La Paz,Urbano,0,0,0,0.5641,0.5267,1,1
262-008674-A-0191,1.0,La Paz,Urbano,0,0,1,0.6329,0.4319,1,0
262-008674-A-0161,1.0,La Paz,Urbano,0,0,0,0.606,0.3117,1,0
262-008674-A-0171,1.0,La Paz,Urbano,0,0,1,0.4587,0.3852,0,0
261-007038-A-0071,1.0,La Paz,Urbano,0,0,1,0.5326,0.4345,1,0
261-007038-A-0011,1.0,La Paz,Urbano,1,0,1,0.6482,0.6999,1,1
261-007038-A-0041,1.0,La Paz,Urbano,0,0,0,0.66,0.4336,1,0
261-007038-A-0101,3.0,La Paz,Urbano,1,0,0,0.5507,0.5147,1,1
261-007038-A-0131,2.0,La Paz,Urbano,1,0,1,0.7209,0.7016,1,1
261-007038-A-0161,1.0,La Paz,Urbano,0,0,0,0.4839,0.3438,0,0
261-007038-A-0191,1.0,La Paz,Urbano,1,0,0,0.631,0.6583,1,1
261-007038-A-0221,1.0,La Paz,Urbano,0,0,0,0.4074,0.4008,0,0
261-007038-A-0251,1.0,La Paz,Urbano,1,0,1,0.7285,0.7397,1,1
261-007038-A-0281,1.0,La Paz,Urbano,0,0,0,0.7394,0.472,1,0
261-007038-A-0311,1.0,La Paz,Urbano,0,0,1,0.5555,0.4449,1,0
261-007038-A-0341,1.0,La Paz,Urbano,1,1,0,0.713,0.6439,1,1
222-006863-A-0021,1.0,La Paz,Urbano,0,1,0,0.6282,0.3957,1,0
222-006863-A-0101,1.0,La Paz,Urbano,0,0,1,0.7658,0.536,1,1
222-006863-A-0141,6.0,La Paz,Urbano,1,0,1,0.6388,0.7254,1,1
222-006863-A-0181,1.0,La Paz,Urbano,1,0,1,0.8095,0.8213,1,1
222-006863-A-0221,3.0,La Paz,Urbano,0,0,0,0.4125,0.4533,0,0
222-006863-A-0261,3.0,La Paz,Urbano,0,0,0,0.5477,0.3222,1,0
222-006863-A-0301,1.0,La Paz,Urbano,0,0,0,0.5443,0.4647,1,0
222-006863-A-0341,1.0,La Paz,Urbano,0,0,0,0.7692,0.4997,1,0
222-006863-A-0381,1.0,La Paz,Urbano,0,0,1,0.6826,0.4993,1,0
222-006863-A-0421,1.0,La Paz,Urbano,0,0,1,0.8029,0.71,1,1
222-006863-A-0461,1.0,La Paz,Urbano,0,0,1,0.7095,0.4762,1,0
221-006775-A-0041,2.0,La Paz,Urbano,0,0,0,0.4265,0.2763,0,0
221-006775-A-0031,3.0,La Paz,Urbano,1,0,1,0.7417,0.7475,1,1
221-006775-A-0021,4.0,La Paz,Urbano,1,1,1,0.3892,0.3361,0,0
221-006775-A-0011,1.0,La Paz,Urbano,0,1,1,0.6968,0.3994,1,0
221-006775-A-0061,1.0,La Paz,Urbano,1,0,0,0.8027,0.626,1,1
221-006775-A-0091,1.0,La Paz,Urbano,1,0,0,0.7298,0.4064,1,0
221-006775-A-0071,1.0,La Paz,Urbano,0,0,1,0.9126,0.6832,1,1
221-006775-A-0111,3.0,La Paz,Urbano,0,1,1,0.7367,0.4233,1,0
221-006775-A-0141,3.0,La Paz,Urbano,1,1,0,0.4865,0.5781,0,1
221-006775-A-0131,4.0,La Paz,Urbano,0,0,1,0.6088,0.3694,1,0
221-006775-A-0121,1.0,La Paz,Urbano,0,1,1,0.6659,0.4208,1,0
262-010313-A-0211,1.0,La Paz,Urbano,0,0,1,0.4627,0.447,0,0
262-010313-A-0261,1.0,La Paz,Urbano,1,0,1,0.6658,0.6607,1,1
262-010313-A-0241,1.0,La Paz,Urbano,1,0,1,0.7491,0.607,1,1
262-010313-A-0091,2.0,La Paz,Urbano,0,0,1,0.7717,0.5735,1,1
262-010313-A-0041,3.0,La Paz,Urbano,0,0,1,0.5808,0.5061,1,1
262-010313-A-0061,1.0,La Paz,Urbano,0,0,1,0.656,0.5188,1,1
262-010313-A-0291,2.0,La Paz,Urbano,0,0,1,0.7944,0.6107,1,1
262-010313-A-0011,1.0,La Paz,Urbano,0,0,1,0.631,0.5164,1,1
262-010313-A-0191,1.0,La Paz,Urbano,1,0,0,0.7446,0.7646,1,1
262-010313-A-0141,1.0,La Paz,Urbano,0,1,1,0.6815,0.5176,1,1
262-010313-A-0161,1.0,La Paz,Urbano,0,0,1,0.5794,0.5466,1,1
262-010313-A-0111,1.0,La Paz,Urbano,0,0,1,0.5845,0.4996,1,0
262-010856-A-0031,1.0,La Paz,Urbano,0,0,1,0.4445,0.5183,0,1
262-010856-A-0011,1.0,La Paz,Urbano,0,0,1,0.4842,0.3204,0,0
262-010856-A-0041,4.0,La Paz,Urbano,0,0,1,0.4794,0.4758,0,0
262-010856-A-0061,4.0,La Paz,Urbano,0,0,1,0.4669,0.3813,0,0
262-010856-A-0141,3.0,La Paz,Urbano,0,0,1,0.4156,0.566,0,1
262-010856-A-0161,1.0,La Paz,Urbano,0,0,1,0.4503,0.342,0,0
262-010856-A-0181,2.0,La Paz,Urbano,0,0,1,0.5701,0.5773,1,1
262-010856-A-0191,1.0,La Paz,Urbano,1,0,0,0.6748,0.6518,1,1
262-010856-A-0091,4.0,La Paz,Urbano,0,0,1,0.425,0.3479,0,0
262-010856-A-0111,1.0,La Paz,Urbano,0,0,1,0.698,0.6725,1,1
262-010856-A-0131,2.0,La Paz,Urbano,0,0,1,0.5447,0.4481,1,0
263-015803-A-0011,1.0,La Paz,Urbano,0,0,1,0.5727,0.4714,1,0
263-015803-A-0031,1.0,La Paz,Urbano,0,0,1,0.5037,0.4744,1,0
263-015803-A-0051,4.0,La Paz,Urbano,0,0,1,0.4633,0.3581,0,0
263-015803-A-0071,4.0,La Paz,Urbano,0,0,1,0.4727,0.3312,0,0
263-015803-A-0171,4.0,La Paz,Urbano,0,0,1,0.5064,0.4179,1,0
263-015803-A-0191,3.0,La Paz,Urbano,0,0,1,0.4506,0.5379,0,1
263-015803-A-0211,1.0,La Paz,Urbano,1,0,1,0.6735,0.6292,1,1
263-015803-A-0231,1.0,La Paz,Urbano,1,0,1,0.4833,0.5687,0,1
263-015803-A-0151,3.0,La Paz,Urbano,0,1,1,0.4138,0.3036,0,0
263-015803-A-0111,3.0,La Paz,Urbano,0,0,0,0.4199,0.4382,0,0
263-015803-A-0091,5.0,La Paz,Urbano,1,1,1,0.6766,0.6586,1,1
263-015803-A-0131,2.0,La Paz,Urbano,0,0,0,0.4511,0.3541,0,0
261-007698-A-0171,3.0,La Paz,Urbano,0,0,1,0.6616,0.4465,1,0
261-007698-A-0031,1.0,La Paz,Urbano,0,0,0,0.688,0.5865,1,1
261-007698-A-0051,1.0,La Paz,Urbano,0,0,0,0.6424,0.4691,1,0
261-007698-A-0141,5.0,La Paz,Urbano,0,0,1,0.4459,0.445,0,0
261-007698-A-0211,1.0,La Paz,Urbano,0,0,1,0.4696,0.3742,0,0
261-007698-A-0231,1.0,La Paz,Urbano,0,0,0,0.7212,0.6455,1,1
261-007698-A-0261,1.0,La Paz,Urbano,1,0,1,0.7349,0.7589,1,1
261-007698-A-0101,1.0,La Paz,Urbano,0,1,1,0.5403,0.5258,1,1
261-007698-A-0121,3.0,La Paz,Urbano,0,0,1,0.6721,0.5843,1,1
261-007698-A-0081,1.0,La Paz,Urbano,0,0,1,0.5795,0.5431,1,1
261-007698-A-0011,5.0,La Paz,Urbano,0,1,1,0.4582,0.3812,0,0
261-007698-A-0191,1.0,La Paz,Urbano,0,0,1,0.5116,0.5048,1,1
263-015656-A-0011,1.0,La Paz,Urbano,0,0,0,0.435,0.4343,0,0
263-015656-A-0031,1.0,La Paz,Urbano,0,0,1,0.4626,0.4073,0,0
263-015656-A-0141,1.0,La Paz,Urbano,0,1,1,0.3911,0.3243,0,0
263-015656-A-0121,1.0,La Paz,Urbano,0,1,1,0.4839,0.583,0,1
263-015656-A-0091,3.0,La Paz,Urbano,1,0,1,0.4376,0.5285,0,1
263-015656-A-0161,2.0,La Paz,Urbano,0,0,1,0.3981,0.485,0,0
263-015656-A-0221,1.0,La Paz,Urbano,0,0,1,0.6861,0.6024,1,1
263-015656-A-0251,2.0,La Paz,Urbano,0,0,1,0.5153,0.3967,1,0
263-015656-A-0071,1.0,La Paz,Urbano,0,0,0,0.4233,0.3514,0,0
263-015656-A-0181,1.0,La Paz,Urbano,1,0,0,0.6862,0.5339,1,1
263-015656-A-0201,1.0,La Paz,Urbano,0,0,1,0.5807,0.5392,1,1
263-014704-A-0241,1.0,La Paz,Urbano,0,0,1,0.6045,0.4465,1,0
263-014704-A-0321,3.0,La Paz,Urbano,0,0,1,0.5102,0.3251,1,0
263-014704-A-0291,1.0,La Paz,Urbano,0,1,1,0.4606,0.3923,0,0
263-014704-A-0271,1.0,La Paz,Urbano,1,0,1,0.634,0.726,1,1
263-014704-A-0021,1.0,La Paz,Urbano,1,0,1,0.6084,0.5329,1,1
263-014704-A-0051,2.0,La Paz,Urbano,0,0,1,0.8118,0.6899,1,1
263-014704-A-0101,2.0,La Paz,Urbano,1,0,1,0.6951,0.6804,1,1
263-014704-A-0211,1.0,La Paz,Urbano,1,0,1,0.6251,0.5888,1,1
263-014704-A-0131,2.0,La Paz,Urbano,1,1,1,0.5212,0.3711,1,0
263-014704-A-0161,3.0,La Paz,Urbano,0,0,0,0.4753,0.561,0,1
263-014704-A-0181,3.0,La Paz,Urbano,0,1,1,0.5073,0.5455,1,1
263-014456-A-0141,2.0,La Paz,Urbano,0,0,0,0.5051,0.3753,1,0
263-014456-A-0161,1.0,La Paz,Urbano,0,0,1,0.5008,0.5518,1,1
263-014456-A-0181,2.0,La Paz,Urbano,0,0,0,0.5621,0.4819,1,0
263-014456-A-0191,3.0,La Paz,Urbano,0,0,1,0.4603,0.4333,0,0
263-014456-A-0011,1.0,La Paz,Urbano,0,0,1,0.5988,0.4613,1,0
263-014456-A-0031,3.0,La Paz,Urbano,0,0,1,0.539,0.5227,1,1
263-014456-A-0041,3.0,La Paz,Urbano,0,0,1,0.4931,0.5302,0,1
263-014456-A-0061,3.0,La Paz,Urbano,0,0,1,0.5436,0.3688,1,0
263-014456-A-0091,4.0,La Paz,Urbano,0,0,1,0.5204,0.3389,1,0
263-014456-A-0111,1.0,La Paz,Urbano,0,0,1,0.4374,0.3763,0,0
263-014456-A-0131,4.0,La Paz,Urbano,0,0,1,0.4675,0.4611,0,0
263-014456-A-0081,1.0,La Paz,Urbano,0,0,0,0.4583,0.4499,0,0
263-014332-A-0291,4.0,La Paz,Urbano,0,0,1,0.5597,0.4162,1,0
263-014332-A-0261,3.0,La Paz,Urbano,0,0,1,0.3747,0.3199,0,0
263-014332-A-0231,4.0,La Paz,Urbano,0,0,1,0.5333,0.5078,1,1
263-014332-A-0321,2.0,La Paz,Urbano,0,0,1,0.6584,0.4833,1,0
263-014332-A-0011,1.0,La Paz,Urbano,0,0,1,0.5131,0.4797,1,0
263-014332-A-0031,1.0,La Paz,Urbano,0,0,1,0.7765,0.6129,1,1
263-014332-A-0061,1.0,La Paz,Urbano,1,0,0,0.4851,0.4569,0,0
263-014332-A-0121,1.0,La Paz,Urbano,0,0,1,0.6645,0.4293,1,0
263-014332-A-0151,1.0,La Paz,Urbano,0,0,0,0.7518,0.6462,1,1
263-014332-A-0181,1.0,La Paz,Urbano,0,0,1,0.457,0.3785,0,0
263-014332-A-0201,4.0,La Paz,Urbano,0,0,0,0.463,0.358,0,0
263-016881-A-0031,1.0,La Paz,Urbano,0,0,1,0.6915,0.6008,1,1
263-016881-A-0021,1.0,La Paz,Urbano,0,1,1,0.7181,0.3892,1,0
263-016881-A-0051,2.0,La Paz,Urbano,0,0,0,0.4503,0.4139,0,0
263-016881-A-0011,2.0,La Paz,Urbano,0,0,1,0.6161,0.4427,1,0
263-016881-A-0071,1.0,La Paz,Urbano,1,0,1,0.4176,0.5865,0,1
263-016881-A-0091,1.0,La Paz,Urbano,1,0,0,0.551,0.4275,1,0
263-016881-A-0111,3.0,La Paz,Urbano,0,0,0,0.4816,0.3712,0,0
263-016881-A-0131,3.0,La Paz,Urbano,0,1,0,0.5047,0.5533,1,1
263-016881-A-0141,3.0,La Paz,Urbano,0,0,0,0.5339,0.3953,1,0
263-016881-A-0151,2.0,La Paz,Urbano,0,0,0,0.4947,0.439,0,0
263-017023-A-0021,1.0,La Paz,Urbano,1,0,1,0.8723,0.7892,1,1
263-017023-A-0011,2.0,La Paz,Urbano,0,0,0,0.7813,0.639,1,1
263-017023-A-0051,1.0,La Paz,Urbano,0,0,1,0.5469,0.4038,1,0
263-017023-A-0031,1.0,La Paz,Urbano,0,0,0,0.7904,0.5755,1,1
263-017023-A-0091,1.0,La Paz,Urbano,0,0,1,0.6085,0.5467,1,1
263-017023-A-0131,3.0,La Paz,Urbano,0,0,0,0.5185,0.5312,1,1
263-017023-A-0151,2.0,La Paz,Urbano,1,0,0,0.5069,0.4827,1,0
263-017023-A-0161,1.0,La Paz,Urbano,0,0,0,0.4439,0.5271,0,1
262-011889-A-0011,4.0,La Paz,Urbano,0,0,1,0.5159,0.1844,1,0
262-011889-A-0051,1.0,La Paz,Urbano,0,0,0,0.7154,0.5695,1,1
262-011889-A-0071,3.0,La Paz,Urbano,0,0,1,0.6153,0.419,1,0
262-011889-A-0091,2.0,La Paz,Urbano,1,0,1,0.5372,0.4214,1,0
262-011889-A-0111,2.0,La Paz,Urbano,0,0,0,0.4384,0.4817,0,0
262-011889-A-0131,3.0,La Paz,Urbano,0,0,0,0.5352,0.5271,1,1
262-011889-A-0141,1.0,La Paz,Urbano,0,0,0,0.5585,0.4194,1,0
262-011889-A-0151,1.0,La Paz,Urbano,0,0,0,0.68,0.6579,1,1
262-011760-A-0011,1.0,La Paz,Urbano,0,0,1,0.5569,0.4259,1,0
262-011760-A-0031,1.0,La Paz,Urbano,0,0,1,0.7119,0.4561,1,0
262-011760-A-0021,2.0,La Paz,Urbano,1,0,0,0.6217,0.7126,1,1
262-011760-A-0041,1.0,La Paz,Urbano,0,0,1,0.5426,0.2954,1,0
262-011760-A-0051,3.0,La Paz,Urbano,0,1,1,0.5596,0.3755,1,0
262-011760-A-0091,4.0,La Paz,Urbano,0,0,1,0.6693,0.3283,1,0
262-011760-A-0101,3.0,La Paz,Urbano,0,0,1,0.4479,0.5348,0,1
262-011760-A-0111,4.0,La Paz,Urbano,0,0,1,0.4142,0.378,0,0
262-011760-A-0121,1.0,La Paz,Urbano,0,0,1,0.4512,0.3866,0,0
262-011760-A-0131,3.0,La Paz,Urbano,0,0,1,0.5031,0.5659,1,1
262-011636-A-0011,3.0,La Paz,Urbano,0,0,1,0.6841,0.4102,1,0
262-011636-A-0021,2.0,La Paz,Urbano,0,1,1,0.3912,0.3543,0,0
262-011636-A-0031,3.0,La Paz,Urbano,0,1,1,0.4747,0.363,0,0
262-011636-A-0041,1.0,La Paz,Urbano,0,1,1,0.5453,0.4895,1,0
262-011636-A-0051,2.0,La Paz,Urbano,0,1,0,0.4235,0.3667,0,0
262-011636-A-0081,1.0,La Paz,Urbano,0,0,1,0.4176,0.467,0,0
262-011636-A-0091,3.0,La Paz,Urbano,0,0,1,0.4547,0.4697,0,0
262-011636-A-0101,1.0,La Paz,Urbano,0,0,1,0.4644,0.3709,0,0
262-011636-A-0111,3.0,La Paz,Urbano,0,0,1,0.4422,0.4857,0,0
262-011636-A-0121,4.0,La Paz,Urbano,0,0,1,0.4558,0.5909,0,1
262-011636-A-0131,3.0,La Paz,Urbano,1,0,0,0.6793,0.6915,1,1
262-011388-A-0011,1.0,La Paz,Urbano,0,0,0,0.6359,0.3865,1,0
262-011388-A-0051,1.0,La Paz,Urbano,0,0,0,0.7686,0.5886,1,1
262-011388-A-0041,3.0,La Paz,Urbano,1,1,1,0.6456,0.4622,1,0
262-011388-A-0071,2.0,La Paz,Urbano,1,1,0,0.5691,0.4413,1,0
262-011388-A-0101,2.0,La Paz,Urbano,0,0,0,0.6977,0.5655,1,1
262-011388-A-0111,1.0,La Paz,Urbano,1,0,1,0.7096,0.7431,1,1
262-011388-A-0131,3.0,La Paz,Urbano,0,0,0,0.5472,0.3342,1,0
262-011388-A-0141,1.0,La Paz,Urbano,0,1,1,0.4,0.3618,0,0
262-011388-A-0161,1.0,La Paz,Urbano,1,0,1,0.4252,0.5271,0,1
262-011388-A-0171,4.0,La Paz,Urbano,0,0,1,0.5535,0.4218,1,0
261-007767-A-0011,4.0,La Paz,Urbano,0,0,0,0.4899,0.5198,0,1
261-007767-A-0021,4.0,La Paz,Urbano,0,0,1,0.672,0.4938,1,0
261-007767-A-0051,4.0,La Paz,Urbano,0,0,0,0.5732,0.4018,1,0
261-007767-A-0031,4.0,La Paz,Urbano,0,0,1,0.7485,0.5666,1,1
261-007767-A-0061,4.0,La Paz,Urbano,0,0,1,0.606,0.465,1,0
261-007767-A-0091,1.0,La Paz,Urbano,1,1,1,0.7057,0.6955,1,1
261-007767-A-0101,1.0,La Paz,Urbano,0,1,0,0.5696,0.3871,1,0
261-007767-A-0121,3.0,La Paz,Urbano,0,1,1,0.4941,0.3334,0,0
261-007767-A-0131,1.0,La Paz,Urbano,1,0,1,0.5719,0.739,1,1
261-007767-A-0151,1.0,La Paz,Urbano,1,0,1,0.3941,0.3484,0,0
261-007767-A-0161,1.0,La Paz,Urbano,0,1,1,0.4237,0.3947,0,0
262-011266-A-0011,1.0,La Paz,Urbano,0,0,0,0.6289,0.4947,1,0
262-011266-A-0021,1.0,La Paz,Urbano,0,1,1,0.7564,0.6306,1,1
262-011266-A-0041,3.0,La Paz,Urbano,0,0,0,0.4939,0.2558,0,0
262-011266-A-0061,3.0,La Paz,Urbano,0,0,1,0.4549,0.4155,0,0
262-011266-A-0071,1.0,La Paz,Urbano,1,0,0,0.5201,0.6839,1,1
262-011266-A-0091,1.0,La Paz,Urbano,0,0,1,0.6455,0.5474,1,1
262-011266-A-0101,2.0,La Paz,Urbano,1,0,1,0.7836,0.7209,1,1
262-011266-A-0131,3.0,La Paz,Urbano,0,0,0,0.4142,0.2797,0,0
262-011266-A-0151,3.0,La Paz,Urbano,0,0,0,0.4745,0.4437,0,0
262-011266-A-0171,3.0,La Paz,Urbano,0,1,0,0.3654,0.2794,0,0
262-011266-A-0181,2.0,La Paz,Urbano,0,0,0,0.4367,0.3598,0,0
264-017939-A-0011,1.0,La Paz,Urbano,0,0,0,0.5824,0.5769,1,1
264-017939-A-0051,1.0,La Paz,Urbano,0,1,1,0.6517,0.5216,1,1
264-017939-A-0071,3.0,La Paz,Urbano,0,0,1,0.5678,0.6011,1,1
264-017939-A-0072,1.0,La Paz,Urbano,0,0,0,0.4649,0.3801,0,0
264-017939-A-0151,1.0,La Paz,Urbano,0,0,1,0.5276,0.5236,1,1
264-017939-A-0091,1.0,La Paz,Urbano,0,0,1,0.6307,0.5345,1,1
264-017939-A-0131,1.0,La Paz,Urbano,1,1,1,0.5399,0.5235,1,1
264-017939-A-0111,3.0,La Paz,Urbano,0,0,1,0.4158,0.3975,0,0
264-017939-A-0171,1.0,La Paz,Urbano,0,0,1,0.4567,0.3621,0,0
264-017939-A-0191,1.0,La Paz,Urbano,0,0,1,0.5253,0.4466,1,0
264-017939-A-0211,4.0,La Paz,Urbano,0,1,0,0.4985,0.4169,0,0
264-017939-A-0231,1.0,La Paz,Urbano,0,0,1,0.3653,0.324,0,0
261-008563-A-0091,2.0,La Paz,Urbano,0,0,0,0.5958,0.5418,1,1
261-008563-A-0111,1.0,La Paz,Urbano,0,0,1,0.8048,0.6772,1,1
261-008563-A-0131,3.0,La Paz,Urbano,0,0,1,0.6896,0.4178,1,0
261-008563-A-0151,1.0,La Paz,Urbano,0,0,1,0.7906,0.7051,1,1
261-008563-A-0071,3.0,La Paz,Urbano,1,0,1,0.5909,0.5556,1,1
261-008563-A-0031,3.0,La Paz,Urbano,1,0,1,0.6388,0.4404,1,0
261-008563-A-0051,1.0,La Paz,Urbano,0,0,1,0.6676,0.5677,1,1
261-008563-A-0011,1.0,La Paz,Urbano,0,0,1,0.4652,0.3811,0,0
261-008563-A-0171,3.0,La Paz,Urbano,0,0,1,0.5203,0.4767,1,0
261-008563-A-0191,3.0,La Paz,Urbano,0,0,1,0.5883,0.5878,1,1
261-008563-A-0211,2.0,La Paz,Urbano,0,0,0,0.5444,0.486,1,0
261-008563-A-0231,3.0,La Paz,Urbano,0,0,1,0.5559,0.5542,1,1
261-008434-A-0071,1.0,La Paz,Urbano,1,0,1,0.6247,0.6048,1,1
261-008434-A-0091,3.0,La Paz,Urbano,0,0,1,0.5551,0.3236,1,0
261-008434-A-0121,5.0,La Paz,Urbano,0,0,1,0.5126,0.4371,1,0
261-008434-A-0181,1.0,La Paz,Urbano,0,1,1,0.7809,0.5915,1,1
261-008434-A-0151,1.0,La Paz,Urbano,0,0,1,0.7121,0.6116,1,1
261-008434-A-0171,1.0,La Paz,Urbano,0,0,1,0.5266,0.4072,1,0
261-008434-A-0131,1.0,La Paz,Urbano,0,0,1,0.5755,0.573,1,1
261-008434-A-0011,1.0,La Paz,Urbano,0,0,1,0.6843,0.58,1,1
261-008434-A-0021,3.0,La Paz,Urbano,0,0,1,0.6311,0.4422,1,0
261-008434-A-0041,1.0,La Paz,Urbano,1,0,1,0.7532,0.8316,1,1
261-008434-A-0061,3.0,La Paz,Urbano,0,0,1,0.5282,0.4179,1,0
262-012904-A-0011,1.0,La Paz,Urbano,0,0,1,0.5803,0.4425,1,0
262-012904-A-0021,2.0,La Paz,Urbano,0,0,1,0.6384,0.5199,1,1
262-012904-A-0031,1.0,La Paz,Urbano,0,0,1,0.6378,0.405,1,0
262-012904-A-0051,3.0,La Paz,Urbano,0,0,1,0.5434,0.4998,1,0
262-012904-A-0151,1.0,La Paz,Urbano,1,0,0,0.4896,0.5695,0,1
262-012904-A-0131,1.0,La Paz,Urbano,0,0,1,0.5135,0.5007,1,1
262-012904-A-0161,1.0,La Paz,Urbano,0,0,1,0.6309,0.4836,1,0
262-012904-A-0121,1.0,La Paz,Urbano,0,0,1,0.5678,0.4598,1,0
262-012904-A-0061,2.0,La Paz,Urbano,0,0,1,0.7046,0.5753,1,1
262-012904-A-0081,2.0,La Paz,Urbano,0,0,1,0.6732,0.4587,1,0
262-012904-A-0091,1.0,La Paz,Urbano,0,0,1,0.6436,0.4383,1,0
262-012904-A-0101,3.0,La Paz,Urbano,0,0,1,0.6279,0.6836,1,1
262-012586-A-0011,1.0,La Paz,Urbano,0,0,1,0.7436,0.5197,1,1
262-012586-A-0051,1.0,La Paz,Urbano,0,0,1,0.5399,0.4274,1,0
262-012586-A-0061,4.0,La Paz,Urbano,0,0,1,0.4857,0.5976,0,1
262-012586-A-0031,2.0,La Paz,Urbano,0,0,1,0.6633,0.4894,1,0
262-012586-A-0081,1.0,La Paz,Urbano,0,0,1,0.7028,0.642,1,1
262-012586-A-0101,1.0,La Paz,Urbano,0,0,1,0.5335,0.3794,1,0
262-012586-A-0141,1.0,La Paz,Urbano,1,0,1,0.6633,0.7359,1,1
262-012586-A-0121,3.0,La Paz,Urbano,0,0,1,0.5651,0.4911,1,0
262-012586-A-0161,1.0,La Paz,Urbano,0,0,1,0.5596,0.4895,1,0
262-012586-A-0171,3.0,La Paz,Urbano,0,0,1,0.6192,0.589,1,1
262-012586-A-0211,3.0,La Paz,Urbano,0,0,1,0.5923,0.3878,1,0
261-008150-A-0041,3.0,La Paz,Urbano,0,0,1,0.5859,0.4123,1,0
261-008150-A-0101,1.0,La Paz,Urbano,0,0,1,0.7273,0.6611,1,1
261-008150-A-0221,1.0,La Paz,Urbano,0,0,1,0.7472,0.5639,1,1
261-008150-A-0251,3.0,La Paz,Urbano,0,0,1,0.4073,0.2958,0,0
261-008150-A-0301,4.0,La Paz,Urbano,0,0,1,0.5101,0.5747,1,1
261-008150-A-0281,2.0,La Paz,Urbano,0,0,0,0.5432,0.4488,1,0
261-008150-A-0121,1.0,La Paz,Urbano,0,0,1,0.6333,0.5614,1,1
261-008150-A-0151,1.0,La Paz,Urbano,0,0,1,0.6528,0.5821,1,1
261-008150-A-0171,3.0,La Paz,Urbano,0,0,1,0.4777,0.4806,0,0
261-008150-A-0201,3.0,La Paz,Urbano,0,0,1,0.5308,0.4586,1,0
261-007894-A-0101,1.0,La Paz,Urbano,0,0,0,0.6704,0.5038,1,1
261-007894-A-0131,2.0,La Paz,Urbano,0,0,1,0.58,0.536,1,1
261-007894-A-0151,3.0,La Paz,Urbano,0,0,1,0.5483,0.5076,1,1
261-007894-A-0181,2.0,La Paz,Urbano,0,0,1,0.5143,0.3192,1,0
261-007894-A-0201,3.0,La Paz,Urbano,1,0,1,0.5925,0.6319,1,1
261-007894-A-0271,1.0,La Paz,Urbano,1,0,1,0.6791,0.7325,1,1
261-007894-A-0251,1.0,La Paz,Urbano,1,0,1,0.6971,0.7577,1,1
261-007894-A-0231,5.0,La Paz,Urbano,0,1,1,0.4123,0.3521,0,0
261-007894-A-0011,1.0,La Paz,Urbano,0,0,1,0.5916,0.3844,1,0
261-007894-A-0031,1.0,La Paz,Urbano,0,0,1,0.5193,0.345,1,0
261-007894-A-0061,3.0,La Paz,Urbano,0,0,1,0.4629,0.4554,0,0
261-007894-A-0081,3.0,La Paz,Urbano,0,0,1,0.4844,0.539,0,1
262-012293-A-0131,1.0,La Paz,Urbano,0,0,1,0.7702,0.6267,1,1
262-012293-A-0181,3.0,La Paz,Urbano,0,0,1,0.4484,0.4457,0,0
262-012293-A-0101,1.0,La Paz,Urbano,0,0,1,0.8325,0.6414,1,1
262-012293-A-0271,1.0,La Paz,Urbano,0,0,1,0.5778,0.3723,1,0
262-012293-A-0251,3.0,La Paz,Urbano,0,0,1,0.5352,0.5118,1,1
262-012293-A-0231,1.0,La Paz,Urbano,0,0,1,0.6574,0.5002,1,1
262-012293-A-0201,1.0,La Paz,Urbano,1,0,1,0.6803,0.5115,1,1
262-012293-A-0011,1.0,La Paz,Urbano,0,0,1,0.5605,0.5323,1,1
262-012293-A-0031,4.0,La Paz,Urbano,1,1,1,0.6274,0.6082,1,1
262-012293-A-0061,1.0,La Paz,Urbano,0,0,1,0.6376,0.499,1,0
262-012293-A-0081,1.0,La Paz,Urbano,0,0,1,0.554,0.4432,1,0
261-008021-A-0111,3.0,La Paz,Urbano,0,0,1,0.599,0.4988,1,0
261-008021-A-0081,2.0,La Paz,Urbano,1,1,1,0.6174,0.6344,1,1
261-008021-A-0281,1.0,La Paz,Urbano,0,0,1,0.642,0.4243,1,0
261-008021-A-0311,1.0,La Paz,Urbano,1,0,1,0.6671,0.5948,1,1
261-008021-A-0351,3.0,La Paz,Urbano,0,0,1,0.6477,0.4296,1,0
261-008021-A-0381,2.0,La Paz,Urbano,0,1,1,0.6632,0.4444,1,0
261-008021-A-0051,1.0,La Paz,Urbano,0,0,1,0.3915,0.2591,0,0
261-008021-A-0151,4.0,La Paz,Urbano,0,0,1,0.5589,0.4096,1,0
261-008021-A-0181,3.0,La Paz,Urbano,1,0,1,0.6288,0.6962,1,1
261-008021-A-0211,1.0,La Paz,Urbano,0,0,1,0.7204,0.5708,1,1
261-008021-A-0251,4.0,La Paz,Urbano,0,0,1,0.5287,0.3778,1,0
261-008291-A-0191,1.0,La Paz,Urbano,0,0,1,0.6405,0.478,1,0
261-008291-A-0241,1.0,La Paz,Urbano,1,0,1,0.7738,0.7081,1,1
261-008291-A-0221,2.0,La Paz,Urbano,0,0,0,0.6933,0.4314,1,0
261-008291-A-0261,1.0,La Paz,Urbano,1,0,1,0.769,0.7128,1,1
261-008291-A-0151,1.0,La Paz,Urbano,1,0,1,0.6407,0.6604,1,1
261-008291-A-0171,4.0,La Paz,Urbano,0,0,0,0.5189,0.5209,1,1
261-008291-A-0101,1.0,La Paz,Urbano,1,0,1,0.7165,0.7943,1,1
261-008291-A-0121,1.0,La Paz,Urbano,0,0,1,0.6357,0.5832,1,1
261-008291-A-0031,1.0,La Paz,Urbano,0,0,1,0.5883,0.3479,1,0
261-008291-A-0011,1.0,La Paz,Urbano,0,1,1,0.7423,0.5945,1,1
261-008291-A-0081,1.0,La Paz,Urbano,0,0,1,0.584,0.4805,1,0
261-008291-A-0051,1.0,La Paz,Urbano,0,0,1,0.838,0.7875,1,1
222-018992-A-0011,1.0,La Paz,Urbano,0,1,1,0.4844,0.4395,0,0
222-018992-A-0031,1.0,La Paz,Urbano,0,1,1,0.4223,0.4059,0,0
222-018992-A-0051,7.0,La Paz,Urbano,1,1,1,0.7776,0.6689,1,1
222-018992-A-0071,1.0,La Paz,Urbano,1,1,1,0.6877,0.5162,1,1
222-018992-A-0091,1.0,La Paz,Urbano,0,0,1,0.6372,0.3935,1,0
222-018992-A-0111,1.0,La Paz,Urbano,1,0,1,0.8849,0.7916,1,1
222-018992-A-0131,1.0,La Paz,Urbano,1,1,1,0.7715,0.7357,1,1
222-018992-A-0151,3.0,La Paz,Urbano,0,1,1,0.6005,0.2916,1,0
222-018992-A-0171,4.0,La Paz,Urbano,0,0,1,0.5231,0.4416,1,0
222-018992-A-0211,1.0,La Paz,Urbano,0,1,1,0.7215,0.5007,1,1
222-018992-A-0231,1.0,La Paz,Urbano,0,0,1,0.7975,0.5333,1,1
222-018992-A-0191,1.0,La Paz,Urbano,1,1,1,0.6906,0.6535,1,1
223-019207-A-0011,3.0,La Paz,Urbano,0,1,1,0.4936,0.3737,0,0
223-019207-A-0031,1.0,La Paz,Urbano,0,1,1,0.5609,0.4147,1,0
223-019207-A-0051,1.0,La Paz,Urbano,0,0,0,0.4684,0.3427,0,0
223-019207-A-0061,1.0,La Paz,Urbano,0,0,0,0.445,0.3875,0,0
223-019207-A-0081,3.0,La Paz,Urbano,0,0,1,0.589,0.349,1,0
223-019207-A-0101,4.0,La Paz,Urbano,0,0,1,0.5634,0.361,1,0
223-019207-A-0121,1.0,La Paz,Urbano,0,0,0,0.5957,0.4702,1,0
223-019207-A-0131,3.0,La Paz,Urbano,0,0,1,0.5811,0.4509,1,0
223-019207-A-0151,1.0,La Paz,Urbano,0,0,1,0.4581,0.3229,0,0
223-019207-A-0191,3.0,La Paz,Urbano,1,1,1,0.5919,0.3583,1,0
223-019207-A-0171,1.0,La Paz,Urbano,0,0,1,0.6116,0.5871,1,1
223-019207-A-0201,1.0,La Paz,Urbano,1,1,1,0.6351,0.6176,1,1
223-019292-A-0021,2.0,La Paz,Urbano,0,0,0,0.6638,0.5777,1,1
223-019292-A-0061,1.0,La Paz,Urbano,0,1,1,0.4927,0.4588,0,0
223-019292-A-0101,1.0,La Paz,Urbano,1,1,1,0.6158,0.6971,1,1
223-019292-A-0141,1.0,La Paz,Urbano,0,0,1,0.571,0.5128,1,1
223-019292-A-0181,1.0,La Paz,Urbano,0,1,1,0.6404,0.5157,1,1
223-019292-A-0221,1.0,La Paz,Urbano,0,0,1,0.5189,0.5008,1,1
223-019292-A-0261,3.0,La Paz,Urbano,0,1,1,0.5465,0.4512,1,0
223-019292-A-0301,1.0,La Paz,Urbano,0,0,1,0.6437,0.6078,1,1
223-019292-A-0341,3.0,La Paz,Urbano,0,0,1,0.6244,0.3496,1,0
223-019292-A-0381,2.0,La Paz,Urbano,0,0,1,0.79,0.6237,1,1
223-019292-A-0421,1.0,La Paz,Urbano,0,0,1,0.5702,0.3568,1,0
223-019292-A-0461,3.0,La Paz,Urbano,0,1,1,0.6977,0.4458,1,0
222-019011-A-0011,1.0,La Paz,Urbano,1,1,1,0.7709,0.7671,1,1
222-019011-A-0051,3.0,La Paz,Urbano,1,1,1,0.6728,0.6343,1,1
222-019011-A-0081,2.0,La Paz,Urbano,1,1,1,0.7004,0.5339,1,1
222-019011-A-0111,3.0,La Paz,Urbano,1,1,1,0.6856,0.5634,1,1
222-019011-A-0151,1.0,La Paz,Urbano,0,0,1,0.7627,0.6013,1,1
222-019011-A-0181,3.0,La Paz,Urbano,0,0,1,0.4956,0.4173,0,0
222-019011-A-0211,1.0,La Paz,Urbano,0,0,1,0.6797,0.5508,1,1
222-019011-A-0251,3.0,La Paz,Urbano,0,1,1,0.5725,0.4036,1,0
222-019011-A-0281,4.0,La Paz,Urbano,0,0,1,0.6093,0.4951,1,0
222-019011-A-0311,3.0,La Paz,Urbano,0,1,1,0.6299,0.4144,1,0
222-019011-A-0351,1.0,La Paz,Urbano,0,0,1,0.6696,0.5049,1,1
222-019011-A-0381,2.0,La Paz,Urbano,1,1,1,0.7006,0.7509,1,1
222-018790-A-0011,1.0,La Paz,Urbano,1,1,1,0.7562,0.766,1,1
222-018790-A-0021,1.0,La Paz,Urbano,1,1,1,0.5286,0.7118,1,1
222-018790-A-0031,2.0,La Paz,Urbano,1,1,1,0.8073,0.7387,1,1
222-018790-A-0061,1.0,La Paz,Urbano,0,0,1,0.6408,0.4134,1,0
222-018790-A-0081,1.0,La Paz,Urbano,0,1,1,0.7387,0.6868,1,1
222-018790-A-0091,1.0,La Paz,Urbano,0,0,1,0.7268,0.7386,1,1
222-018790-A-0101,2.0,La Paz,Urbano,0,0,1,0.5599,0.51,1,1
222-018790-A-0121,1.0,La Paz,Urbano,0,0,1,0.768,0.7701,1,1
222-018790-A-0131,1.0,La Paz,Urbano,0,0,1,0.5245,0.4413,1,0
222-018790-A-0161,1.0,La Paz,Urbano,0,0,1,0.5201,0.4376,1,0
221-018508-A-0011,3.0,La Paz,Urbano,0,1,1,0.3584,0.2902,0,0
221-018508-A-0021,4.0,La Paz,Urbano,0,0,0,0.386,0.2592,0,0
221-018508-A-0031,2.0,La Paz,Urbano,1,1,1,0.6238,0.5258,1,1
221-018508-A-0061,2.0,La Paz,Urbano,0,0,1,0.6764,0.4637,1,0
221-018508-A-0071,6.0,La Paz,Urbano,0,0,1,0.7179,0.4002,1,0
221-018508-A-0081,1.0,La Paz,Urbano,1,0,1,0.7405,0.7679,1,1
221-018508-A-0091,1.0,La Paz,Urbano,1,0,1,0.7351,0.66,1,1
221-018508-A-0101,1.0,La Paz,Urbano,1,1,1,0.6057,0.5046,1,1
221-018508-A-0111,2.0,La Paz,Urbano,0,1,1,0.6209,0.3351,1,0
221-018508-A-0121,1.0,La Paz,Urbano,1,0,1,0.7432,0.6018,1,1
223-019118-A-0011,3.0,La Paz,Urbano,0,0,1,0.5139,0.4239,1,0
223-019118-A-0081,3.0,La Paz,Urbano,0,0,1,0.4331,0.4642,0,0
223-019118-A-0111,1.0,La Paz,Urbano,0,0,0,0.425,0.305,0,0
223-019118-A-0181,5.0,La Paz,Urbano,0,0,1,0.5415,0.3597,1,0
223-019118-A-0211,1.0,La Paz,Urbano,0,0,1,0.7385,0.711,1,1
223-019118-A-0241,1.0,La Paz,Urbano,0,0,1,0.8162,0.6165,1,1
223-019118-A-0271,3.0,La Paz,Urbano,0,1,1,0.4818,0.3696,0,0
223-019118-A-0341,2.0,La Paz,Urbano,0,0,0,0.7639,0.5069,1,1
223-019118-A-0371,3.0,La Paz,Urbano,0,0,0,0.5208,0.3907,1,0
223-019087-A-0011,3.0,La Paz,Urbano,1,0,0,0.4905,0.6347,0,1
223-019087-A-0031,1.0,La Paz,Urbano,1,1,1,0.6371,0.7701,1,1
223-019087-A-0061,1.0,La Paz,Urbano,0,0,1,0.3813,0.3472,0,0
223-019087-A-0081,1.0,La Paz,Urbano,0,0,1,0.409,0.3652,0,0
223-019087-A-0101,1.0,La Paz,Urbano,0,0,1,0.6938,0.5201,1,1
223-019087-A-0181,1.0,La Paz,Urbano,0,0,1,0.843,0.6026,1,1
223-019087-A-0231,3.0,La Paz,Urbano,0,1,1,0.5858,0.3855,1,0
223-019087-A-0251,1.0,La Paz,Urbano,1,0,1,0.507,0.6123,1,1
223-019087-A-0271,3.0,La Paz,Urbano,1,1,1,0.3742,0.4801,0,0
222-018837-A-0011,1.0,La Paz,Urbano,0,1,1,0.5828,0.4373,1,0
222-018837-A-0031,1.0,La Paz,Urbano,0,0,1,0.4608,0.4129,0,0
222-018837-A-0051,1.0,La Paz,Urbano,0,0,1,0.4815,0.385,0,0
222-018837-A-0081,1.0,La Paz,Urbano,0,0,1,0.8252,0.688,1,1
222-018837-A-0101,1.0,La Paz,Urbano,0,0,1,0.7746,0.5987,1,1
222-018837-A-0121,1.0,La Paz,Urbano,0,0,1,0.6642,0.4185,1,0
222-018837-A-0141,1.0,La Paz,Urbano,0,1,1,0.8076,0.4609,1,0
222-018837-A-0171,1.0,La Paz,Urbano,0,0,1,0.7523,0.6252,1,1
222-018837-A-0191,1.0,La Paz,Urbano,1,1,1,0.8094,0.7729,1,1
222-018837-A-0231,1.0,La Paz,Urbano,1,1,1,0.6405,0.5145,1,1
222-018837-A-0261,2.0,La Paz,Urbano,0,1,1,0.6077,0.4316,1,0
222-018837-A-0211,1.0,La Paz,Urbano,1,0,1,0.7031,0.7164,1,1
222-018816-A-0011,1.0,La Paz,Urbano,0,1,1,0.5217,0.4063,1,0
222-018816-A-0031,4.0,La Paz,Urbano,0,1,1,0.7801,0.5873,1,1
222-018816-A-0051,1.0,La Paz,Urbano,1,1,1,0.5587,0.6141,1,1
222-018816-A-0061,3.0,La Paz,Urbano,0,1,1,0.4481,0.3911,0,0
222-018816-A-0081,1.0,La Paz,Urbano,0,0,1,0.6882,0.5481,1,1
222-018816-A-0131,1.0,La Paz,Urbano,0,0,1,0.6401,0.4834,1,0
222-018816-A-0121,3.0,La Paz,Urbano,0,0,1,0.5702,0.3369,1,0
222-018816-A-0191,3.0,La Paz,Urbano,0,0,1,0.4852,0.4445,0,0
222-018816-A-0201,1.0,La Paz,Urbano,1,0,1,0.6874,0.7309,1,1
222-018816-A-0171,1.0,La Paz,Urbano,0,0,1,0.5803,0.5411,1,1
222-019049-A-0011,1.0,La Paz,Urbano,0,1,1,0.7439,0.5354,1,1
222-019049-A-0031,3.0,La Paz,Urbano,0,1,1,0.4726,0.3844,0,0
222-019049-A-0061,1.0,La Paz,Urbano,0,1,1,0.503,0.548,1,1
222-019049-A-0091,3.0,La Paz,Urbano,0,0,0,0.5163,0.5125,1,1
222-019049-A-0121,3.0,La Paz,Urbano,0,0,0,0.5963,0.5513,1,1
222-019049-A-0151,1.0,La Paz,Urbano,1,0,0,0.6307,0.5696,1,1
222-019049-A-0181,2.0,La Paz,Urbano,0,0,0,0.7393,0.4774,1,0
222-019049-A-0201,5.0,La Paz,Urbano,0,0,1,0.54,0.4643,1,0
222-019049-A-0231,1.0,La Paz,Urbano,0,1,1,0.4693,0.4707,0,0
222-019049-A-0261,1.0,La Paz,Urbano,0,0,0,0.7932,0.5469,1,1
222-019049-A-0291,3.0,La Paz,Urbano,1,1,1,0.7128,0.452,1,0
222-019049-A-0321,1.0,La Paz,Urbano,0,0,0,0.6168,0.3588,1,0
221-018552-A-0011,1.0,La Paz,Urbano,0,0,1,0.5965,0.55,1,1
221-018552-A-0021,4.0,La Paz,Urbano,0,0,0,0.5287,0.4445,1,0
221-018552-A-0031,3.0,La Paz,Urbano,0,0,1,0.4218,0.4169,0,0
221-018552-A-0051,4.0,La Paz,Urbano,0,0,1,0.4946,0.2912,0,0
221-018552-A-0061,3.0,La Paz,Urbano,0,0,1,0.5648,0.3195,1,0
221-018552-A-0071,6.0,La Paz,Urbano,0,0,1,0.5198,0.4139,1,0
221-018552-A-0091,1.0,La Paz,Urbano,0,0,0,0.5089,0.4697,1,0
221-018552-A-0101,1.0,La Paz,Urbano,0,0,1,0.6637,0.5115,1,1
221-018552-A-0111,3.0,La Paz,Urbano,0,0,1,0.5326,0.3448,1,0
221-018552-A-0131,2.0,La Paz,Urbano,0,0,1,0.77,0.5934,1,1
221-018552-A-0141,1.0,La Paz,Urbano,1,0,1,0.6908,0.735,1,1
221-018638-A-0071,1.0,La Paz,Urbano,0,0,1,0.4558,0.4014,0,0
221-018638-A-0051,1.0,La Paz,Urbano,0,0,0,0.6096,0.5483,1,1
221-018638-A-0021,1.0,La Paz,Urbano,0,1,1,0.5024,0.3332,1,0
221-018638-A-0101,1.0,La Paz,Urbano,0,0,1,0.6987,0.5674,1,1
221-018638-A-0131,1.0,La Paz,Urbano,1,0,1,0.6684,0.7194,1,1
221-018638-A-0211,1.0,La Paz,Urbano,0,0,1,0.5926,0.5801,1,1
221-018638-A-0181,1.0,La Paz,Urbano,0,0,1,0.6527,0.5594,1,1
221-018638-A-0161,1.0,La Paz,Urbano,0,0,0,0.6029,0.414,1,0
221-018638-A-0271,1.0,La Paz,Urbano,0,0,1,0.6528,0.4223,1,0
221-018638-A-0291,3.0,La Paz,Urbano,0,0,1,0.4602,0.3715,0,0
221-018638-A-0241,3.0,La Paz,Urbano,0,0,1,0.4226,0.3477,0,0
221-018638-A-0321,1.0,La Paz,Urbano,0,0,1,0.6057,0.4928,1,0
224-019357-A-0011,3.0,La Paz,Urbano,0,0,1,0.5779,0.6442,1,1
224-019357-A-0041,3.0,La Paz,Urbano,1,1,1,0.578,0.5805,1,1
224-019357-A-0071,5.0,La Paz,Urbano,1,0,1,0.4162,0.4272,0,0
224-019357-A-0101,1.0,La Paz,Urbano,0,1,1,0.5491,0.425,1,0
224-019357-A-0131,3.0,La Paz,Urbano,0,0,1,0.544,0.4711,1,0
224-019357-A-0161,3.0,La Paz,Urbano,0,0,0,0.4922,0.4555,0,0
224-019357-A-0191,1.0,La Paz,Urbano,0,0,0,0.5994,0.5313,1,1
224-019357-A-0221,1.0,La Paz,Urbano,0,0,0,0.6193,0.3449,1,0
224-019357-A-0251,4.0,La Paz,Urbano,0,1,1,0.3829,0.3335,0,0
224-019357-A-0281,4.0,La Paz,Urbano,0,0,1,0.5132,0.3962,1,0
224-019357-A-0311,3.0,La Paz,Urbano,0,0,1,0.473,0.2774,0,0
224-019357-A-0341,1.0,La Paz,Urbano,0,0,0,0.8325,0.7289,1,1
222-018746-A-0011,1.0,La Paz,Urbano,0,0,0,0.699,0.4417,1,0
222-018746-A-0021,1.0,La Paz,Urbano,0,0,0,0.4443,0.3718,0,0
222-018746-A-0041,1.0,La Paz,Urbano,1,1,0,0.7342,0.7929,1,1
222-018746-A-0061,3.0,La Paz,Urbano,1,1,0,0.4522,0.5469,0,1
222-018746-A-0071,1.0,La Paz,Urbano,0,0,0,0.7414,0.5727,1,1
222-018746-A-0091,1.0,La Paz,Urbano,0,0,1,0.5312,0.6064,1,1
222-018746-A-0101,4.0,La Paz,Urbano,0,0,0,0.5711,0.323,1,0
222-018746-A-0121,3.0,La Paz,Urbano,0,0,0,0.6206,0.323,1,0
222-018746-A-0151,1.0,La Paz,Urbano,0,0,0,0.6423,0.5737,1,1
222-018746-A-0181,3.0,La Paz,Urbano,0,0,1,0.4514,0.4482,0,0
222-018746-A-0131,4.0,La Paz,Urbano,0,0,1,0.6391,0.5226,1,1
222-018746-A-0171,4.0,La Paz,Urbano,0,0,1,0.5131,0.4631,1,0
223-019173-A-0021,1.0,La Paz,Urbano,1,0,0,0.4128,0.5837,0,1
223-019173-A-0031,3.0,La Paz,Urbano,0,0,0,0.424,0.4467,0,0
223-019173-A-0041,3.0,La Paz,Urbano,0,0,0,0.5575,0.4473,1,0
223-019173-A-0011,3.0,La Paz,Urbano,1,0,0,0.4711,0.5628,0,1
223-019173-A-0061,1.0,La Paz,Urbano,0,0,0,0.6925,0.6265,1,1
223-019173-A-0071,4.0,La Paz,Urbano,0,0,0,0.5744,0.3621,1,0
223-019173-A-0081,1.0,La Paz,Urbano,0,0,0,0.4849,0.4349,0,0
223-019173-A-0091,1.0,La Paz,Urbano,0,0,1,0.6243,0.5628,1,1
223-019173-A-0131,1.0,La Paz,Urbano,1,1,0,0.6114,0.6694,1,1
223-019173-A-0141,3.0,La Paz,Urbano,0,0,0,0.4618,0.4439,0,0
223-019173-A-0111,3.0,La Paz,Urbano,0,0,0,0.4294,0.3884,0,0
223-019173-A-0121,1.0,La Paz,Urbano,0,1,0,0.3548,0.3971,0,0
222-018704-A-0011,4.0,La Paz,Urbano,0,0,1,0.5575,0.3917,1,0
222-018704-A-0021,1.0,La Paz,Urbano,0,0,1,0.5852,0.3697,1,0
222-018704-A-0031,3.0,La Paz,Urbano,0,1,1,0.568,0.5113,1,1
222-018704-A-0041,1.0,La Paz,Urbano,1,0,0,0.6199,0.6301,1,1
222-018704-A-0061,3.0,La Paz,Urbano,0,0,0,0.3834,0.3432,0,0
222-018704-A-0071,3.0,La Paz,Urbano,0,0,1,0.5873,0.4386,1,0
222-018704-A-0081,3.0,La Paz,Urbano,0,0,0,0.7058,0.4042,1,0
222-018704-A-0091,3.0,La Paz,Urbano,0,0,1,0.4146,0.3216,0,0
222-018704-A-0111,1.0,La Paz,Urbano,0,0,0,0.6558,0.3927,1,0
222-018704-A-0121,1.0,La Paz,Urbano,1,0,0,0.7417,0.7348,1,1
222-018704-A-0131,1.0,La Paz,Urbano,0,0,0,0.5399,0.3791,1,0
222-018704-A-0141,1.0,La Paz,Urbano,0,0,0,0.6137,0.5773,1,1
223-019142-A-0021,4.0,La Paz,Urbano,0,0,1,0.4142,0.3251,0,0
223-019142-A-0051,1.0,La Paz,Urbano,1,0,0,0.606,0.7328,1,1
223-019142-A-0091,4.0,La Paz,Urbano,1,0,1,0.5649,0.6213,1,1
223-019142-A-0121,3.0,La Paz,Urbano,1,0,0,0.4409,0.5032,0,1
223-019142-A-0161,1.0,La Paz,Urbano,0,0,1,0.5318,0.4639,1,0
223-019142-A-0191,3.0,La Paz,Urbano,0,0,0,0.4736,0.3838,0,0
223-019142-A-0261,3.0,La Paz,Urbano,0,0,0,0.4057,0.2843,0,0
223-019142-A-0231,3.0,La Paz,Urbano,0,0,0,0.5297,0.3616,1,0
223-019142-A-0331,1.0,La Paz,Urbano,0,1,0,0.4986,0.4446,0,0
223-019142-A-0401,3.0,La Paz,Urbano,1,0,0,0.4401,0.5658,0,1
223-019239-A-0091,5.0,La Paz,Urbano,0,0,0,0.5455,0.3782,1,0
223-019239-A-0021,1.0,La Paz,Urbano,0,0,0,0.6446,0.4267,1,0
223-019239-A-0121,1.0,La Paz,Urbano,0,0,1,0.6997,0.6044,1,1
223-019239-A-0051,3.0,La Paz,Urbano,0,0,1,0.5256,0.4285,1,0
223-019239-A-0301,1.0,La Paz,Urbano,1,0,0,0.8098,0.8127,1,1
223-019239-A-0331,3.0,La Paz,Urbano,1,1,1,0.4429,0.4874,0,0
223-019239-A-0371,1.0,La Paz,Urbano,1,0,0,0.4632,0.5822,0,1
223-019239-A-0401,1.0,La Paz,Urbano,1,0,1,0.4953,0.5224,0,1
223-019239-A-0261,2.0,La Paz,Urbano,0,0,1,0.4998,0.3913,0,0
223-019239-A-0191,2.0,La Paz,Urbano,1,0,1,0.5681,0.5543,1,1
223-019239-A-0161,1.0,La Paz,Urbano,0,0,0,0.4839,0.3983,0,0
222-018944-A-0031,2.0,La Paz,Urbano,0,1,1,0.56,0.3953,1,0
222-018944-A-0071,1.0,La Paz,Urbano,0,0,1,0.5829,0.3867,1,0
222-018944-A-0111,1.0,La Paz,Urbano,0,1,1,0.5063,0.378,1,0
222-018944-A-0151,1.0,La Paz,Urbano,0,1,1,0.5153,0.5052,1,1
222-018944-A-0341,6.0,La Paz,Urbano,0,0,1,0.672,0.363,1,0
222-018944-A-0381,3.0,La Paz,Urbano,0,0,1,0.5918,0.3898,1,0
222-018944-A-0421,1.0,La Paz,Urbano,0,0,1,0.4911,0.4188,0,0
222-018944-A-0451,3.0,La Paz,Urbano,0,0,1,0.4906,0.3066,0,0
222-018944-A-0191,2.0,La Paz,Urbano,0,0,1,0.6104,0.5574,1,1
222-018944-A-0221,1.0,La Paz,Urbano,0,0,1,0.6712,0.6092,1,1
222-018944-A-0261,1.0,La Paz,Urbano,0,0,1,0.768,0.704,1,1
222-018944-A-0301,1.0,La Paz,Urbano,0,0,0,0.8306,0.6933,1,1
222-018926-A-0301,1.0,La Paz,Urbano,0,0,0,0.4029,0.3376,0,0
222-018926-A-0341,3.0,La Paz,Urbano,1,1,1,0.4558,0.4262,0,0
222-018926-A-0031,1.0,La Paz,Urbano,0,1,1,0.7192,0.4998,1,0
222-018926-A-0071,3.0,La Paz,Urbano,0,1,1,0.4832,0.3456,0,0
222-018926-A-0111,1.0,La Paz,Urbano,0,0,0,0.5646,0.3381,1,0
222-018926-A-0151,3.0,La Paz,Urbano,0,1,1,0.5848,0.292,1,0
222-018926-A-0381,1.0,La Paz,Urbano,1,0,0,0.6081,0.4973,1,0
222-018926-A-0421,1.0,La Paz,Urbano,0,0,0,0.5961,0.6093,1,1
222-018926-A-0451,1.0,La Paz,Urbano,1,0,0,0.4954,0.6162,0,1
222-018926-A-0191,3.0,La Paz,Urbano,0,0,1,0.4407,0.395,0,0
222-018926-A-0221,3.0,La Paz,Urbano,0,0,1,0.4743,0.5153,0,1
222-018926-A-0261,4.0,La Paz,Urbano,0,0,1,0.5557,0.4449,1,0
221-018596-A-0011,4.0,La Paz,Urbano,0,1,1,0.5354,0.2992,1,0
221-018596-A-0041,1.0,La Paz,Urbano,0,1,1,0.4949,0.3296,0,0
221-018596-A-0071,3.0,La Paz,Urbano,1,0,1,0.5522,0.527,1,1
221-018596-A-0101,1.0,La Paz,Urbano,1,0,0,0.7428,0.7145,1,1
221-018596-A-0251,1.0,La Paz,Urbano,1,0,0,0.5704,0.563,1,1
221-018596-A-0281,3.0,La Paz,Urbano,0,1,0,0.4828,0.286,0,0
221-018596-A-0311,3.0,La Paz,Urbano,0,0,0,0.4843,0.4168,0,0
221-018596-A-0341,3.0,La Paz,Urbano,1,0,1,0.7315,0.6538,1,1
221-018596-A-0131,1.0,La Paz,Urbano,0,0,1,0.7735,0.6241,1,1
221-018596-A-0161,1.0,La Paz,Urbano,1,0,0,0.6745,0.4919,1,0
221-018596-A-0191,1.0,La Paz,Urbano,0,0,0,0.7532,0.5022,1,1
221-018596-A-0221,1.0,La Paz,Urbano,0,0,1,0.5145,0.5072,1,1
222-018727-A-0011,3.0,La Paz,Urbano,1,1,1,0.5154,0.4776,1,0
222-018727-A-0021,3.0,La Paz,Urbano,0,1,1,0.3877,0.2881,0,0
222-018727-A-0041,1.0,La Paz,Urbano,0,0,1,0.5629,0.531,1,1
222-018727-A-0051,3.0,La Paz,Urbano,0,1,1,0.4273,0.2482,0,0
222-018727-A-0131,3.0,La Paz,Urbano,0,0,0,0.4631,0.3624,0,0
222-018727-A-0141,3.0,La Paz,Urbano,0,0,0,0.5196,0.2661,1,0
222-018727-A-0161,4.0,La Paz,Urbano,1,1,1,0.486,0.5468,0,1
222-018727-A-0171,1.0,La Paz,Urbano,1,0,1,0.8471,0.8626,1,1
222-018727-A-0071,2.0,La Paz,Urbano,0,0,0,0.4727,0.4137,0,0
222-018727-A-0081,4.0,La Paz,Urbano,0,0,0,0.4545,0.4566,0,0
222-018727-A-0101,1.0,La Paz,Urbano,0,0,0,0.5035,0.5154,1,1
222-018727-A-0111,1.0,La Paz,Urbano,0,0,1,0.7446,0.5183,1,1
222-018896-A-0101,1.0,La Paz,Urbano,1,0,1,0.451,0.6478,0,1
222-018896-A-0051,1.0,La Paz,Urbano,0,0,1,0.4189,0.3157,0,0
222-018896-A-0161,3.0,La Paz,Urbano,0,1,1,0.4575,0.4985,0,0
222-018896-A-0011,3.0,La Paz,Urbano,0,0,0,0.5761,0.3223,1,0
222-018896-A-0021,1.0,La Paz,Urbano,1,0,1,0.7379,0.7528,1,1
222-018896-A-0041,1.0,La Paz,Urbano,0,0,1,0.5474,0.4088,1,0
222-018896-A-0131,1.0,La Paz,Urbano,1,0,1,0.8643,0.7598,1,1
222-018896-A-0141,1.0,La Paz,Urbano,0,0,0,0.7002,0.4028,1,0
222-018896-A-0171,1.0,La Paz,Urbano,1,0,0,0.6603,0.6716,1,1
222-018896-A-0071,1.0,La Paz,Urbano,0,0,1,0.592,0.5661,1,1
222-018896-A-0111,1.0,La Paz,Urbano,1,0,1,0.7852,0.7849,1,1
222-018896-A-0081,3.0,La Paz,Urbano,0,0,1,0.6307,0.5172,1,1
221-018571-A-0261,1.0,La Paz,Urbano,0,0,1,0.6527,0.5471,1,1
221-018571-A-0291,1.0,La Paz,Urbano,1,0,1,0.4589,0.4852,0,0
221-018571-A-0321,2.0,La Paz,Urbano,0,0,1,0.3972,0.4977,0,0
221-018571-A-0011,1.0,La Paz,Urbano,0,0,0,0.7227,0.6367,1,1
221-018571-A-0031,3.0,La Paz,Urbano,0,0,1,0.4486,0.3968,0,0
221-018571-A-0061,3.0,La Paz,Urbano,0,1,1,0.5506,0.4573,1,0
221-018571-A-0181,3.0,La Paz,Urbano,0,0,0,0.4555,0.419,0,0
221-018571-A-0201,1.0,La Paz,Urbano,0,0,0,0.4766,0.5059,0,1
221-018571-A-0231,3.0,La Paz,Urbano,1,0,1,0.6291,0.6106,1,1
221-018571-A-0091,1.0,La Paz,Urbano,0,0,1,0.7196,0.6897,1,1
221-018571-A-0121,3.0,La Paz,Urbano,0,0,1,0.4545,0.4555,0,0
221-018571-A-0151,3.0,La Paz,Urbano,0,0,0,0.4659,0.5968,0,1
222-018682-A-0011,3.0,La Paz,Urbano,0,0,0,0.5057,0.5555,1,1
222-018682-A-0031,3.0,La Paz,Urbano,0,0,0,0.5052,0.5253,1,1
222-018682-A-0051,4.0,La Paz,Urbano,1,0,0,0.708,0.7033,1,1
222-018682-A-0071,4.0,La Paz,Urbano,0,0,0,0.4876,0.4928,0,0
222-018682-A-0181,1.0,La Paz,Urbano,0,1,0,0.3446,0.3841,0,0
222-018682-A-0201,1.0,La Paz,Urbano,0,0,0,0.5495,0.4833,1,0
222-018682-A-0221,1.0,La Paz,Urbano,1,0,0,0.571,0.6321,1,1
222-018682-A-0251,4.0,La Paz,Urbano,0,0,0,0.5068,0.3795,1,0
222-018682-A-0091,3.0,La Paz,Urbano,0,0,1,0.5413,0.5692,1,1
222-018682-A-0121,3.0,La Paz,Urbano,0,0,1,0.385,0.4371,0,0
222-018682-A-0141,1.0,La Paz,Urbano,1,0,1,0.6811,0.4455,1,0
222-018682-A-0161,1.0,La Paz,Urbano,0,0,0,0.4699,0.2951,0,0
223-019068-A-0011,3.0,La Paz,Urbano,0,0,1,0.5777,0.3483,1,0
223-019068-A-0051,3.0,La Paz,Urbano,0,1,1,0.6721,0.4183,1,0
223-019068-A-0061,3.0,La Paz,Urbano,1,0,0,0.4384,0.4903,0,0
223-019068-A-0161,3.0,La Paz,Urbano,1,0,0,0.5447,0.6339,1,1
223-019068-A-0171,1.0,La Paz,Urbano,1,0,0,0.4622,0.5966,0,1
223-019068-A-0191,1.0,La Paz,Urbano,1,1,1,0.5578,0.4727,1,0
223-019068-A-0211,1.0,La Paz,Urbano,1,1,1,0.6354,0.5002,1,1
223-019068-A-0081,1.0,La Paz,Urbano,1,0,1,0.766,0.7163,1,1
223-019068-A-0101,3.0,La Paz,Urbano,1,0,0,0.6103,0.343,1,0
223-019068-A-0121,4.0,La Paz,Urbano,0,0,0,0.5141,0.2966,1,0
223-019068-A-0141,2.0,La Paz,Urbano,0,0,0,0.521,0.4337,1,0
253-028149-D-0061,1.0,La Paz,Rural,0,0,1,0.3895,0.2563,0,0
253-028149-D-0021,4.0,La Paz,Rural,0,0,0,0.3969,0.319,0,0
253-028149-D-0101,3.0,La Paz,Rural,0,0,0,0.5425,0.4428,1,0
253-028149-D-0151,1.0,La Paz,Rural,0,0,1,0.6432,0.4036,1,0
253-028149-D-0231,1.0,La Paz,Rural,1,0,1,0.7553,0.7167,1,1
253-028149-D-0191,2.0,La Paz,Rural,1,0,0,0.601,0.7111,1,1
253-028149-D-0271,1.0,La Paz,Rural,0,0,1,0.3382,0.3507,0,0
253-028149-D-0321,1.0,La Paz,Rural,1,0,0,0.5599,0.5932,1,1
253-028149-D-0361,1.0,La Paz,Rural,0,0,0,0.6294,0.4225,1,0
253-028149-D-0401,1.0,La Paz,Rural,1,0,0,0.6783,0.5114,1,1
253-028149-D-0441,4.0,La Paz,Rural,1,0,0,0.427,0.5847,0,1
253-028149-D-0491,1.0,La Paz,Rural,0,0,0,0.6435,0.4518,1,0
241-028032-D-0011,1.0,La Paz,Rural,0,0,0,0.6165,0.4402,1,0
241-028032-D-0021,1.0,La Paz,Rural,0,0,0,0.5581,0.4175,1,0
241-028032-D-0031,1.0,La Paz,Rural,0,0,0,0.5499,0.4064,1,0
241-028032-D-0051,1.0,La Paz,Rural,0,0,1,0.6183,0.5143,1,1
241-028032-D-0061,3.0,La Paz,Rural,0,0,1,0.3945,0.3382,0,0
241-028032-D-0081,1.0,La Paz,Rural,0,0,1,0.376,0.3285,0,0
241-028032-D-0091,1.0,La Paz,Rural,0,0,1,0.467,0.4488,0,0
241-028032-D-0101,1.0,La Paz,Rural,0,0,1,0.4755,0.3182,0,0
241-028032-D-0121,1.0,La Paz,Rural,0,0,0,0.5129,0.4437,1,0
241-028032-D-0131,1.0,La Paz,Rural,0,0,0,0.6802,0.3612,1,0
241-028032-D-0151,3.0,La Paz,Rural,0,0,0,0.39,0.393,0,0
241-028032-D-0161,1.0,La Paz,Rural,0,0,0,0.5814,0.4208,1,0
253-025040-D-0011,1.0,La Paz,Rural,0,0,0,0.6342,0.6068,1,1
253-025040-D-0021,1.0,La Paz,Rural,0,0,1,0.6485,0.5269,1,1
253-025040-D-0041,1.0,La Paz,Rural,0,0,0,0.6452,0.4876,1,0
253-025040-D-0051,1.0,La Paz,Rural,1,0,0,0.6397,0.6784,1,1
253-025040-D-0071,1.0,La Paz,Rural,0,0,0,0.6215,0.4745,1,0
253-025040-D-0081,2.0,La Paz,Rural,0,0,0,0.4144,0.5033,0,1
253-025040-D-0101,1.0,La Paz,Rural,0,0,0,0.5168,0.4229,1,0
253-025040-D-0111,1.0,La Paz,Rural,0,0,0,0.451,0.3043,0,0
253-025040-D-0131,1.0,La Paz,Rural,0,0,0,0.5743,0.4175,1,0
253-025040-D-0141,1.0,La Paz,Rural,0,0,0,0.6165,0.4956,1,0
253-025040-D-0161,1.0,La Paz,Rural,1,0,0,0.7858,0.6832,1,1
253-025040-D-0171,1.0,La Paz,Rural,0,0,0,0.373,0.3716,0,0
242-021130-A-0011,1.0,La Paz,Rural,0,0,1,0.4305,0.2859,0,0
242-021130-A-0021,1.0,La Paz,Rural,0,0,0,0.5848,0.5244,1,1
242-021130-A-0031,1.0,La Paz,Rural,0,0,1,0.5005,0.3549,1,0
242-021130-A-0041,1.0,La Paz,Rural,0,0,0,0.6396,0.5186,1,1
242-021130-A-0051,1.0,La Paz,Rural,0,0,0,0.4429,0.3201,0,0
242-021130-A-0061,1.0,La Paz,Rural,0,0,0,0.6468,0.5277,1,1
242-021130-A-0071,1.0,La Paz,Rural,0,0,0,0.4369,0.4545,0,0
242-021130-A-0081,1.0,La Paz,Rural,1,0,0,0.4622,0.6203,0,1
242-021130-A-0101,1.0,La Paz,Rural,0,0,0,0.6774,0.4535,1,0
242-021130-A-0111,1.0,La Paz,Rural,0,0,0,0.4315,0.2735,0,0
242-021130-A-0121,1.0,La Paz,Rural,0,0,0,0.5834,0.3868,1,0
242-021130-A-0091,1.0,La Paz,Rural,0,0,0,0.6695,0.4632,1,0
252-026518-D-0011,1.0,La Paz,Rural,0,0,0,0.745,0.4603,1,0
252-026518-D-0031,1.0,La Paz,Rural,0,0,0,0.5298,0.6284,1,1
252-026518-D-0051,1.0,La Paz,Rural,0,0,0,0.5755,0.584,1,1
252-026518-D-0081,1.0,La Paz,Rural,1,0,1,0.5495,0.7065,1,1
252-026518-D-0101,1.0,La Paz,Rural,0,0,0,0.6277,0.4779,1,0
252-026518-D-0121,1.0,La Paz,Rural,0,0,0,0.6256,0.5161,1,1
252-026518-D-0141,1.0,La Paz,Rural,1,0,1,0.673,0.7275,1,1
252-026518-D-0171,4.0,La Paz,Rural,0,1,1,0.5858,0.3816,1,0
252-026518-D-0191,1.0,La Paz,Rural,0,0,0,0.6805,0.527,1,1
252-026518-D-0211,1.0,La Paz,Rural,0,0,0,0.7424,0.403,1,0
252-026518-D-0231,2.0,La Paz,Rural,0,0,0,0.4585,0.3168,0,0
252-026518-D-0261,1.0,La Paz,Rural,0,0,0,0.6435,0.5298,1,1
241-028187-D-0081,3.0,La Paz,Rural,0,0,0,0.4643,0.341,0,0
241-028187-D-0141,1.0,La Paz,Rural,0,0,0,0.5531,0.5804,1,1
241-028187-D-0201,1.0,La Paz,Rural,0,0,0,0.607,0.3816,1,0
241-028187-D-0011,3.0,La Paz,Rural,0,0,0,0.518,0.3975,1,0
241-028187-D-0271,1.0,La Paz,Rural,1,0,0,0.7198,0.7049,1,1
241-028187-D-0331,1.0,La Paz,Rural,0,0,1,0.6104,0.5699,1,1
241-028187-D-0391,1.0,La Paz,Rural,1,1,0,0.6437,0.702,1,1
241-028187-D-0461,1.0,La Paz,Rural,0,0,0,0.6529,0.4311,1,0
241-028187-D-0581,1.0,La Paz,Rural,0,0,0,0.7382,0.6487,1,1
241-028187-D-0521,1.0,La Paz,Rural,0,0,0,0.6211,0.4494,1,0
241-028187-D-0711,1.0,La Paz,Rural,0,0,0,0.6832,0.4336,1,0
241-028187-D-0651,1.0,La Paz,Rural,0,0,0,0.6596,0.5567,1,1
251-025977-D-0051,3.0,La Paz,Rural,0,0,0,0.5362,0.418,1,0
251-025977-D-0011,1.0,La Paz,Rural,0,0,0,0.6054,0.3889,1,0
251-025977-D-0071,1.0,La Paz,Rural,0,0,0,0.4746,0.2859,0,0
251-025977-D-0031,4.0,La Paz,Rural,0,0,0,0.4841,0.4752,0,0
251-025977-D-0121,2.0,La Paz,Rural,1,0,0,0.7269,0.6142,1,1
251-025977-D-0091,1.0,La Paz,Rural,1,0,0,0.585,0.4697,1,0
251-025977-D-0161,1.0,La Paz,Rural,1,0,0,0.6874,0.6315,1,1
251-025977-D-0141,1.0,La Paz,Rural,1,0,0,0.6545,0.6895,1,1
251-025977-D-0181,1.0,La Paz,Rural,0,0,0,0.5293,0.3832,1,0
251-025977-D-0201,1.0,La Paz,Rural,1,0,0,0.3871,0.6113,0,1
251-025977-D-0251,1.0,La Paz,Rural,0,0,0,0.6649,0.5175,1,1
251-025977-D-0221,1.0,La Paz,Rural,0,0,0,0.4328,0.3341,0,0
251-025854-D-0031,1.0,La Paz,Rural,1,0,0,0.6268,0.684,1,1
251-025854-D-0021,1.0,La Paz,Rural,0,0,0,0.7078,0.5812,1,1
251-025854-D-0041,1.0,La Paz,Rural,0,0,0,0.6435,0.4535,1,0
251-025854-D-0091,1.0,La Paz,Rural,1,0,0,0.6316,0.6187,1,1
251-025854-D-0081,1.0,La Paz,Rural,1,0,0,0.5675,0.4241,1,0
251-025854-D-0061,1.0,La Paz,Rural,1,1,1,0.4936,0.6563,0,1
251-025854-D-0051,1.0,La Paz,Rural,1,0,1,0.506,0.6678,1,1
251-025854-D-0131,1.0,La Paz,Rural,0,0,1,0.5503,0.3631,1,0
251-025854-D-0111,1.0,La Paz,Rural,0,0,1,0.714,0.5169,1,1
251-025854-D-0121,2.0,La Paz,Rural,0,0,0,0.7025,0.5824,1,1
251-025854-D-0101,2.0,La Paz,Rural,0,0,0,0.6728,0.5968,1,1
241-025860-D-0011,1.0,La Paz,Rural,1,0,0,0.7635,0.6034,1,1
241-025860-D-0081,1.0,La Paz,Rural,1,0,0,0.7254,0.7159,1,1
241-025860-D-0051,1.0,La Paz,Rural,1,1,0,0.724,0.6853,1,1
241-025860-D-0161,3.0,La Paz,Rural,1,0,1,0.7992,0.7718,1,1
241-025860-D-0191,1.0,La Paz,Rural,1,0,0,0.7596,0.6035,1,1
241-025860-D-0231,1.0,La Paz,Rural,1,1,0,0.7476,0.5232,1,1
241-025860-D-0271,1.0,La Paz,Rural,1,0,0,0.6667,0.6447,1,1
241-025860-D-0301,1.0,La Paz,Rural,0,0,0,0.8277,0.5028,1,1
241-025860-D-0411,1.0,La Paz,Rural,0,0,0,0.8178,0.4939,1,0
241-025860-D-0381,1.0,La Paz,Rural,0,0,0,0.7403,0.5228,1,1
241-025860-D-0341,1.0,La Paz,Rural,0,0,0,0.8089,0.2865,1,0
254-027505-D-0141,1.0,La Paz,Rural,0,0,0,0.6225,0.438,1,0
254-027505-D-0081,4.0,La Paz,Rural,1,0,0,0.473,0.3222,0,0
254-027505-D-0031,3.0,La Paz,Rural,1,1,0,0.3816,0.4856,0,0
254-027505-D-0181,1.0,La Paz,Rural,0,0,1,0.6302,0.5263,1,1
254-027505-D-0131,1.0,La Paz,Rural,0,0,1,0.6683,0.424,1,0
254-027505-D-0111,3.0,La Paz,Rural,0,0,1,0.591,0.365,1,0
254-027505-D-0191,1.0,La Paz,Rural,0,0,1,0.5004,0.2993,1,0
254-027505-D-0061,3.0,La Paz,Rural,0,0,0,0.5665,0.4752,1,0
254-027505-D-0011,1.0,La Paz,Rural,1,0,1,0.5972,0.6533,1,1
254-027505-D-0161,1.0,La Paz,Rural,1,0,1,0.5489,0.5399,1,1
254-027505-D-0041,3.0,La Paz,Rural,0,1,1,0.4005,0.312,0,0
254-027505-D-0091,1.0,La Paz,Rural,0,0,1,0.5981,0.4265,1,0
251-029564-D-0141,2.0,La Paz,Rural,0,0,0,0.6286,0.3827,1,0
251-029564-D-0171,1.0,La Paz,Rural,1,1,0,0.6469,0.6871,1,1
251-029564-D-0261,1.0,La Paz,Rural,1,0,0,0.6222,0.7016,1,1
251-029564-D-0211,2.0,La Paz,Rural,0,1,0,0.7245,0.5044,1,1
251-029564-D-0081,3.0,La Paz,Rural,0,0,0,0.4774,0.4173,0,0
251-029564-D-0051,3.0,La Paz,Rural,0,0,0,0.3327,0.2957,0,0
251-029564-D-0101,1.0,La Paz,Rural,0,0,0,0.4176,0.3342,0,0
251-029564-D-0121,1.0,La Paz,Rural,0,0,0,0.5778,0.4395,1,0
251-029564-D-0031,4.0,La Paz,Rural,0,0,0,0.3353,0.3769,0,0
251-029564-D-0191,1.0,La Paz,Rural,0,0,0,0.5377,0.3728,1,0
251-029564-D-0011,3.0,La Paz,Rural,0,0,1,0.4613,0.3183,0,0
251-029564-D-0231,3.0,La Paz,Rural,1,0,1,0.4152,0.5637,0,1
252-029608-D-0181,1.0,La Paz,Rural,1,0,1,0.6901,0.5715,1,1
252-029608-D-0161,1.0,La Paz,Rural,0,0,0,0.4173,0.432,0,0
252-029608-D-0191,1.0,La Paz,Rural,0,1,0,0.4954,0.4696,0,0
252-029608-D-0131,2.0,La Paz,Rural,0,1,0,0.4898,0.3821,0,0
252-029608-D-0111,1.0,La Paz,Rural,0,0,0,0.4264,0.5099,0,1
252-029608-D-0061,1.0,La Paz,Rural,0,0,0,0.6049,0.544,1,1
252-029608-D-0091,1.0,La Paz,Rural,0,0,1,0.5071,0.3507,1,0
252-029608-D-0081,1.0,La Paz,Rural,1,0,0,0.5964,0.6068,1,1
252-029608-D-0031,2.0,La Paz,Rural,0,0,0,0.5603,0.3106,1,0
252-029608-D-0041,4.0,La Paz,Rural,0,0,1,0.4418,0.2574,0,0
252-029608-D-0011,1.0,La Paz,Rural,0,0,0,0.4931,0.462,0,0
241-021702-A-0011,2.0,La Paz,Rural,0,1,0,0.5073,0.2973,1,0
241-021702-A-0031,4.0,La Paz,Rural,0,1,0,0.5137,0.4079,1,0
241-021702-A-0051,4.0,La Paz,Rural,1,1,0,0.5096,0.5813,1,1
241-021702-A-0071,1.0,La Paz,Rural,1,0,0,0.3642,0.6345,0,1
241-021702-A-0091,3.0,La Paz,Rural,0,0,0,0.326,0.3457,0,0
241-021702-A-0111,1.0,La Paz,Rural,0,0,0,0.4508,0.445,0,0
241-021702-A-0131,3.0,La Paz,Rural,0,0,1,0.4832,0.4495,0,0
241-021702-A-0151,1.0,La Paz,Rural,0,1,1,0.6184,0.425,1,0
241-021702-A-0171,2.0,La Paz,Rural,0,0,1,0.4917,0.3426,0,0
241-021702-A-0191,2.0,La Paz,Rural,1,0,0,0.5253,0.5969,1,1
241-021702-A-0211,3.0,La Paz,Rural,1,0,1,0.432,0.6271,0,1
241-021702-A-0231,2.0,La Paz,Rural,1,0,1,0.4971,0.5962,0,1
232-018290-A-0011,1.0,La Paz,Urbano,0,0,0,0.6252,0.374,1,0
232-018290-A-0021,1.0,La Paz,Urbano,1,0,0,0.5892,0.5527,1,1
232-018290-A-0031,1.0,La Paz,Urbano,1,1,0,0.7438,0.7514,1,1
232-018290-A-0051,1.0,La Paz,Urbano,0,0,0,0.6469,0.4969,1,0
232-018290-A-0061,2.0,La Paz,Urbano,1,0,0,0.5791,0.5991,1,1
232-018290-A-0081,3.0,La Paz,Urbano,1,0,1,0.6136,0.4098,1,0
232-018290-A-0091,1.0,La Paz,Urbano,0,0,0,0.5705,0.4353,1,0
232-018290-A-0101,1.0,La Paz,Urbano,0,0,1,0.6706,0.52,1,1
232-018290-A-0121,1.0,La Paz,Urbano,0,0,0,0.3583,0.2988,0,0
232-018290-A-0131,2.0,La Paz,Urbano,0,0,0,0.5903,0.5161,1,1
232-018290-A-0151,1.0,La Paz,Urbano,0,0,0,0.7352,0.5221,1,1
232-018290-A-0161,1.0,La Paz,Urbano,1,0,0,0.5323,0.71,1,1
243-021468-A-0071,2.0,La Paz,Rural,0,1,0,0.535,0.3117,1,0
243-021468-A-0111,1.0,La Paz,Rural,1,1,0,0.5081,0.7208,1,1
243-021468-A-0151,3.0,La Paz,Rural,0,1,0,0.314,0.2811,0,0
243-021468-A-0191,1.0,La Paz,Rural,0,0,1,0.502,0.4023,1,0
243-021468-A-0221,1.0,La Paz,Rural,0,0,0,0.3112,0.2838,0,0
243-021468-A-0261,3.0,La Paz,Rural,1,0,0,0.408,0.5998,0,1
243-021468-A-0301,1.0,La Paz,Rural,0,0,1,0.5619,0.3838,1,0
243-021468-A-0341,3.0,La Paz,Rural,0,0,0,0.3866,0.3757,0,0
243-021468-A-0381,1.0,La Paz,Rural,0,0,0,0.5914,0.4577,1,0
243-021468-A-0421,1.0,La Paz,Rural,0,0,1,0.4208,0.4279,0,0
243-021468-A-0451,2.0,La Paz,Rural,0,0,0,0.3876,0.4376,0,0
222-020535-A-0021,1.0,La Paz,Urbano,1,0,0,0.4753,0.5924,0,1
222-020535-A-0041,1.0,La Paz,Urbano,0,1,0,0.4724,0.4424,0,0
222-020535-A-0121,1.0,La Paz,Urbano,0,1,0,0.4742,0.4121,0,0
222-020535-A-0151,1.0,La Paz,Urbano,0,0,1,0.7456,0.5343,1,1
222-020535-A-0201,3.0,La Paz,Urbano,0,0,1,0.3575,0.2812,0,0
222-020535-A-0071,1.0,La Paz,Urbano,0,0,1,0.5814,0.53,1,1
222-020535-A-0101,3.0,La Paz,Urbano,0,0,1,0.5186,0.3673,1,0
222-020535-A-0171,1.0,La Paz,Urbano,1,0,0,0.4011,0.2976,0,0
222-020535-A-0221,1.0,La Paz,Urbano,0,0,0,0.5088,0.4528,1,0
222-020535-A-0301,1.0,La Paz,Urbano,1,0,0,0.6179,0.6377,1,1
222-020535-A-0251,1.0,La Paz,Urbano,0,0,0,0.4648,0.3976,0,0
222-020535-A-0281,1.0,La Paz,Urbano,0,0,0,0.4952,0.4672,0,0
223-020589-A-0011,4.0,La Paz,Urbano,0,0,0,0.4912,0.5049,0,1
223-020589-A-0041,3.0,La Paz,Urbano,1,1,0,0.5256,0.5099,1,1
223-020589-A-0091,1.0,La Paz,Urbano,0,1,0,0.8312,0.7323,1,1
223-020589-A-0191,1.0,La Paz,Urbano,0,0,0,0.6186,0.4759,1,0
223-020589-A-0111,1.0,La Paz,Urbano,0,0,1,0.6005,0.4383,1,0
223-020589-A-0141,1.0,La Paz,Urbano,0,0,0,0.4472,0.4343,0,0
223-020589-A-0161,1.0,La Paz,Urbano,0,0,0,0.5364,0.4048,1,0
223-020589-A-0241,2.0,La Paz,Urbano,0,0,0,0.5056,0.4755,1,0
223-020589-A-0261,1.0,La Paz,Urbano,1,0,0,0.6611,0.7062,1,1
223-020589-A-0291,1.0,La Paz,Urbano,0,0,1,0.4998,0.4177,0,0
223-020589-A-0211,1.0,La Paz,Urbano,1,0,0,0.6655,0.7483,1,1
221-020468-A-0031,1.0,La Paz,Urbano,1,1,1,0.5487,0.6172,1,1
221-020468-A-0071,1.0,La Paz,Urbano,1,1,0,0.6651,0.5348,1,1
221-020468-A-0151,1.0,La Paz,Urbano,0,1,1,0.4703,0.3277,0,0
221-020468-A-0191,1.0,La Paz,Urbano,0,0,0,0.531,0.3855,1,0
221-020468-A-0221,1.0,La Paz,Urbano,0,0,0,0.5111,0.352,1,0
221-020468-A-0261,3.0,La Paz,Urbano,0,0,0,0.5797,0.5079,1,1
221-020468-A-0301,1.0,La Paz,Urbano,0,0,0,0.3977,0.3196,0,0
221-020468-A-0341,2.0,La Paz,Urbano,0,0,0,0.4692,0.4448,0,0
221-020468-A-0381,4.0,La Paz,Urbano,0,0,0,0.6457,0.5172,1,1
221-020468-A-0421,3.0,La Paz,Urbano,0,0,0,0.4844,0.3947,0,0
221-020468-A-0451,1.0,La Paz,Urbano,0,0,0,0.4544,0.31,0,0
253-029475-D-0011,1.0,La Paz,Rural,0,0,1,0.5267,0.3801,1,0
253-029475-D-0021,3.0,La Paz,Rural,0,0,1,0.5604,0.3709,1,0
253-029475-D-0031,1.0,La Paz,Rural,0,0,1,0.4893,0.3537,0,0
253-029475-D-0041,1.0,La Paz,Rural,0,0,1,0.549,0.4046,1,0
253-029475-D-0061,2.0,La Paz,Rural,0,0,0,0.5075,0.2845,1,0
253-029475-D-0071,3.0,La Paz,Rural,0,0,0,0.4358,0.3727,0,0
253-029475-D-0081,1.0,La Paz,Rural,0,0,0,0.5748,0.3771,1,0
253-029475-D-0091,1.0,La Paz,Rural,0,0,0,0.4966,0.29,0,0
253-029475-D-0111,1.0,La Paz,Rural,0,0,0,0.4135,0.2648,0,0
253-029475-D-0121,3.0,La Paz,Rural,0,0,1,0.4252,0.3145,0,0
253-029475-D-0131,1.0,La Paz,Rural,0,0,1,0.4258,0.2664,0,0
253-029475-D-0141,1.0,La Paz,Rural,0,0,1,0.4859,0.3881,0,0
252-029477-D-0021,1.0,La Paz,Rural,1,0,0,0.4143,0.5716,0,1
252-029477-D-0061,1.0,La Paz,Rural,0,0,1,0.6784,0.5273,1,1
252-029477-D-0101,1.0,La Paz,Rural,0,0,1,0.6087,0.4162,1,0
252-029477-D-0141,1.0,La Paz,Rural,0,0,1,0.48,0.3778,0,0
252-029477-D-0171,1.0,La Paz,Rural,0,1,1,0.4825,0.4325,0,0
252-029477-D-0211,1.0,La Paz,Rural,0,0,1,0.5798,0.4076,1,0
252-029477-D-0251,1.0,La Paz,Rural,0,0,0,0.5384,0.4225,1,0
252-029477-D-0291,1.0,La Paz,Rural,0,0,0,0.5989,0.4419,1,0
252-029477-D-0321,1.0,La Paz,Rural,0,0,1,0.3664,0.2458,0,0
252-029477-D-0361,1.0,La Paz,Rural,0,0,1,0.4772,0.2977,0,0
252-029477-D-0401,3.0,La Paz,Rural,0,0,1,0.3865,0.3137,0,0
252-029477-D-0441,3.0,La Paz,Rural,0,0,0,0.4309,0.2884,0,0
231-019706-A-0011,1.0,La Paz,Urbano,0,0,1,0.6234,0.5498,1,1
231-019706-A-0051,1.0,La Paz,Urbano,0,0,0,0.4193,0.2929,0,0
231-019706-A-0081,1.0,La Paz,Urbano,0,0,1,0.4961,0.5008,0,1
231-019706-A-0111,1.0,La Paz,Urbano,0,0,0,0.5255,0.4902,1,0
231-019706-A-0241,1.0,La Paz,Urbano,0,0,0,0.6599,0.4714,1,0
231-019706-A-0201,1.0,La Paz,Urbano,1,1,1,0.7968,0.7747,1,1
231-019706-A-0171,2.0,La Paz,Urbano,0,0,1,0.3997,0.3867,0,0
231-019706-A-0141,4.0,La Paz,Urbano,0,0,0,0.4849,0.4675,0,0
231-019706-A-0271,1.0,La Paz,Urbano,0,0,1,0.5915,0.418,1,0
231-019706-A-0301,1.0,La Paz,Urbano,0,0,0,0.72,0.5544,1,1
231-019706-A-0331,3.0,La Paz,Urbano,0,1,1,0.5742,0.4781,1,0
231-019706-A-0361,3.0,La Paz,Urbano,0,0,1,0.6329,0.3418,1,0
243-027698-D-0021,1.0,La Paz,Rural,1,0,1,0.5686,0.4316,1,0
243-027698-D-0061,1.0,La Paz,Rural,0,0,0,0.6213,0.3641,1,0
243-027698-D-0101,3.0,La Paz,Rural,1,0,1,0.3298,0.471,0,0
243-027698-D-0141,1.0,La Paz,Rural,1,0,1,0.4574,0.5843,0,1
243-027698-D-0211,2.0,La Paz,Rural,0,0,0,0.5888,0.3815,1,0
243-027698-D-0171,1.0,La Paz,Rural,0,0,0,0.6072,0.5022,1,1
243-027698-D-0251,2.0,La Paz,Rural,0,0,0,0.6603,0.5586,1,1
243-027698-D-0291,3.0,La Paz,Rural,0,0,0,0.4644,0.3553,0,0
243-027698-D-0331,1.0,La Paz,Rural,0,0,1,0.5056,0.3521,1,0
243-027698-D-0371,3.0,La Paz,Rural,0,0,1,0.4492,0.4849,0,0
243-027698-D-0411,1.0,La Paz,Rural,0,0,0,0.3369,0.285,0,0
243-027698-D-0451,1.0,La Paz,Rural,0,0,0,0.5128,0.3557,1,0
251-027754-D-0031,4.0,La Paz,Rural,0,1,1,0.4823,0.5388,0,1
251-027754-D-0071,2.0,La Paz,Rural,0,0,1,0.4179,0.3731,0,0
251-027754-D-0121,1.0,La Paz,Rural,0,0,1,0.5037,0.3203,1,0
251-027754-D-0161,1.0,La Paz,Rural,0,1,1,0.3943,0.3309,0,0
251-027754-D-0301,2.0,La Paz,Rural,0,0,0,0.6046,0.4237,1,0
251-027754-D-0211,1.0,La Paz,Rural,1,1,1,0.689,0.7275,1,1
251-027754-D-0251,1.0,La Paz,Rural,0,1,1,0.5051,0.3395,1,0
251-027754-D-0341,1.0,La Paz,Rural,1,0,0,0.5979,0.4757,1,0
251-027754-D-0391,1.0,La Paz,Rural,0,0,0,0.4399,0.3145,0,0
251-027754-D-0431,1.0,La Paz,Rural,0,0,0,0.4057,0.294,0,0
251-027754-D-0481,4.0,La Paz,Rural,0,0,0,0.4297,0.518,0,1
251-027754-D-0521,1.0,La Paz,Rural,0,1,1,0.5385,0.4164,1,0
251-027369-D-0011,1.0,La Paz,Rural,0,0,0,0.6565,0.4018,1,0
251-027369-D-0031,1.0,La Paz,Rural,0,0,1,0.5123,0.4056,1,0
251-027369-D-0051,1.0,La Paz,Rural,0,0,1,0.5223,0.411,1,0
251-027369-D-0071,1.0,La Paz,Rural,0,0,1,0.5102,0.476,1,0
251-027369-D-0161,1.0,La Paz,Rural,0,1,1,0.3176,0.2569,0,0
251-027369-D-0141,4.0,La Paz,Rural,0,0,0,0.463,0.3464,0,0
251-027369-D-0121,1.0,La Paz,Rural,0,0,0,0.5673,0.3525,1,0
251-027369-D-0091,1.0,La Paz,Rural,0,0,0,0.5439,0.3572,1,0
251-027369-D-0181,3.0,La Paz,Rural,0,0,0,0.3579,0.354,0,0
251-027369-D-0201,1.0,La Paz,Rural,0,0,1,0.3662,0.4436,0,0
251-027369-D-0221,1.0,La Paz,Rural,0,0,1,0.5745,0.4201,1,0
251-027369-D-0251,1.0,La Paz,Rural,0,0,0,0.5618,0.4337,1,0
242-023637-A-0011,1.0,La Paz,Rural,0,0,1,0.6787,0.4812,1,0
242-023637-A-0021,1.0,La Paz,Rural,0,0,1,0.5248,0.3826,1,0
242-023637-A-0031,1.0,La Paz,Rural,0,1,1,0.6787,0.5178,1,1
242-023637-A-0051,1.0,La Paz,Rural,0,1,1,0.6719,0.4122,1,0
242-023637-A-0101,1.0,La Paz,Rural,0,0,0,0.6736,0.3319,1,0
242-023637-A-0061,1.0,La Paz,Rural,0,0,0,0.6688,0.3783,1,0
242-023637-A-0071,1.0,La Paz,Rural,1,0,0,0.5686,0.6381,1,1
242-023637-A-0091,2.0,La Paz,Rural,0,1,1,0.5746,0.4119,1,0
242-023637-A-0131,3.0,La Paz,Rural,0,0,0,0.4621,0.3061,0,0
242-023637-A-0141,3.0,La Paz,Rural,0,0,0,0.3232,0.2905,0,0
242-023637-A-0151,4.0,La Paz,Rural,0,0,0,0.4252,0.3135,0,0
242-023637-A-0111,1.0,La Paz,Rural,0,0,0,0.757,0.6121,1,1
244-023633-A-0011,1.0,La Paz,Rural,0,0,1,0.5747,0.3826,1,0
244-023633-A-0021,1.0,La Paz,Rural,0,1,1,0.7011,0.4042,1,0
244-023633-A-0041,1.0,La Paz,Rural,0,0,1,0.6463,0.4082,1,0
244-023633-A-0051,1.0,La Paz,Rural,0,1,1,0.5349,0.4791,1,0
244-023633-A-0081,2.0,La Paz,Rural,0,0,0,0.4895,0.2899,0,0
244-023633-A-0101,3.0,La Paz,Rural,0,0,0,0.5039,0.3715,1,0
244-023633-A-0071,1.0,La Paz,Rural,0,0,0,0.5031,0.4251,1,0
244-023633-A-0111,1.0,La Paz,Rural,0,0,0,0.5926,0.4348,1,0
244-023633-A-0131,1.0,La Paz,Rural,0,0,0,0.4333,0.271,0,0
244-023633-A-0141,3.0,La Paz,Rural,0,0,0,0.5258,0.3322,1,0
244-023633-A-0161,3.0,La Paz,Rural,0,0,0,0.5679,0.3757,1,0
244-023633-A-0171,1.0,La Paz,Rural,0,0,0,0.4466,0.3863,0,0
251-028611-D-0011,2.0,La Paz,Rural,0,0,1,0.5771,0.4579,1,0
251-028611-D-0041,1.0,La Paz,Rural,1,0,1,0.7966,0.7314,1,1
251-028611-D-0061,4.0,La Paz,Rural,0,0,1,0.4305,0.4464,0,0
251-028611-D-0091,3.0,La Paz,Rural,0,0,0,0.6248,0.4357,1,0
251-028611-D-0111,5.0,La Paz,Rural,0,0,1,0.7046,0.4459,1,0
251-028611-D-0141,1.0,La Paz,Rural,0,0,0,0.4958,0.3804,0,0
251-028611-D-0191,1.0,La Paz,Rural,0,1,1,0.4998,0.3892,0,0
251-028611-D-0161,1.0,La Paz,Rural,1,1,1,0.6014,0.6604,1,1
251-028611-D-0211,1.0,La Paz,Rural,1,0,0,0.6682,0.5939,1,1
251-028611-D-0241,1.0,La Paz,Rural,0,0,0,0.4973,0.3234,0,0
251-028611-D-0261,3.0,La Paz,Rural,1,0,1,0.6409,0.7236,1,1
251-028611-D-0291,3.0,La Paz,Rural,0,0,1,0.4766,0.4537,0,0
242-028517-D-0011,1.0,La Paz,Rural,0,0,0,0.7068,0.4098,1,0
242-028517-D-0021,1.0,La Paz,Rural,1,0,0,0.7451,0.6697,1,1
242-028517-D-0031,1.0,La Paz,Rural,0,0,0,0.7127,0.4528,1,0
242-028517-D-0041,1.0,La Paz,Rural,0,0,0,0.6031,0.4494,1,0
242-028517-D-0061,3.0,La Paz,Rural,0,1,1,0.4703,0.2413,0,0
242-028517-D-0071,1.0,La Paz,Rural,1,0,1,0.7226,0.7054,1,1
242-028517-D-0081,1.0,La Paz,Rural,0,0,0,0.5633,0.3382,1,0
242-028517-D-0091,1.0,La Paz,Rural,0,1,1,0.617,0.4348,1,0
242-028517-D-0111,1.0,La Paz,Rural,0,0,0,0.5242,0.4008,1,0
242-028517-D-0121,1.0,La Paz,Rural,0,0,0,0.6604,0.445,1,0
242-028517-D-0131,1.0,La Paz,Rural,0,0,0,0.5225,0.3823,1,0
243-026331-D-0281,3.0,La Paz,Rural,0,0,0,0.4017,0.3907,0,0
243-026331-D-0121,3.0,La Paz,Rural,0,0,0,0.4086,0.3714,0,0
243-026331-D-0171,3.0,La Paz,Rural,0,0,0,0.5992,0.3826,1,0
243-026331-D-0011,3.0,La Paz,Rural,0,0,0,0.5025,0.394,1,0
243-026331-D-0141,1.0,La Paz,Rural,0,0,1,0.5588,0.4274,1,0
243-026331-D-0221,2.0,La Paz,Rural,0,0,0,0.682,0.5032,1,1
243-026331-D-0301,1.0,La Paz,Rural,1,0,1,0.5191,0.5084,1,1
243-026331-D-0041,1.0,La Paz,Rural,0,0,0,0.8382,0.6111,1,1
243-026331-D-0061,3.0,La Paz,Rural,0,0,0,0.5504,0.4329,1,0
243-026331-D-0091,1.0,La Paz,Rural,1,0,0,0.5952,0.6331,1,1
243-026331-D-0201,1.0,La Paz,Rural,0,0,0,0.672,0.5287,1,1
251-027184-D-0021,1.0,La Paz,Rural,0,0,0,0.4696,0.4013,0,0
251-027184-D-0041,1.0,La Paz,Rural,0,0,0,0.7085,0.4995,1,0
251-027184-D-0111,3.0,La Paz,Rural,0,0,0,0.4914,0.3943,0,0
251-027184-D-0141,1.0,La Paz,Rural,0,0,0,0.3467,0.2809,0,0
251-027184-D-0081,1.0,La Paz,Rural,0,0,1,0.5464,0.4155,1,0
251-027184-D-0131,1.0,La Paz,Rural,0,0,1,0.6152,0.3401,1,0
251-027184-D-0011,2.0,La Paz,Rural,0,0,0,0.6475,0.4337,1,0
251-027184-D-0071,1.0,La Paz,Rural,0,0,0,0.55,0.428,1,0
251-027184-D-0031,3.0,La Paz,Rural,0,0,1,0.4748,0.398,0,0
251-027184-D-0061,1.0,La Paz,Rural,1,0,1,0.6545,0.4075,1,0
251-027184-D-0091,3.0,La Paz,Rural,0,0,0,0.4086,0.2702,0,0
251-027184-D-0121,1.0,La Paz,Rural,0,0,0,0.6999,0.3948,1,0
232-019531-A-0121,1.0,La Paz,Urbano,0,1,1,0.6848,0.4134,1,0
232-019531-A-0171,1.0,La Paz,Urbano,1,0,1,0.5409,0.4743,1,0
232-019531-A-0191,1.0,La Paz,Urbano,1,0,1,0.7402,0.741,1,1
232-019531-A-0211,1.0,La Paz,Urbano,1,0,1,0.5406,0.6232,1,1
232-019531-A-0081,4.0,La Paz,Urbano,0,0,1,0.462,0.4497,0,0
232-019531-A-0101,2.0,La Paz,Urbano,0,0,0,0.5526,0.5352,1,1
232-019531-A-0141,1.0,La Paz,Urbano,0,0,0,0.6281,0.5734,1,1
232-019531-A-0161,1.0,La Paz,Urbano,0,0,0,0.4761,0.41,0,0
232-019531-A-0011,3.0,La Paz,Urbano,0,0,1,0.4755,0.3546,0,0
232-019531-A-0031,2.0,La Paz,Urbano,0,0,0,0.7623,0.5085,1,1
232-019531-A-0051,1.0,La Paz,Urbano,1,0,1,0.5115,0.6119,1,1
251-027234-D-0171,1.0,La Paz,Rural,1,0,1,0.5328,0.635,1,1
251-027234-D-0181,1.0,La Paz,Rural,0,0,0,0.5584,0.5549,1,1
251-027234-D-0151,1.0,La Paz,Rural,0,0,0,0.6952,0.4234,1,0
251-027234-D-0101,1.0,La Paz,Rural,0,0,0,0.4656,0.2925,0,0
251-027234-D-0121,1.0,La Paz,Rural,0,0,0,0.6496,0.4887,1,0
251-027234-D-0011,4.0,La Paz,Rural,0,0,1,0.6035,0.4014,1,0
251-027234-D-0021,1.0,La Paz,Rural,0,0,0,0.6969,0.543,1,1
251-027234-D-0061,1.0,La Paz,Rural,0,0,0,0.6114,0.4281,1,0
251-027234-D-0071,1.0,La Paz,Rural,0,0,1,0.722,0.4784,1,0
251-027234-D-0091,2.0,La Paz,Rural,0,0,0,0.7027,0.5563,1,1
251-027234-D-0041,1.0,La Paz,Rural,0,0,0,0.7222,0.3715,1,0
252-029035-D-0011,4.0,La Paz,Rural,0,0,0,0.5976,0.6479,1,1
252-029035-D-0021,1.0,La Paz,Rural,0,0,1,0.6039,0.4505,1,0
252-029035-D-0031,1.0,La Paz,Rural,0,0,1,0.6835,0.4845,1,0
252-029035-D-0041,2.0,La Paz,Rural,0,1,1,0.7092,0.4048,1,0
252-029035-D-0051,1.0,La Paz,Rural,0,0,1,0.5825,0.3138,1,0
252-029035-D-0061,1.0,La Paz,Rural,0,0,1,0.5402,0.3683,1,0
252-029035-D-0071,1.0,La Paz,Rural,0,0,1,0.5757,0.5196,1,1
252-029035-D-0081,1.0,La Paz,Rural,1,0,1,0.6,0.6699,1,1
252-029035-D-0101,1.0,La Paz,Rural,0,0,1,0.6886,0.469,1,0
252-029035-D-0111,1.0,La Paz,Rural,0,0,0,0.5396,0.4057,1,0
252-029035-D-0121,1.0,La Paz,Rural,0,0,0,0.6855,0.4415,1,0
241-028286-D-0011,3.0,La Paz,Rural,0,1,0,0.6208,0.3687,1,0
241-028286-D-0021,3.0,La Paz,Rural,1,0,1,0.4792,0.6482,0,1
241-028286-D-0031,3.0,La Paz,Rural,1,0,1,0.653,0.6783,1,1
241-028286-D-0051,1.0,La Paz,Rural,0,0,1,0.7831,0.3956,1,0
241-028286-D-0121,1.0,La Paz,Rural,1,0,0,0.5879,0.4239,1,0
241-028286-D-0131,1.0,La Paz,Rural,1,0,0,0.6606,0.6255,1,1
241-028286-D-0151,1.0,La Paz,Rural,0,0,0,0.6024,0.4082,1,0
241-028286-D-0161,1.0,La Paz,Rural,0,1,0,0.5364,0.4064,1,0
241-028286-D-0061,1.0,La Paz,Rural,0,0,0,0.4169,0.52,0,1
241-028286-D-0091,1.0,La Paz,Rural,0,0,1,0.4655,0.4094,0,0
241-028286-D-0081,1.0,La Paz,Rural,0,0,0,0.6008,0.5528,1,1
241-028286-D-0101,1.0,La Paz,Rural,0,0,0,0.5365,0.4039,1,0
241-022075-A-0021,1.0,La Paz,Rural,1,0,1,0.7409,0.7387,1,1
241-022075-A-0011,3.0,La Paz,Rural,0,0,0,0.3413,0.3248,0,0
241-022075-A-0031,3.0,La Paz,Rural,0,0,1,0.4677,0.4239,0,0
241-022075-A-0051,3.0,La Paz,Rural,0,0,0,0.4243,0.4261,0,0
241-022075-A-0111,1.0,La Paz,Rural,1,0,1,0.5402,0.6094,1,1
241-022075-A-0131,3.0,La Paz,Rural,1,1,1,0.4342,0.6641,0,1
241-022075-A-0141,1.0,La Paz,Rural,0,0,0,0.4949,0.311,0,0
241-022075-A-0151,1.0,La Paz,Rural,0,0,0,0.6377,0.352,1,0
241-022075-A-0101,1.0,La Paz,Rural,0,0,0,0.6147,0.4083,1,0
241-022075-A-0071,6.0,La Paz,Rural,1,1,1,0.4882,0.651,0,1
241-022075-A-0061,2.0,La Paz,Rural,0,0,1,0.6182,0.4426,1,0
241-022075-A-0091,1.0,La Paz,Rural,0,0,1,0.6618,0.4387,1,0
251-028378-D-0211,4.0,La Paz,Rural,1,0,0,0.6502,0.6427,1,1
251-028378-D-0241,1.0,La Paz,Rural,0,0,0,0.7345,0.5807,1,1
251-028378-D-0261,1.0,La Paz,Rural,0,0,0,0.6051,0.4466,1,0
251-028378-D-0291,3.0,La Paz,Rural,1,0,0,0.3391,0.5873,0,1
251-028378-D-0011,1.0,La Paz,Rural,1,1,1,0.6976,0.6716,1,1
251-028378-D-0041,1.0,La Paz,Rural,0,0,1,0.6555,0.411,1,0
251-028378-D-0061,1.0,La Paz,Rural,0,0,1,0.6155,0.4758,1,0
251-028378-D-0091,1.0,La Paz,Rural,0,0,1,0.6709,0.5377,1,1
251-028378-D-0191,3.0,La Paz,Rural,0,0,0,0.5133,0.3237,1,0
251-028378-D-0141,1.0,La Paz,Rural,0,0,0,0.4536,0.3667,0,0
251-028378-D-0111,2.0,La Paz,Rural,0,0,0,0.5691,0.4693,1,0
232-020392-A-0061,3.0,La Paz,Urbano,0,0,1,0.7577,0.5421,1,1
232-020392-A-0081,3.0,La Paz,Urbano,0,0,1,0.5802,0.3137,1,0
232-020392-A-0091,1.0,La Paz,Urbano,0,0,1,0.7518,0.5498,1,1
232-020392-A-0101,1.0,La Paz,Urbano,0,0,1,0.701,0.4972,1,0
232-020392-A-0011,1.0,La Paz,Urbano,1,0,0,0.8151,0.8192,1,1
232-020392-A-0021,1.0,La Paz,Urbano,0,0,0,0.7588,0.701,1,1
232-020392-A-0031,1.0,La Paz,Urbano,0,0,0,0.5631,0.6128,1,1
232-020392-A-0051,1.0,La Paz,Urbano,0,0,0,0.7851,0.658,1,1
232-020392-A-0121,1.0,La Paz,Urbano,1,1,0,0.6257,0.7137,1,1
232-020392-A-0131,3.0,La Paz,Urbano,0,0,0,0.6132,0.3383,1,0
232-020392-A-0151,3.0,La Paz,Urbano,0,0,0,0.5197,0.4415,1,0
232-020392-A-0161,3.0,La Paz,Urbano,0,0,0,0.742,0.4497,1,0
252-024102-D-0061,1.0,La Paz,Rural,0,0,0,0.5823,0.3956,1,0
252-024102-D-0051,1.0,La Paz,Rural,0,0,0,0.5161,0.3524,1,0
252-024102-D-0031,1.0,La Paz,Rural,0,0,1,0.5586,0.394,1,0
252-024102-D-0011,3.0,La Paz,Rural,0,0,0,0.3364,0.412,0,0
252-024102-D-0161,1.0,La Paz,Rural,0,0,0,0.6149,0.4741,1,0
252-024102-D-0171,1.0,La Paz,Rural,0,0,0,0.7125,0.4928,1,0
252-024102-D-0191,1.0,La Paz,Rural,0,0,0,0.7253,0.5527,1,1
252-024102-D-0211,1.0,La Paz,Rural,0,0,0,0.7004,0.5249,1,1
252-024102-D-0081,1.0,La Paz,Rural,0,0,0,0.7477,0.5441,1,1
252-024102-D-0101,4.0,La Paz,Rural,0,0,0,0.5392,0.3512,1,0
252-024102-D-0121,3.0,La Paz,Rural,0,0,0,0.5906,0.3504,1,0
252-024102-D-0141,1.0,La Paz,Rural,1,0,1,0.6902,0.3806,1,0
244-021740-A-0161,1.0,La Paz,Rural,0,0,0,0.4,0.3342,0,0
244-021740-A-0081,1.0,La Paz,Rural,0,0,0,0.4164,0.3323,0,0
244-021740-A-0061,3.0,La Paz,Rural,0,0,0,0.3137,0.3522,0,0
244-021740-A-0151,1.0,La Paz,Rural,0,0,0,0.589,0.3106,1,0
244-021740-A-0121,2.0,La Paz,Rural,0,0,1,0.6552,0.4028,1,0
244-021740-A-0101,2.0,La Paz,Rural,0,0,0,0.4734,0.325,0,0
244-021740-A-0091,1.0,La Paz,Rural,0,0,0,0.4573,0.3326,0,0
244-021740-A-0131,1.0,La Paz,Rural,0,0,0,0.5055,0.3036,1,0
244-021740-A-0011,1.0,La Paz,Rural,0,0,1,0.7295,0.6776,1,1
244-021740-A-0021,1.0,La Paz,Rural,0,0,0,0.357,0.3312,0,0
244-021740-A-0031,3.0,La Paz,Rural,0,0,0,0.4353,0.3236,0,0
244-021740-A-0051,1.0,La Paz,Rural,0,0,0,0.4866,0.3154,0,0
251-025668-D-0011,1.0,La Paz,Rural,1,0,0,0.7234,0.6893,1,1
251-025668-D-0181,1.0,La Paz,Rural,0,0,0,0.6372,0.4635,1,0
251-025668-D-0171,1.0,La Paz,Rural,0,0,0,0.4855,0.3728,0,0
251-025668-D-0061,1.0,La Paz,Rural,0,0,0,0.613,0.4225,1,0
251-025668-D-0131,1.0,La Paz,Rural,0,0,0,0.4215,0.3131,0,0
251-025668-D-0151,1.0,La Paz,Rural,0,0,0,0.6481,0.4741,1,0
251-025668-D-0071,1.0,La Paz,Rural,0,0,0,0.6034,0.377,1,0
251-025668-D-0101,1.0,La Paz,Rural,1,0,0,0.595,0.6236,1,1
251-025668-D-0041,1.0,La Paz,Rural,1,0,0,0.5278,0.4175,1,0
251-025668-D-0021,1.0,La Paz,Rural,1,0,0,0.6648,0.6575,1,1
251-025668-D-0091,1.0,La Paz,Rural,0,0,0,0.3111,0.3341,0,0
251-025668-D-0121,1.0,La Paz,Rural,0,0,0,0.6245,0.4657,1,0
251-025195-D-0261,1.0,La Paz,Rural,0,0,0,0.5294,0.3848,1,0
251-025195-D-0201,1.0,La Paz,Rural,1,0,0,0.7185,0.6869,1,1
251-025195-D-0091,1.0,La Paz,Rural,0,0,0,0.5075,0.413,1,0
251-025195-D-0061,1.0,La Paz,Rural,0,0,0,0.4588,0.3792,0,0
251-025195-D-0031,1.0,La Paz,Rural,0,0,0,0.6869,0.5439,1,1
251-025195-D-0231,1.0,La Paz,Rural,0,0,0,0.4349,0.4544,0,0
251-025195-D-0321,3.0,La Paz,Rural,0,0,0,0.7227,0.4429,1,0
251-025195-D-0151,1.0,La Paz,Rural,0,0,0,0.8323,0.4437,1,0
251-025195-D-0011,1.0,La Paz,Rural,0,0,0,0.4815,0.3893,0,0
251-025195-D-0121,1.0,La Paz,Rural,1,0,0,0.7168,0.7168,1,1
251-025195-D-0181,4.0,La Paz,Rural,1,0,1,0.4839,0.6221,0,1
251-025195-D-0291,1.0,La Paz,Rural,1,0,0,0.4542,0.6127,0,1
244-021195-A-0091,1.0,La Paz,Rural,1,0,0,0.6895,0.7194,1,1
244-021195-A-0041,1.0,La Paz,Rural,0,0,1,0.4055,0.3931,0,0
244-021195-A-0121,1.0,La Paz,Rural,0,0,1,0.4739,0.3132,0,0
244-021195-A-0151,2.0,La Paz,Rural,0,0,0,0.6554,0.4622,1,0
244-021195-A-0011,1.0,La Paz,Rural,0,0,0,0.484,0.3189,0,0
244-021195-A-0021,2.0,La Paz,Rural,0,0,0,0.4235,0.4186,0,0
244-021195-A-0101,4.0,La Paz,Rural,0,0,0,0.5129,0.3135,1,0
244-021195-A-0171,3.0,La Paz,Rural,0,0,0,0.4208,0.2908,0,0
244-021195-A-0181,1.0,La Paz,Rural,1,0,0,0.4365,0.585,0,1
244-021195-A-0071,3.0,La Paz,Rural,0,0,1,0.5283,0.3616,1,0
244-021195-A-0131,1.0,La Paz,Rural,1,0,0,0.4418,0.6467,0,1
233-020399-A-0011,2.0,La Paz,Urbano,0,1,1,0.4859,0.2006,0,0
233-020399-A-0031,1.0,La Paz,Urbano,0,0,0,0.4598,0.2941,0,0
233-020399-A-0021,1.0,La Paz,Urbano,0,0,1,0.6622,0.587,1,1
233-020399-A-0051,1.0,La Paz,Urbano,0,0,1,0.566,0.4808,1,0
233-020399-A-0091,1.0,La Paz,Urbano,0,0,0,0.762,0.7073,1,1
233-020399-A-0101,1.0,La Paz,Urbano,0,0,0,0.7604,0.7616,1,1
233-020399-A-0061,1.0,La Paz,Urbano,0,0,0,0.4368,0.4272,0,0
233-020399-A-0111,1.0,La Paz,Urbano,0,1,1,0.6176,0.345,1,0
233-020399-A-0131,1.0,La Paz,Urbano,1,0,1,0.7752,0.6964,1,1
233-020399-A-0141,1.0,La Paz,Urbano,1,0,0,0.7331,0.7707,1,1
233-020399-A-0151,2.0,La Paz,Urbano,0,0,0,0.5798,0.3847,1,0
242-024601-D-0011,1.0,La Paz,Rural,1,0,1,0.5349,0.528,1,1
242-024601-D-0031,1.0,La Paz,Rural,1,0,0,0.6589,0.5027,1,1
242-024601-D-0061,3.0,La Paz,Rural,1,0,1,0.4478,0.6032,0,1
242-024601-D-0091,1.0,La Paz,Rural,1,0,0,0.5133,0.4635,1,0
242-024601-D-0231,1.0,La Paz,Rural,0,0,0,0.514,0.3662,1,0
242-024601-D-0291,3.0,La Paz,Rural,0,0,0,0.4804,0.4065,0,0
242-024601-D-0261,1.0,La Paz,Rural,1,0,0,0.6982,0.5379,1,1
242-024601-D-0321,1.0,La Paz,Rural,0,0,0,0.6072,0.3747,1,0
242-024601-D-0121,1.0,La Paz,Rural,1,0,0,0.7628,0.7387,1,1
242-024601-D-0151,1.0,La Paz,Rural,1,1,1,0.67,0.7035,1,1
242-024601-D-0181,1.0,La Paz,Rural,1,0,0,0.7158,0.6432,1,1
242-024601-D-0201,1.0,La Paz,Rural,1,0,1,0.7641,0.6867,1,1
312-001040-A-0161,3.0,Cochabamba,Urbano,0,0,0,0.35,0.2889,0,0
312-001040-A-0211,1.0,Cochabamba,Urbano,0,1,1,0.77,0.5019,1,1
312-001040-A-0131,1.0,Cochabamba,Urbano,0,0,1,0.7618,0.575,1,1
312-001040-A-0181,1.0,Cochabamba,Urbano,0,0,1,0.7693,0.4402,1,0
312-001040-A-0021,3.0,Cochabamba,Urbano,0,1,0,0.4481,0.2188,0,0
312-001040-A-0051,1.0,Cochabamba,Urbano,0,0,0,0.5814,0.4373,1,0
312-001040-A-0101,3.0,Cochabamba,Urbano,0,1,0,0.4237,0.3306,0,0
312-001040-A-0071,1.0,Cochabamba,Urbano,0,0,0,0.5139,0.3121,1,0
312-001040-A-0271,1.0,Cochabamba,Urbano,0,0,1,0.4462,0.2386,0,0
312-001040-A-0241,1.0,Cochabamba,Urbano,0,1,1,0.5248,0.4365,1,0
312-001040-A-0321,4.0,Cochabamba,Urbano,0,1,1,0.4863,0.306,0,0
312-001040-A-0291,2.0,Cochabamba,Urbano,0,0,1,0.3945,0.2338,0,0
514-001418-A-0231,3.0,Potosí,Urbano,0,0,1,0.5618,0.3757,1,0
514-001418-A-0161,3.0,Potosí,Urbano,0,0,0,0.3706,0.2787,0,0
514-001418-A-0041,3.0,Potosí,Urbano,0,0,0,0.4105,0.4169,0,0
514-001418-A-0011,1.0,Potosí,Urbano,0,0,1,0.2995,0.2592,0,0
514-001418-A-0321,1.0,Potosí,Urbano,0,0,0,0.2771,0.1863,0,0
514-001418-A-0351,1.0,Potosí,Urbano,0,0,1,0.728,0.4677,1,0
514-001460-A-0011,3.0,Potosí,Urbano,0,0,1,0.2942,0.1757,0,0
514-001460-A-0041,4.0,Potosí,Urbano,0,0,1,0.4024,0.1786,0,0
514-001460-A-0061,3.0,Potosí,Urbano,0,0,0,0.4848,0.2261,0,0
514-001460-A-0091,1.0,Potosí,Urbano,0,0,1,0.3889,0.281,0,0
514-001460-A-0121,2.0,Potosí,Urbano,0,0,1,0.4328,0.3183,0,0
514-001460-A-0141,5.0,Potosí,Urbano,0,0,1,0.5335,0.323,1,0
